<?xml version="1.0" encoding="utf-8"?>
<COLLADA xmlns="http://www.collada.org/2005/11/COLLADASchema" version="1.4.1" xmlns:xsi="http://www.w3.org/2001/XMLSchema-instance">
  <asset>
    <contributor>
      <author>Blender User</author>
      <authoring_tool>Blender 2.79.0 commit date:2017-09-11, commit time:10:43, hash:5bd8ac9</authoring_tool>
    </contributor>
    <created>2020-01-17T22:52:31</created>
    <modified>2020-01-17T22:52:31</modified>
    <unit name="centimeter" meter="0.01"/>
    <up_axis>Z_UP</up_axis>
  </asset>
  <library_images>
    <image id="fat_texture_png" name="fat_texture_png">
      <init_from>/E:/Users/Shane%20Jones/Desktop/fat_texture.jpg</init_from>
    </image>
  </library_images>
  <library_effects>
    <effect id="Material-effect">
      <profile_COMMON>
        <newparam sid="fat_texture_png-surface">
          <surface type="2D">
            <init_from>fat_texture_png</init_from>
          </surface>
        </newparam>
        <newparam sid="fat_texture_png-sampler">
          <sampler2D>
            <source>fat_texture_png-surface</source>
          </sampler2D>
        </newparam>
        <technique sid="common">
          <phong>
            <emission>
              <color sid="emission">0 0 0 1</color>
            </emission>
            <ambient>
              <color sid="ambient">0 0 0 1</color>
            </ambient>
            <diffuse>
              <texture texture="fat_texture_png-sampler"/>
            </diffuse>
            <specular>
              <color sid="specular">0.5 0.5 0.5 1</color>
            </specular>
            <shininess>
              <float sid="shininess">50</float>
            </shininess>
            <index_of_refraction>
              <float sid="index_of_refraction">1</float>
            </index_of_refraction>
          </phong>
        </technique>
      </profile_COMMON>
    </effect>
  </library_effects>
  <library_materials>
    <material id="Material-material" name="Material">
      <instance_effect url="#Material-effect"/>
    </material>
  </library_materials>
  <library_geometries>
    <geometry id="Roundcube-mesh" name="Roundcube">
      <mesh>
        <source id="Roundcube-mesh-positions">
          <float_array id="Roundcube-mesh-positions-array" count="5322">-15.39537 14.07618 5.84635 -16.76185 -3.872223 17.37496 -15.39537 22.2421 13.71563 -16.99026 6.967203 28.40914 -10.45223 20.70888 1.912273 -10.50303 28.36233 8.810346 -10.13625 9.239697 1.82868 -10.7572 -8.513772 8.33341 -3.585955 30.5649 20.15948 -4.047468 17.922 36.46399 -15.73598 -10.57312 29.56455 -13.71999 -2.227665 39.62147 -13.74831 -12.14227 36.17266 -3.493085 -20.5169 26.4494 -3.131868 -20.74272 32.90654 -8.859178 4.591799 42.87631 -12.47008 -12.91344 42.21923 -10.40855 -13.96581 14.18268 -9.915484 -16.56282 19.80504 -3.628881 11.49435 41.51456 -15.89784 1.227319 34.569 -14.91144 -11.13838 20.56056 -4.020905 24.59492 29.08695 -10.77861 -0.7477622 3.696258 -17.19054 14.56984 21.60706 -16.8975 4.315318 11.4222 -9.182507 -18.77979 48.41111 -11.30994 -5.888611 51.22483 -7.978754 1.599095 47.45613 -12.04931 -4.378228 45.05692 -8.972921 -18.90711 41.35618 -10.37905 -13.45001 55.948 -1.762268 -21.93724 40.87783 -2.254726 -20.89178 36.85746 -6.220167 -3.393576 56.87053 -1.83045 -22.25343 48.42771 -7.332528 -0.8237399 52.79505 -12.21162 -13.22174 49.27737 -2.265155 -6.690073 60.35741 -2.398937 -13.95845 61.45134 -7.824306 -18.24258 54.89892 -9.806901 -7.215149 56.48435 -1.641306 -21.24769 55.22372 -5.178508 -18.65591 58.23875 -1.774003 -19.46451 59.28412 -4.825387 -20.26614 54.77529 -6.945308 -13.70048 60.2132 -6.583202 -7.335803 59.5656 -2.591639 1.232992 53.33164 -5.370387 -21.32597 48.45873 -2.152093 -1.89113 57.24792 -6.464941 -19.6604 37.8374 -5.193618 -21.23265 41.51891 -2.857954 4.067033 48.68418 -3.794763 -1.779627 1.725753 -11.2978 22.4849 27.25968 -10.16965 9.213232 39.25645 -3.47475 -18.75151 19.42361 -3.575907 -15.42013 12.8782 -3.165503 7.264631 44.68416 -8.853869 -18.71062 34.03648 -9.871992 -17.98865 27.10739 -11.29396 15.85513 34.08975 -10.20241 27.86746 19.40395 -3.739109 -9.689634 6.331504 -3.51979 8.857582 0.3449453 -3.714018 32.16537 8.428125 -3.663227 22.99283 0.9018986 15.39537 14.07618 5.84635 16.76185 -3.872223 17.37496 15.39537 22.2421 13.71563 16.99026 6.967202 28.40914 10.45223 20.70887 1.912273 10.50302 28.36233 8.810346 10.13625 9.239697 1.82868 10.7572 -8.513772 8.33341 3.585955 30.5649 20.15948 4.047468 17.922 36.46399 15.73598 -10.57312 29.56455 13.71998 -2.227665 39.62147 13.74831 -12.14227 36.17266 3.493085 -20.5169 26.4494 3.131868 -20.74272 32.90654 8.859178 4.591799 42.87631 12.47008 -12.91344 42.21923 10.40855 -13.96581 14.18268 9.915483 -16.56281 19.80504 3.628881 11.49435 41.51456 15.89784 1.227319 34.56899 14.91145 -11.13838 20.56057 4.020905 24.59492 29.08695 10.77861 -0.7477622 3.696258 17.19054 14.56984 21.60706 16.8975 4.315318 11.4222 9.182508 -18.77979 48.41111 11.30994 -5.888611 51.22484 7.978754 1.599095 47.45613 12.04931 -4.378228 45.05692 8.972921 -18.90711 41.35618 10.37905 -13.45001 55.948 1.762268 -21.93724 40.87783 2.254726 -20.89178 36.85746 6.220167 -3.393576 56.87052 1.83045 -22.25343 48.42771 7.332527 -0.8237399 52.79505 12.21162 -13.22174 49.27737 2.265155 -6.690073 60.35741 2.398937 -13.95845 61.45134 7.824307 -18.24258 54.89892 9.806901 -7.215149 56.48436 1.641306 -21.24769 55.22372 5.178508 -18.65591 58.23875 1.774003 -19.46451 59.28412 4.825387 -20.26614 54.7753 6.945308 -13.70048 60.2132 6.583202 -7.335802 59.5656 2.591639 1.232992 53.33164 5.370387 -21.32597 48.45873 2.152093 -1.89113 57.24792 6.464941 -19.6604 37.8374 5.193618 -21.23265 41.51891 2.857954 4.067033 48.68418 3.794763 -1.779627 1.725753 11.2978 22.4849 27.25968 10.16965 9.213232 39.25645 3.47475 -18.75151 19.42361 3.575907 -15.42013 12.8782 3.165503 7.264631 44.68416 8.853869 -18.71062 34.03648 9.871992 -17.98865 27.10739 11.29396 15.85513 34.08975 10.20241 27.86746 19.40395 3.739109 -9.689634 6.331504 3.51979 8.857583 0.3449453 3.714018 32.16537 8.428125 3.663227 22.99283 0.9018985 -16.75284 18.46569 18.01769 -16.6281 3.708701 31.73363 -18.18179 0.6446731 23.77322 -16.47659 18.36411 9.2338 0 8.838314 0.1917823 -16.38903 -7.499252 19.95507 0 23.4156 0.7685024 0 18.12414 36.68819 -3.701706 -13.0616 9.753288 -13.2636 25.6305 10.16011 -3.757245 2.895341 0.8627843 -3.889631 14.34179 39.5051 -14.31755 12.80186 31.70668 -13.89785 -6.83965 11.47487 0 -1.845677 1.570196 0 32.86512 8.360457 -16.67958 9.038814 8.835561 -13.25091 18.3315 3.267584 -3.386938 15.69433 0.3115463 0 30.93745 20.20759 -3.845695 27.45058 24.94502 -13.01591 25.48495 17.65222 -12.99936 10.62061 3.421803 -3.466968 32.58684 14.67296 -3.916355 29.05064 3.234569 -14.89339 -7.262408 37.80916 -11.37255 -16.18557 34.86433 -15.02824 -11.47116 33.10196 -14.89622 -0.6828386 37.12751 0 -20.76272 26.31522 -12.7809 -15.11645 27.91649 -3.513754 -19.93263 22.96453 -11.33846 2.033293 41.38529 -2.757228 -20.74997 35.39441 -12.64574 -12.61388 39.10298 0 -20.87581 32.63538 0 7.747407 44.91078 -3.377528 -20.71628 29.79211 -10.01749 -15.54192 16.82991 0 -15.52197 12.79828 -10.90232 -16.53186 41.31496 -12.64746 -14.31708 20.18078 -13.16264 -12.63363 16.34948 -12.67055 -3.446386 42.21117 0 -18.95623 19.41976 -3.01303 5.590894 46.52215 -3.356933 9.1964 43.05378 -13.05764 6.43456 37.2093 0 11.85272 41.76834 -17.26552 -4.933553 31.84944 -15.74066 -10.20867 25.42818 -18.43566 8.960604 17.00169 0 24.738 29.23342 -14.39898 19.59421 25.07937 -13.90288 0.9678909 6.457439 0 -9.763831 6.211622 -4.094018 21.56353 32.84127 -10.66909 -4.773103 5.491119 -17.12938 10.69139 24.9241 -16.70598 -0.01484847 14.10307 -1.8163 -22.43448 44.30018 -12.54937 -13.09729 45.58837 -7.178161 -20.32614 48.44017 -12.44944 -9.519235 50.21453 -11.6609 -5.150025 48.08578 -2.713187 2.634061 51.00807 -13.05836 -8.659641 43.61716 0 -20.98059 36.63508 0 4.459949 48.82894 -10.12782 -0.7362887 46.38706 0 -22.0036 40.73292 -9.301564 -19.02551 44.61171 -5.418705 -20.50865 39.27531 -6.972984 -20.36533 41.65385 -8.069681 -18.94521 38.98469 -6.346505 -19.39597 54.62492 -1.780268 -21.7419 52.36677 -11.48035 -13.32619 52.86949 0 -21.37418 55.26665 -8.074841 -4.891114 56.56763 -10.76806 -6.581236 54.13679 -2.426783 -0.240598 55.47241 -8.671505 -18.43161 52.06873 -9.401507 -2.825052 52.14083 -10.9911 -16.48048 48.61052 0 -22.35387 48.40554 0 1.526263 53.33827 0 -19.60743 59.34513 -1.582804 -20.55911 57.39675 -8.877462 -13.57938 58.42515 0 -6.609161 60.24539 -2.519935 -10.03714 61.3892 -8.415574 -7.547592 58.28735 -2.015555 -3.960367 58.82172 -6.65521 -18.29119 56.94212 0 -1.682052 57.23026 -9.191066 -16.39695 55.40429 -10.78532 -10.14251 56.36354 0 -14.02896 61.34865 -2.08826 -17.43919 60.69818 -10.7635 -11.67595 11.47873 -10.72219 3.832941 2.593789 -10.87092 12.32158 37.05637 -9.789892 15.01688 1.551364 -10.8839 25.27236 23.55566 -9.869925 29.24064 14.56777 -11.04828 25.44694 3.976802 -9.925867 -17.29092 23.20017 -7.790578 -18.96778 36.36962 -9.574459 -18.51042 30.92129 -3.465619 -17.17889 16.00279 -8.404027 2.980782 44.9228 -9.421841 6.609998 41.06982 -11.43689 19.38564 30.70729 -3.749624 -5.772795 3.394957 -5.330554 -21.58692 44.57708 -7.61203 0.3598753 50.17924 -1.848396 -21.25769 38.33787 -5.229779 -20.77673 52.18457 -6.936491 -2.044105 55.095 -4.645527 -19.61795 56.65274 -7.293481 -10.19107 60.31838 -5.872691 -5.086143 58.30095 -6.064908 -16.85757 59.45251 -3.51213 -19.11944 58.96176 -3.25798 -20.87581 55.06868 -4.734999 -13.82345 61.24448 -4.477245 -6.932418 60.27148 -5.07268 0.4255372 53.19086 -3.630659 -21.92112 48.45763 -4.245158 -2.475819 57.17123 -4.434643 -20.49512 37.32481 -3.50124 -21.69474 41.18302 -5.567131 3.057132 48.23241 -7.438108 -1.455611 2.373935 -7.850581 23.92434 28.48365 -7.078514 10.56571 40.69626 -6.822309 -17.99962 19.52282 -7.072021 -14.95472 13.28424 -6.171673 6.113646 44.00558 -6.128303 -20.10161 33.46019 -6.834353 -19.63903 26.74808 -7.882826 17.20313 35.64624 -7.033047 29.51799 19.92248 -7.363185 -9.321471 6.951862 -6.933799 8.972379 0.869042 -7.26828 30.51486 8.591347 -7.192092 21.99906 1.287888 16.75284 18.46569 18.01769 16.6281 3.708701 31.73363 18.18179 0.6446729 23.77322 16.47659 18.36411 9.2338 16.38903 -7.499253 19.95507 3.701706 -13.06159 9.753288 13.26361 25.6305 10.16011 3.757245 2.895341 0.8627843 3.889631 14.34179 39.5051 14.31755 12.80186 31.70668 13.89785 -6.83965 11.47487 16.67958 9.038814 8.835561 13.25091 18.3315 3.267584 3.386938 15.69433 0.3115463 3.845695 27.45058 24.94502 13.01591 25.48495 17.65222 12.99936 10.62061 3.421803 3.466968 32.58685 14.67296 3.916355 29.05064 3.234569 14.89338 -7.262408 37.80916 11.37255 -16.18557 34.86433 15.02824 -11.47116 33.10196 14.89622 -0.6828386 37.12751 12.7809 -15.11645 27.91649 3.513754 -19.93263 22.96453 11.33846 2.033293 41.38529 2.757228 -20.74997 35.39441 12.64574 -12.61388 39.10298 3.377528 -20.71628 29.79211 10.01749 -15.54192 16.82991 10.90232 -16.53186 41.31496 12.64746 -14.31708 20.18078 13.16264 -12.63363 16.34948 12.67055 -3.446386 42.21117 3.01303 5.590894 46.52215 3.356933 9.196399 43.05378 13.05764 6.43456 37.2093 17.26552 -4.933553 31.84943 15.74066 -10.20867 25.42818 18.43566 8.960604 17.00169 14.39898 19.59421 25.07937 13.90288 0.9678909 6.457439 4.094018 21.56353 32.84127 10.66909 -4.773103 5.491119 17.12938 10.69139 24.9241 16.70598 -0.01484847 14.10307 1.8163 -22.43448 44.30018 12.54937 -13.09729 45.58837 7.178161 -20.32614 48.44018 12.44944 -9.519235 50.21453 11.6609 -5.150025 48.08578 2.713187 2.634061 51.00807 13.05836 -8.659641 43.61716 10.12782 -0.7362887 46.38706 9.301564 -19.02551 44.61171 5.418705 -20.50865 39.27531 6.972984 -20.36533 41.65385 8.069681 -18.94521 38.98469 6.346505 -19.39597 54.62492 1.780268 -21.7419 52.36677 11.48035 -13.32619 52.86949 8.074841 -4.891114 56.56763 10.76806 -6.581236 54.13679 2.426783 -0.240598 55.47241 8.671505 -18.43161 52.06873 9.401507 -2.825052 52.14083 10.9911 -16.48048 48.61051 1.582804 -20.55911 57.39675 8.877462 -13.57938 58.42515 2.519935 -10.03714 61.3892 8.415574 -7.547591 58.28735 2.015555 -3.960367 58.82172 6.65521 -18.29119 56.94212 9.191066 -16.39695 55.40429 10.78532 -10.14251 56.36354 2.08826 -17.43919 60.69818 10.7635 -11.67595 11.47873 10.72219 3.832941 2.593789 10.87092 12.32158 37.05637 9.789893 15.01688 1.551364 10.8839 25.27236 23.55566 9.869924 29.24064 14.56777 11.04828 25.44694 3.976802 9.925867 -17.29092 23.20017 7.790578 -18.96778 36.36962 9.574459 -18.51042 30.92129 3.465619 -17.17889 16.00279 8.404027 2.980782 44.9228 9.421841 6.609998 41.06982 11.43689 19.38564 30.70729 3.749624 -5.772795 3.394957 5.330554 -21.58692 44.57708 7.61203 0.3598753 50.17924 1.848396 -21.25769 38.33787 5.229778 -20.77673 52.18457 6.936491 -2.044105 55.095 4.645527 -19.61795 56.65275 7.293481 -10.19107 60.31838 5.872691 -5.086143 58.30095 6.064908 -16.85757 59.45251 3.51213 -19.11944 58.96176 3.25798 -20.87581 55.06868 4.734999 -13.82345 61.24448 4.477245 -6.932417 60.27149 5.072679 0.4255372 53.19087 3.630659 -21.92112 48.45763 4.245158 -2.475819 57.17122 4.434643 -20.49512 37.32481 3.50124 -21.69474 41.18302 5.567131 3.057132 48.23241 7.438108 -1.455611 2.373935 7.850581 23.92434 28.48366 7.078514 10.56571 40.69626 6.822309 -17.99961 19.52282 7.072021 -14.95472 13.28424 6.171673 6.113646 44.00558 6.128303 -20.10161 33.46019 6.834353 -19.63903 26.74808 7.882826 17.20313 35.64624 7.033047 29.51799 19.92248 7.363185 -9.321471 6.951862 6.933799 8.972379 0.869042 7.268279 30.51486 8.591347 7.192092 21.99906 1.287888 -12.01965 14.65013 2.5973 -13.81539 5.512215 4.866875 -14.01314 22.52738 5.555989 -18.07273 13.62066 13.53934 -13.84992 -10.06077 14.37058 -18.05549 -3.838231 27.43826 -12.05522 26.99472 14.17672 -13.94739 22.65567 21.58501 -13.85604 9.402629 34.75841 -12.14442 3.957998 39.32854 -16.31243 -6.197547 34.90567 -12.82874 -14.49283 23.87654 -12.34761 -15.80751 31.75947 -10.65964 0.5165087 43.64849 -13.60862 -8.094364 40.6747 -10.18501 -16.86145 37.75461 -12.00832 -14.25594 17.65471 -18.24535 4.572438 20.21496 -14.48444 16.30735 28.37378 -13.76323 -3.115139 8.543454 -9.717077 -1.818881 49.31363 -12.81462 -9.090508 46.75695 -11.25004 -16.5993 44.79998 -7.172283 -20.61001 44.65895 -6.801556 -19.94184 39.88254 -6.92483 -19.81952 52.071 -11.82046 -9.888882 53.56002 -10.25996 -16.35362 52.2956 -8.935848 -3.825547 54.63629 -5.862307 -19.11731 56.10736 -9.293246 -10.25246 58.61851 -7.790643 -16.57631 57.82658 -7.426906 -5.794986 57.74481 -7.318007 -12.59336 10.2746 -7.377105 3.220736 1.448396 -7.579768 13.59237 38.63583 -6.681146 15.3737 0.7706229 -7.528096 26.73195 24.48916 -6.80119 31.15485 14.6633 -7.657514 27.49671 3.526307 -6.873659 -18.97887 23.02189 -5.394179 -20.18097 35.86252 -6.615524 -20.00498 30.34598 -6.836397 -16.66899 16.27042 -5.867293 4.490791 45.91904 -6.551627 8.08539 42.32151 -7.976744 20.83485 32.1285 -7.354303 -5.491426 4.067733 -3.603014 -22.13537 44.43464 -5.294491 1.729704 50.7287 -3.665172 -21.01079 38.7855 -3.53278 -21.38895 52.31472 -4.767601 -0.9460694 55.40851 -3.139888 -20.1849 57.14314 -4.973289 -10.07907 61.29724 -3.987617 -4.394379 58.71392 -4.126553 -17.16908 60.3778 12.01965 14.65013 2.5973 13.81539 5.512215 4.866874 14.01314 22.52738 5.555989 18.07273 13.62066 13.53934 13.84993 -10.06077 14.37058 0 -13.18342 9.663332 18.05549 -3.838231 27.43826 0 15.8456 0.1624242 0 29.70365 3.128389 0 2.804346 0.7099238 12.05522 26.99472 14.17672 13.94739 22.65567 21.58501 13.85604 9.402629 34.75841 0 33.18229 14.65632 0 27.62466 25.05354 0 14.58616 39.76218 12.14442 3.957998 39.32854 16.31243 -6.197547 34.90567 12.82874 -14.49283 23.87654 0 -20.22596 22.96608 12.34761 -15.80751 31.75947 0 -20.87612 29.52054 0 9.660811 43.29007 10.65964 0.5165088 43.64849 13.60862 -8.094364 40.67471 10.18501 -16.86144 37.75461 0 6.038468 46.72542 0 -20.87342 35.1701 0 -17.27956 15.94194 12.00832 -14.25594 17.65471 18.24535 4.572438 20.21496 0 21.74774 33.02054 14.48444 16.30735 28.37378 13.76323 -3.115139 8.543454 0 -5.804241 3.246221 9.717077 -1.818881 49.31363 12.81462 -9.090508 46.75695 11.25004 -16.5993 44.79998 0 2.969872 51.08024 0 -22.52169 44.23493 0 -21.31732 38.12459 7.172283 -20.61001 44.65895 6.801556 -19.94184 39.88254 0 -21.85355 52.37327 6.92483 -19.81952 52.071 11.82046 -9.888882 53.56002 10.25996 -16.35362 52.2956 0 0.01399654 55.44195 8.935848 -3.825547 54.63629 0 -10.03369 61.21346 0 -20.69804 57.46437 5.862307 -19.11731 56.10736 9.293246 -10.25246 58.61851 7.790643 -16.57631 57.82658 0 -3.807799 58.79935 7.426906 -5.794986 57.74481 0 -17.56389 60.70715 7.318007 -12.59336 10.2746 7.377105 3.220736 1.448396 7.579768 13.59237 38.63583 6.681146 15.3737 0.7706229 7.528096 26.73195 24.48916 6.80119 31.15485 14.6633 7.657514 27.49671 3.526307 6.873659 -18.97887 23.02189 5.394179 -20.18097 35.86252 6.615524 -20.00498 30.34598 6.836397 -16.66899 16.27042 5.867293 4.490791 45.91904 6.551627 8.08539 42.32151 7.976744 20.83485 32.1285 7.354303 -5.491426 4.067733 3.603014 -22.13537 44.43464 5.294491 1.729704 50.7287 3.665172 -21.01079 38.7855 3.53278 -21.38895 52.31472 4.767601 -0.9460694 55.40851 3.139887 -20.1849 57.14314 4.973289 -10.07907 61.29724 3.987617 -4.394379 58.71392 4.126553 -17.16908 60.3778 6.318791 33.70429 0.3997169 2.325826 30.30106 4.699591 12.3805 31.63819 5.915268 14.15423 34.27587 6.340333 12.82011 31.95736 0.07950705 6.773024 38.21311 4.029287 6.619801 31.81401 3.027665 0.8167211 31.26417 3.045901 1.507644 33.38934 7.843224 2.662225 31.34875 7.064206 14.53008 34.61919 0.4880039 -0.05057263 34.40033 6.227437 11.7146 30.48588 2.797935 7.161983 36.25161 6.61449 -0.4050962 33.32286 3.794728 6.342453 36.92026 0.8804865 15.1983 35.78538 3.631497 20.05013 30.21414 4.36716 18.35242 29.77601 6.60319 15.86262 28.41507 6.163718 15.09846 27.51732 3.49005 16.82419 27.97984 1.254772 19.28606 29.31572 1.69241 20.39822 24.74172 5.901853 19.14471 25.00782 7.311324 17.30999 24.33877 6.914201 16.77584 23.6781 5.054609 18.0764 23.68646 3.59214 19.86407 24.08105 4.042261 18.91235 21.99403 7.1158 18.54289 21.49997 5.825518 7.032424 33.06848 6.093637 16.80625 23.90556 6.073079 18.13536 28.61452 1.064222 17.60531 25.8554 2.24025 12.08066 30.90019 1.149037 16.64012 26.51686 6.492054 4.242526 31.45948 3.64347 19.47251 30.18658 5.744763 -2.453036 31.03307 7.880332 14.57644 30.09998 5.96089 2.483294 35.83315 1.990468 15.12234 27.81121 4.976145 9.718071 32.72819 5.976351 10.56163 36.53274 0.4009451 2.704432 30.58119 5.955612 -0.5470395 30.80742 8.846601 3.94857 35.39587 7.034352 18.35106 22.04425 4.918034 2.856558 37.03716 4.851451 15.3551 30.02533 0.5598205 -1.251975 28.95243 4.998882 9.197283 31.45828 2.772409 17.03432 29.13473 6.792741 20.34428 24.37703 4.909883 19.77696 22.6676 6.678586 18.13888 24.77408 7.389707 19.88701 26.69361 2.696897 19.07997 22.99216 7.460681 17.2041 23.61789 4.135421 15.08905 35.55235 1.868049 6.26974 35.35582 0.147989 3.226586 33.03007 1.407865 20.56099 27.49703 5.044933 15.96611 25.7136 4.144288 14.87948 35.34949 5.286281 0.6671058 34.15674 7.311346 15.69706 27.5635 2.113551 11.7914 30.72751 4.546559 6.44901 32.38419 1.428624 20.01231 29.90755 2.879877 13.71067 33.31211 -0.2082917 16.90007 32.02285 6.381647 0.05122041 32.27861 3.07113 10.70987 35.89785 6.433272 18.41333 32.95595 3.889144 18.9533 27.46208 6.936052 9.660807 33.33175 -0.02693754 19.36633 22.13188 5.245976 0.9892818 29.66359 7.889386 4.591247 32.62126 6.408973 -2.808102 30.10097 5.94613 2.247273 32.36454 7.776401 1.654043 30.52363 3.621301 7.01875 37.60872 5.637683 17.60798 22.05786 5.766517 6.516894 38.00392 2.279992 11.08991 37.82894 3.657212 13.80419 29.10337 3.053923 13.24656 32.92021 6.61091 7.175586 34.58909 6.814784 6.818496 32.03002 4.736212 0.6394122 28.7407 5.97587 -0.4673278 34.12181 4.939297 17.64061 31.95503 0.9742849 19.07047 23.85158 3.527007 18.01861 22.59358 7.199127 20.00525 25.00778 6.781292 18.71046 21.62583 6.497229 -1.596563 31.09372 8.606991 0.4100654 30.29158 8.60534 1.09695 29.09084 6.934356 -0.2035055 28.67422 5.251514 -2.216629 29.46484 5.227307 -2.921776 30.68299 6.911691 3.386851 36.55125 6.245109 4.397956 33.95716 7.121527 4.536689 31.68858 5.161389 3.781559 31.91347 2.258025 2.739775 34.4548 1.262257 2.505952 36.81174 3.288274 11.02792 37.23839 5.360823 10.23888 34.24767 6.697476 9.315013 31.68364 4.568471 9.325633 32.01876 1.077495 10.10531 34.97662 -0.3245634 10.92482 37.61267 1.83355 17.91411 32.73467 5.41421 15.68343 31.06359 6.62077 13.85729 29.36794 4.679457 14.33188 29.31845 1.531604 16.56197 30.98414 0.3151785 18.34105 32.69372 2.25849 20.01583 27.63452 6.21983 17.7144 27.06207 7.068496 15.97563 26.00714 5.439671 16.5349 25.65633 2.959837 18.83635 26.22857 2.110833 20.53574 27.14995 3.755808 19.66594 23.43628 7.039251 18.39809 23.34429 7.428526 17.69195 22.21046 6.53829 17.69527 22.44616 4.978625 18.96312 22.53815 4.58935 19.66138 22.29894 5.953293 -14.97778 -0.80455 19.04405 -11.04277 -5.533537 16.47699 -10.40339 -10.57185 21.05085 -12.92798 -12.9973 28.60712 -16.256 -8.648045 31.77138 -17.66642 -1.493607 26.78217 -14.11135 -10.58677 0.5155954 -17.03348 -11.21899 4.370023 -16.68883 -14.55126 4.851684 -13.23062 -15.87164 5.023357 -10.11706 -13.85976 4.713368 -10.46171 -10.52749 4.231707 -13.91992 -9.207106 4.060034 -17.71654 -5.397447 19.01062 -17.1632 -10.77561 21.71315 -13.89853 -13.12369 20.30876 -10.7609 -10.79029 16.48902 -11.10247 -7.053916 13.55836 -14.79344 -4.009144 14.67557 -13.93171 -7.479968 9.549645 -10.98176 -8.592999 9.483201 -10.71067 -11.52331 10.57399 -13.38953 -13.3544 11.73644 -16.20494 -12.1394 11.76439 -16.47603 -9.195285 10.66838 -13.78651 -13.96142 -0.4744968 -10.5427 -15.38193 0.515596 -17.03032 -12.54091 0.5155955 -13.46167 -17.33607 0.5155956 -10.86754 -12.00728 0.5155956 -16.70548 -15.91556 0.5155957 -18.31157 13.37602 15.70071 -17.32572 21.52389 18.16958 -13.9683 26.96535 13.54566 -11.85207 25.05725 6.399962 -17.95549 5.69609 -0.6987838 -19.45132 10.16297 0.07946884 -20.02896 9.651409 3.377231 -17.38223 8.196989 5.543535 -14.00177 7.191554 4.412076 -13.17306 7.598612 1.114315 -15.97587 9.115609 -1.051988 -15.48782 11.39006 8.623054 -13.47976 13.53793 -0.8482403 -14.91056 12.97154 4.157007 -18.97964 3.985761 2.216679 -16.21499 3.549596 4.601397 -21.24325 6.249192 0.4074447 -19.50275 4.1027 5.707625 -15.44135 4.346294 1.398193 -22.01688 5.452499 3.610649 -11.77665 17.87074 -0.5485559 -19.86684 19.21281 13.22527 -17.08224 17.36976 7.068546 -11.8584 20.59587 2.875334 -13.94296 13.61696 4.658165 -15.4006 16.93941 3.699797 -11.66686 19.63298 1.697419 -10.99538 20.3018 0.3674397 -14.16224 18.74315 0.08358526 -9.776932 17.14482 0.7191011 -12.35293 18.775 2.513597 -15.22088 17.26356 3.163693 -14.47832 14.39096 4.169511 -14.89427 18.05582 1.895954 -16.9056 14.39981 2.415638 -16.34665 14.79291 -0.06365174 -10.68388 16.5444 2.551124 -12.08629 12.08294 3.378822 -11.21445 12.25623 0.852864 -12.1836 21.98801 20.03552 -8.806632 28.35341 14.99206 14.97778 -0.8045495 19.04405 11.04277 -5.533537 16.47699 10.40339 -10.57185 21.05085 12.92798 -12.9973 28.60712 16.256 -8.648044 31.77138 17.66642 -1.493607 26.78217 14.11135 -10.58677 0.5155954 17.03348 -11.21899 4.370023 16.68883 -14.55126 4.851684 13.23062 -15.87164 5.023357 10.11706 -13.85976 4.713368 10.46171 -10.52749 4.231707 13.91992 -9.207106 4.060034 17.71654 -5.397448 19.01062 17.1632 -10.77561 21.71315 13.89852 -13.12369 20.30876 10.7609 -10.79029 16.48902 11.10247 -7.053915 13.55836 14.79344 -4.009144 14.67557 13.93171 -7.479967 9.549646 10.98176 -8.592999 9.483201 10.71067 -11.52331 10.57399 13.38954 -13.3544 11.73644 16.20495 -12.1394 11.76438 16.47603 -9.195285 10.66838 13.78651 -13.96142 -0.4744968 10.5427 -15.38193 0.5155959 17.03032 -12.54091 0.5155954 13.46168 -17.33607 0.5155959 10.86754 -12.00728 0.5155956 16.70548 -15.91556 0.5155957 18.31157 13.37602 15.70071 17.32572 21.52389 18.16957 13.9683 26.96535 13.54566 11.85207 25.05726 6.399962 17.95549 5.69609 -0.6987841 19.45132 10.16297 0.07946932 20.02897 9.651411 3.377231 17.38222 8.19699 5.543534 14.00177 7.191554 4.412076 13.17306 7.598612 1.114315 15.97587 9.115609 -1.051988 15.48782 11.39006 8.623053 13.47976 13.53793 -0.8482403 14.91056 12.97154 4.157008 18.97964 3.985761 2.216679 16.21499 3.549596 4.601397 21.24325 6.249193 0.4074442 19.50275 4.1027 5.707625 15.44135 4.346294 1.398192 22.01688 5.452499 3.610649 11.77665 17.87074 -0.5485559 19.86684 19.21281 13.22527 17.08224 17.36976 7.068547 11.8584 20.59586 2.875335 13.94296 13.61696 4.658164 15.4006 16.93941 3.699797 11.66686 19.63298 1.697419 10.99538 20.3018 0.3674397 14.16224 18.74315 0.08358526 9.776932 17.14482 0.7190997 12.35293 18.775 2.513597 15.22088 17.26356 3.163693 14.47832 14.39097 4.169511 14.89427 18.05582 1.895954 16.9056 14.39981 2.415638 16.34664 14.79291 -0.06365174 10.68388 16.5444 2.551124 12.08629 12.08294 3.378822 11.21445 12.25623 0.852864 12.1836 21.98801 20.03551 8.806632 28.35341 14.99206 -14.09906 -9.872344 1.896751 -14.57475 0.01571905 21.22188 -17.05989 0.1195793 22.11277 -11.96007 -9.421952 4.079899 -10.44646 -11.42336 1.93967 -11.149 -4.669601 17.84594 -9.741735 -12.136 4.461011 -10.0811 -15.15693 2.060085 -10.30454 -10.58325 22.35058 -11.35693 -15.25342 4.922807 -13.36834 -17.33947 2.137582 -11.76729 -12.78783 31.52859 -15.19047 -15.6568 5.003492 -17.02094 -15.78845 2.094664 -14.56256 -7.264645 35.44757 -17.4088 -12.94275 4.62238 -17.3863 -12.05489 1.974249 -16.52555 -0.3747363 29.6455 -15.79361 -9.825328 4.160584 -12.32518 -7.657844 9.335505 -10.30806 -9.982474 9.920206 -11.85077 -12.78934 11.24569 -14.96243 -13.15793 11.94357 -16.81137 -10.68859 11.30422 -16.54051 -10.20765 7.37678 -16.23991 -13.05217 8.252859 -13.19039 -14.14061 8.460464 -10.40783 -12.35902 7.782364 -10.70842 -9.51794 6.907589 -13.79158 -8.455 6.70961 -16.71203 -3.73148 16.57445 -12.58407 -3.08319 17.26811 -10.32537 -8.061217 17.47111 -11.2724 -12.42927 25.37619 -14.78442 -11.87166 30.74005 -17.24819 -4.723139 30.76435 -18.24939 -3.029003 23.40762 -17.32953 -9.871635 27.41873 -13.75096 -13.13363 25.0718 -10.5422 -10.62077 19.26052 -11.00458 -6.3456 15.06286 -15.13321 -2.015833 16.86302 -12.68289 -5.395079 13.58115 -10.3594 -8.885655 14.54754 -12.0322 -12.34418 18.65277 -15.79661 -12.73282 21.36091 -17.85195 -8.06088 21.03866 -15.43684 -8.009179 10.02686 -14.28432 -6.069013 12.29876 -11.15526 -7.766907 11.76473 -10.87767 -11.08846 13.37922 -13.6762 -13.13982 15.47723 -16.53051 -11.48864 16.03493 -16.86104 -7.73939 14.47095 -13.99457 -11.79995 -0.2269739 -11.9169 -12.70979 -0.2269737 -11.70884 -14.87126 -0.2269734 -13.57845 -16.12289 -0.2269731 -15.65612 -15.21305 -0.2269739 -15.86418 -13.05158 -0.2269739 -12.27327 -10.85296 0.5155954 -15.86822 -11.16425 0.5155955 -11.7048 -16.75859 0.5155961 -10.19156 -13.65014 0.5155957 -17.38147 -14.2727 0.5155956 -15.29976 -17.06987 0.5155956 -17.25062 7.095023 -0.9939554 -11.60956 22.62164 3.814502 -14.1451 8.274133 -0.3379378 -14.38902 5.555627 1.349965 -13.10889 7.200577 2.849433 -15.26113 4.769106 4.927551 -15.53258 7.535655 5.433145 -18.93207 5.495855 6.161215 -14.12829 22.25119 19.56903 -19.04844 8.97057 4.829485 -21.75465 7.019606 3.817295 -10.75621 28.3856 14.63046 -20.20339 10.09653 1.642114 -20.9453 7.832253 0.2397087 -9.305681 26.17821 6.743037 -17.9748 9.839679 -0.941599 -11.88101 12.6751 -0.2892705 -13.32851 12.3169 4.119488 -14.54796 18.62379 0.931851 -17.62916 12.67273 -0.03455704 -18.01943 12.42058 2.755124 -15.74459 11.06819 4.620244 -12.81684 9.926364 3.68562 -12.03452 9.992921 0.8842722 -14.57201 11.3869 -0.9707833 -14.06149 12.67324 5.770854 -15.27415 13.01336 16.71277 -18.43686 17.13241 17.99577 -15.62168 25.23876 16.57018 -12.62522 26.85454 9.890692 -14.63748 22.26168 6.338392 -17.36462 23.95397 12.74236 -19.8729 20.33485 16.00053 -15.91086 16.88492 4.687179 -20.50561 14.95059 14.40714 -15.2289 14.39409 -0.7857872 -17.82085 12.9048 8.020181 -18.4215 4.724455 0.2369518 -16.81118 3.859907 1.580072 -17.3067 3.349619 3.631734 -19.41252 3.703884 4.340276 -21.02283 4.568434 2.997156 -20.52732 5.07872 0.9454944 -16.35997 5.041492 -0.009415209 -19.74441 6.151516 -0.5873515 -17.71382 3.647274 5.596192 -15.34468 3.78937 3.082357 -22.11356 6.009421 1.926484 -21.09827 4.7573 5.018256 -12.58577 15.66659 -0.7017141 -13.36314 18.47259 -0.4696241 -10.28664 17.30552 -0.1525381 -15.2942 16.74318 -0.02015697 -11.198 19.59946 -0.2413199 -17.23387 11.1601 12.25344 -18.52935 18.20778 10.14691 -12.2293 19.23022 2.726891 -14.34448 14.19747 4.414534 -15.26581 17.18252 3.420578 -11.60126 14.47354 4.577306 -10.45023 19.9898 3.056624 -13.78771 19.45721 3.139754 -15.76352 14.50511 4.293317 -13.41474 19.486 1.685566 -9.693195 19.27947 0.530349 -12.78468 20.14523 0.2214824 -10.48009 18.61354 1.972334 -11.15596 20.22918 1.079695 -11.37875 16.06291 3.154484 -12.18142 18.9895 2.186694 -11.28368 17.80792 2.772521 -13.95353 18.64607 2.668652 -12.8397 14.33718 4.177381 -16.06979 16.10593 2.186629 -15.13923 17.46162 2.723899 -16.2853 13.76111 3.564636 -14.58638 14.03611 4.043526 -15.5856 15.54076 3.747663 -16.8874 14.77972 1.082158 -11.33218 12.11446 2.201212 -11.48401 14.13204 3.123413 -9.993895 17.0155 1.731833 -10.52466 14.57728 0.8533787 -10.29505 26.41969 18.26316 -13.52771 16.74739 19.80066 -7.855299 28.11898 10.94816 14.09906 -9.872344 1.896751 14.57475 0.01571905 21.22188 17.05989 0.1195793 22.11277 11.96007 -9.421952 4.079899 10.44646 -11.42336 1.939669 11.149 -4.669601 17.84594 9.741736 -12.136 4.461011 10.0811 -15.15693 2.060085 10.30454 -10.58325 22.35058 11.35693 -15.25342 4.922807 13.36834 -17.33947 2.137582 11.76729 -12.78783 31.52859 15.19047 -15.6568 5.003492 17.02094 -15.78845 2.094664 14.56256 -7.264645 35.44757 17.4088 -12.94275 4.62238 17.3863 -12.05489 1.974249 16.52555 -0.3747363 29.6455 15.79361 -9.825328 4.160584 12.32518 -7.657844 9.335506 10.30806 -9.982474 9.920206 11.85077 -12.78934 11.24569 14.96243 -13.15793 11.94357 16.81137 -10.68859 11.30422 16.54051 -10.20765 7.376779 16.23991 -13.05217 8.252859 13.19039 -14.14061 8.460464 10.40783 -12.35902 7.782364 10.70842 -9.51794 6.907589 13.79158 -8.455 6.70961 16.71203 -3.73148 16.57445 12.58407 -3.08319 17.26811 10.32537 -8.061217 17.47111 11.2724 -12.42927 25.37619 14.78442 -11.87166 30.74005 17.24819 -4.723139 30.76435 18.24939 -3.029004 23.40762 17.32953 -9.871636 27.41873 13.75096 -13.13363 25.0718 10.5422 -10.62077 19.26052 11.00458 -6.3456 15.06286 15.13321 -2.015833 16.86302 12.68289 -5.395079 13.58115 10.3594 -8.885654 14.54754 12.03219 -12.34418 18.65277 15.79661 -12.73282 21.36091 17.85195 -8.060881 21.03866 15.43684 -8.009179 10.02686 14.28432 -6.069013 12.29876 11.15526 -7.766908 11.76473 10.87767 -11.08846 13.37922 13.6762 -13.13982 15.47723 16.53051 -11.48864 16.03493 16.86104 -7.73939 14.47095 13.99457 -11.79995 -0.2269739 11.9169 -12.70979 -0.2269737 11.70884 -14.87126 -0.2269734 13.57845 -16.12289 -0.2269731 15.65612 -15.21305 -0.2269739 15.86418 -13.05158 -0.2269739 12.27327 -10.85296 0.5155954 15.86822 -11.16425 0.5155955 11.7048 -16.75859 0.5155961 10.19156 -13.65014 0.5155957 17.38147 -14.2727 0.5155956 15.29976 -17.06987 0.5155956 17.25062 7.095023 -0.9939554 11.60955 22.62164 3.814502 14.1451 8.274133 -0.3379378 14.38902 5.555627 1.349965 13.10889 7.200577 2.849433 15.26113 4.769106 4.927551 15.53258 7.535655 5.433145 18.93207 5.495855 6.161215 14.12829 22.25119 19.56903 19.04844 8.970572 4.829485 21.75465 7.019606 3.817295 10.75621 28.3856 14.63046 20.20339 10.09653 1.642114 20.9453 7.832254 0.2397081 9.305681 26.17821 6.743037 17.9748 9.839679 -0.941599 11.88101 12.6751 -0.2892705 13.32851 12.3169 4.119488 14.54796 18.62379 0.931851 17.62916 12.67273 -0.03455704 18.01943 12.42058 2.755124 15.74459 11.06819 4.620244 12.81684 9.926364 3.68562 12.03452 9.992921 0.8842722 14.57201 11.3869 -0.9707833 14.06149 12.67324 5.770854 15.27415 13.01336 16.71277 18.43686 17.13241 17.99577 15.62168 25.23876 16.57018 12.62522 26.85454 9.890692 14.63748 22.26168 6.338392 17.36462 23.95397 12.74236 19.8729 20.33485 16.00053 15.91086 16.88492 4.687179 20.50561 14.95059 14.40714 15.2289 14.39409 -0.7857872 17.82085 12.9048 8.020181 18.4215 4.724455 0.2369518 16.81118 3.859907 1.580072 17.3067 3.349619 3.631734 19.41252 3.703884 4.340276 21.02283 4.568434 2.997156 20.52732 5.078721 0.9454942 16.35997 5.041492 -0.009415209 19.74441 6.151516 -0.5873517 17.71382 3.647274 5.596193 15.34468 3.789369 3.082356 22.11356 6.009421 1.926484 21.09827 4.7573 5.018256 12.58577 15.66659 -0.7017141 13.36314 18.47259 -0.4696241 10.28664 17.30552 -0.1525385 15.2942 16.74318 -0.02015697 11.198 19.59946 -0.2413199 17.23387 11.1601 12.25344 18.52935 18.20778 10.14691 12.2293 19.23022 2.726891 14.34448 14.19747 4.414534 15.26581 17.18252 3.420578 11.60126 14.47354 4.577306 10.45023 19.9898 3.056624 13.78771 19.45721 3.139754 15.76352 14.50511 4.293317 13.41474 19.486 1.685566 9.693195 19.27947 0.530349 12.78468 20.14523 0.2214824 10.48009 18.61354 1.972333 11.15596 20.22918 1.079695 11.37875 16.06291 3.154483 12.18142 18.9895 2.186694 11.28368 17.80792 2.772521 13.95353 18.64607 2.668652 12.8397 14.33718 4.177381 16.06978 16.10593 2.186629 15.13923 17.46162 2.723899 16.2853 13.76111 3.564638 14.58638 14.03611 4.043526 15.5856 15.54076 3.747663 16.8874 14.77972 1.082158 11.33218 12.11446 2.201212 11.48401 14.13204 3.123412 9.993895 17.0155 1.731831 10.52466 14.57728 0.8533781 10.29505 26.41969 18.26316 7.855299 28.11898 10.94816 -16.07751 -10.52324 1.921889 -16.3063 0.7827335 24.31487 -12.02927 -10.15484 1.901718 -12.47446 -2.020239 19.39082 -9.685464 -13.23752 1.996996 -10.46886 -7.626045 18.27121 -11.38989 -16.68858 2.112445 -10.71702 -12.61318 27.59829 -15.43813 -17.05697 2.132616 -13.15069 -11.03054 34.14413 -17.78194 -13.9743 2.037338 -15.76635 -3.157069 34.32075 -15.43916 -9.008113 6.954601 -12.06045 -8.605784 6.680907 -10.05204 -10.87463 7.303471 -11.5344 -13.57853 8.212089 -14.91312 -13.98518 8.487412 -16.87948 -11.68015 7.851185 -17.34972 -1.174763 19.62714 -12.66359 -4.192637 15.28501 -10.26213 -8.484912 16.34016 -11.74005 -12.31605 22.58428 -15.85433 -12.5075 26.69323 -18.14004 -6.340608 26.55473 -12.58806 -6.585238 11.73761 -10.43533 -9.354492 12.32897 -12.08904 -12.50488 14.55035 -15.2773 -12.84912 16.01904 -17.15277 -9.603645 15.5204 -15.8425 -6.394855 13.26945 -15.33108 -11.886 -0.03445583 -12.66373 -11.65504 -0.03445595 -11.11916 -13.73046 -0.03445571 -12.24194 -16.03684 -0.03445571 -14.9093 -16.2678 -0.03445571 -16.45387 -14.19238 -0.03445571 -19.28792 7.667475 -0.8705822 -9.313698 22.75667 3.592265 -15.42158 6.322027 -0.2229319 -10.35921 13.74537 5.45328 -14.28989 4.977443 3.231279 -16.93208 4.939083 6.037841 -15.41416 17.22286 19.34943 -20.71997 6.251875 5.390192 -12.28586 26.50367 17.83991 -21.88134 7.60956 1.935981 -9.70694 28.18208 10.68379 -16.41761 12.22844 -0.8851 -12.85632 10.51832 -0.3586459 -12.04267 9.799379 2.363763 -14.12737 10.35544 4.540796 -17.19859 11.83358 3.999759 -18.17398 12.73252 1.27935 -13.81883 18.85605 2.300021 -15.63008 15.28185 4.006937 -14.09329 10.65267 12.84808 -19.97304 17.28431 16.2798 -17.80843 23.3787 15.14575 -15.82706 23.68142 9.426013 -19.43174 13.13391 11.33038 -14.26023 16.44076 -0.6463868 -19.62162 5.320858 0.05056005 -17.11046 4.497252 0.4793723 -16.35714 3.568215 2.773375 -18.11498 3.462784 4.638568 -20.62613 4.286391 4.209756 -21.37945 5.215429 1.915752 -11.07314 14.88924 -0.1978794 -10.24026 18.82449 8.87495e-4 -12.68202 13.877 3.973723 -12.49433 19.55038 -0.2067026 -12.53009 14.37127 4.400221 -11.08278 18.00932 2.449615 -13.91725 20.56389 4.052106 -16.36681 13.58721 5.375001 -12.98782 20.07077 0.9508607 -9.881576 19.18283 1.334603 -11.07532 18.35339 2.966405 -13.91208 18.84885 2.909286 -15.84495 16.61713 0.9873789 -15.89887 15.32332 3.403749 -10.7313 14.42634 2.083371 16.07751 -10.52324 1.921889 16.3063 0.7827335 24.31487 12.02927 -10.15484 1.901718 12.47446 -2.020239 19.39082 9.685464 -13.23752 1.996996 10.46886 -7.626045 18.27121 11.38989 -16.68858 2.112445 10.71702 -12.61318 27.59829 15.43813 -17.05697 2.132616 13.15069 -11.03054 34.14413 17.78194 -13.9743 2.037338 15.76635 -3.157069 34.32075 15.43916 -9.008113 6.954601 12.06045 -8.605784 6.680907 10.05204 -10.87463 7.303471 11.5344 -13.57853 8.212089 14.91312 -13.98518 8.487412 16.87948 -11.68015 7.851185 17.34972 -1.174763 19.62714 12.66359 -4.192637 15.28501 10.26213 -8.484911 16.34017 11.74005 -12.31605 22.58428 15.85433 -12.5075 26.69323 18.14004 -6.340608 26.55473 12.58806 -6.585238 11.73761 10.43533 -9.354492 12.32897 12.08904 -12.50488 14.55035 15.2773 -12.84912 16.01904 17.15277 -9.603645 15.5204 15.8425 -6.394855 13.26945 15.33108 -11.886 -0.03445583 12.66373 -11.65504 -0.03445595 11.11916 -13.73046 -0.03445571 12.24194 -16.03684 -0.03445571 14.9093 -16.2678 -0.03445571 16.45387 -14.19238 -0.03445571 19.28792 7.667477 -0.8705828 9.313698 22.75667 3.592265 15.42158 6.322027 -0.2229319 10.35921 13.74537 5.45328 14.28989 4.977443 3.231279 16.93208 4.939083 6.037841 15.41416 17.22286 19.34943 20.71997 6.251876 5.390192 12.28586 26.50367 17.83992 21.88134 7.60956 1.935981 9.70694 28.18208 10.68379 16.41761 12.22844 -0.8851 12.85632 10.51832 -0.3586459 12.04267 9.799379 2.363763 14.12737 10.35544 4.540796 17.19859 11.83358 3.999759 18.17398 12.73252 1.27935 13.81883 18.85605 2.300021 15.63008 15.28185 4.006937 14.09329 10.65267 12.84808 19.97304 17.28431 16.2798 17.80843 23.3787 15.14575 15.82706 23.68142 9.426013 19.43174 13.13391 11.33038 14.26023 16.44076 -0.6463868 19.62162 5.320858 0.05056005 17.11046 4.497252 0.4793723 16.35714 3.568215 2.773375 18.11498 3.462784 4.638569 20.62613 4.286391 4.209756 21.37945 5.215429 1.915752 11.07314 14.88924 -0.1978794 10.24026 18.82449 8.87495e-4 12.68202 13.877 3.973723 12.49433 19.55038 -0.2067026 12.53009 14.37127 4.400221 11.08278 18.00933 2.449615 13.91725 20.56389 4.052106 16.36681 13.58721 5.375001 12.98782 20.07077 0.9508607 9.881576 19.18283 1.334602 11.07532 18.35339 2.966405 13.91208 18.84885 2.909286 15.84495 16.61713 0.9873789 15.89887 15.32332 3.403749 10.7313 14.42634 2.083371 -4.360401 -24.94705 44.38631 -2.180201 -28.40056 44.94109 -2.86035 -25.04821 49.81873 -1.716691 -25.1893 43.17186 -2.758456 -27.94679 47.98464 -5.50406 -24.77511 47.66313 -0.9746212 -23.22921 39.88608 -1.83518 -21.60856 44.05967 -2.722674 -23.45569 40.867 -3.307805 -23.79575 41.93319 -1.215445 -25.08108 39.62823 -1.483441 -25.62291 40.49078 -1.302387 -20.51517 41.41506 -3.381164 -20.94662 42.67428 -3.913957 -21.37673 43.92384 -1.559752 -24.22986 41.99273 -1.716691 -20.83298 43.17186 -5.491208 -20.94776 48.23602 -4.360401 -20.83298 44.38631 -2.847498 -21.45835 51.11367 -7.017557 -20.11585 52.24676 -6.995292 -19.80368 53.63568 -6.334301 -21.11339 52.46001 -4.911719 -21.70429 52.57001 -6.312036 -20.80122 53.84893 -4.889454 -21.39213 53.95893 -3.704293 -21.4921 52.50297 -3.682029 -21.17993 53.89189 -4.66443 -21.30686 51.5069 -6.087011 -20.71596 51.3969 -4.612574 -20.57982 54.74176 -6.035156 -19.98892 54.63175 -1.83518 -22.35198 45.52877 -1.559752 -25.79494 42.86859 -3.119504 -24.94585 42.37827 -3.67036 -21.78951 44.80395 -1.408826 -26.64949 41.05939 -1.559752 -24.9361 41.32611 -1.83518 -21.58338 43.90046 4.360401 -24.94705 44.38631 2.180201 -28.40056 44.94109 2.86035 -25.04821 49.81873 1.716691 -25.1893 43.17186 2.758456 -27.94679 47.98464 5.50406 -24.77511 47.66313 2.424911 -28.5888 47.21538 -2.424911 -28.5888 47.21538 0 -29.7467 47.46306 0 -28.851 45.46392 0 -28.32659 48.96682 0.9746212 -23.22921 39.88608 1.83518 -21.60856 44.05967 2.722674 -23.45569 40.867 3.307805 -23.79575 41.93319 1.215445 -25.08108 39.62823 1.483441 -25.62291 40.49078 1.302387 -20.51517 41.41505 3.381164 -20.94662 42.67428 3.913957 -21.37673 43.92384 1.559752 -24.22986 41.99273 1.716691 -20.83298 43.17185 5.491208 -20.94776 48.23602 4.360401 -20.83298 44.38631 2.847498 -21.45835 51.11367 7.017557 -20.11585 52.24676 6.995292 -19.80368 53.63568 6.334301 -21.11339 52.46001 4.911719 -21.70429 52.57001 6.312036 -20.80122 53.84893 4.889454 -21.39213 53.95893 3.704293 -21.4921 52.50297 3.682028 -21.17993 53.89188 4.66443 -21.30687 51.5069 6.087011 -20.71596 51.3969 4.612574 -20.57982 54.74176 6.035156 -19.98892 54.63175 1.83518 -22.35198 45.52877 1.559752 -25.79494 42.86859 3.119504 -24.94585 42.37827 3.67036 -21.78951 44.80395 1.408826 -26.64949 41.05939 1.559752 -24.9361 41.32611 1.83518 -21.58338 43.90046 -3.235964 -25.0013 43.22139 -3.815351 -27.24895 44.52501 -5.109826 -24.91038 46.06682 -4.360401 -22.5136 44.38631 -1.716691 -22.57416 43.17186 -2.556519 -28.33312 46.58659 -4.824085 -26.86319 47.60356 -1.832569 -27.55175 43.61417 -2.850711 -23.00792 50.42235 0 -25.31674 43.42594 0 -28.68881 45.21848 0 -25.27704 50.11943 -4.951452 -24.7511 48.97913 0 -28.23747 48.28534 -2.841302 -26.94926 49.08032 -5.494421 -22.5567 47.9463 -0.9839346 -24.31235 39.53064 0 -20.42044 41.23229 0 -25.98284 40.22621 -1.107455 -21.93054 40.5593 -1.465211 -25.2398 41.13549 -1.704072 -22.91287 42.99121 -3.272464 -21.52874 44.13572 -3.255673 -23.68383 41.45918 -1.898945 -23.25596 40.29613 0 -21.63041 43.94966 -1.453749 -25.5223 40.00592 -2.681252 -24.80619 41.11595 -2.473275 -20.71776 41.91262 0 -24.42001 41.81504 -3.902557 -21.17514 43.43352 -3.033188 -22.26574 41.69101 0 -23.25909 39.72127 -3.629805 -22.63735 42.88748 0 -25.33108 39.38105 -2.199975 -24.42473 40.18512 -2.776641 -23.93119 42.15553 0 -20.83298 43.42594 -3.235964 -20.83298 43.22139 -5.106612 -20.86167 46.21004 -4.932174 -21.13279 50.01898 0 -21.65626 51.48894 -6.209674 -21.03212 51.83243 -5.387513 -21.06008 51.34297 -5.632627 -21.16367 53.95635 -4.818152 -21.02121 54.48173 -6.168879 -20.46015 54.3773 -7.13341 -19.93414 52.9375 -6.663501 -20.36954 51.69079 -4.433136 -20.89236 51.28997 -4.200071 -21.41982 53.91724 -6.937947 -19.62001 52.09719 -3.390633 -21.09348 52.37149 -4.897103 -21.63801 53.2846 -4.221211 -21.71621 52.59848 -6.39154 -21.01726 53.16904 -6.806614 -20.33712 53.71569 -5.872054 -19.4932 54.63777 -4.016163 -20.88027 54.43721 -4.056958 -21.45223 51.89235 -5.331994 -20.28168 54.80633 -6.914557 -19.29208 53.55626 -5.927573 -20.2716 51.17441 -3.367244 -20.76554 53.83056 -3.586097 -21.40761 53.2118 -4.377617 -20.11395 54.75334 -4.858947 -21.59318 51.93688 -5.656016 -21.4916 52.49728 -6.827754 -20.63352 52.39693 -6.622706 -19.79757 54.23565 -1.446558 -26.64527 41.88497 -1.704072 -24.29751 44.06496 -3.211565 -22.13955 45.35843 0 -22.42379 45.5179 0 -26.01007 42.74048 -2.729566 -25.36754 42.87413 -1.446558 -26.01173 40.75279 -3.211565 -21.52856 44.20479 -2.729566 -24.734 41.74195 -2.540909 -25.86278 41.63001 -3.408143 -23.66575 43.40323 0 -27.01029 40.8185 0 -25.14063 41.17332 -1.704072 -23.45063 42.47634 0 -21.68974 43.82199 3.235964 -25.0013 43.22139 3.815351 -27.24895 44.52501 5.109826 -24.91038 46.06682 4.360401 -22.5136 44.38631 1.716691 -22.57416 43.17186 2.556519 -28.33312 46.58659 4.824085 -26.86319 47.60356 1.832569 -27.55175 43.61417 2.850711 -23.00792 50.42235 4.951452 -24.7511 48.97913 2.841302 -26.94926 49.08032 5.494421 -22.5567 47.9463 1.501804 -28.78545 45.90179 1.818683 -29.45722 47.40114 2.135562 -28.39214 48.52896 2.424911 -27.43089 46.9677 0 -27.69309 45.21624 0 -27.16869 48.71914 -2.424911 -27.43089 46.9677 -1.501804 -28.78545 45.90179 -2.135562 -28.39214 48.52896 -1.818683 -29.45722 47.40114 0 -29.65388 46.08755 0 -29.26057 48.71472 0.9839346 -24.31235 39.53064 1.107455 -21.93054 40.5593 1.465211 -25.2398 41.13549 1.704072 -22.91287 42.99121 3.272464 -21.52874 44.13572 3.255673 -23.68383 41.45919 1.898945 -23.25596 40.29613 1.453749 -25.5223 40.00592 2.681252 -24.80619 41.11595 2.473275 -20.71776 41.91262 3.902557 -21.17514 43.43352 3.033188 -22.26574 41.69101 3.629805 -22.63735 42.88748 2.199975 -24.42473 40.18512 2.776641 -23.93119 42.15553 3.235964 -20.83298 43.22139 5.106612 -20.86167 46.21004 4.932174 -21.13279 50.01898 6.209674 -21.03212 51.83243 5.387512 -21.06008 51.34297 5.632627 -21.16367 53.95635 4.818152 -21.02121 54.48174 6.168879 -20.46015 54.3773 7.13341 -19.93414 52.9375 6.663501 -20.36954 51.69079 4.433136 -20.89236 51.28997 4.200071 -21.41982 53.91724 6.937947 -19.62001 52.09719 3.390633 -21.09348 52.37149 4.897103 -21.63801 53.2846 4.221211 -21.71621 52.59848 6.39154 -21.01726 53.16904 6.806614 -20.33712 53.71569 5.872054 -19.4932 54.63777 4.016163 -20.88027 54.43721 4.056958 -21.45223 51.89235 5.331994 -20.28168 54.80633 6.914557 -19.29208 53.55626 5.927573 -20.2716 51.17441 3.367244 -20.76554 53.83056 3.586096 -21.40761 53.2118 4.377617 -20.11395 54.75334 4.858947 -21.59318 51.93688 5.656016 -21.4916 52.49728 6.827754 -20.63352 52.39693 6.622706 -19.79757 54.23565 1.446558 -26.64527 41.88497 1.704072 -24.29751 44.06496 3.211565 -22.13955 45.35843 2.729566 -25.36754 42.87413 1.446558 -26.01173 40.75279 3.211565 -21.52856 44.20479 2.729566 -24.734 41.74195 2.540909 -25.86278 41.63001 3.408143 -23.66575 43.40323 1.704072 -23.45063 42.47634 -3.030916 -26.74123 43.66033 -4.473105 -27.1719 46.16178 -3.235964 -22.52716 43.22139 -5.107416 -22.52595 46.13761 -4.936994 -22.68947 49.48399 -4.371611 -26.27601 48.57617 -3.037541 -22.78124 43.09445 -2.142616 -22.07114 40.99088 -1.713187 -24.02291 39.96292 -2.631105 -24.73067 40.6413 -3.591481 -22.46944 42.40734 -2.371269 -24.69558 41.46791 -6.551591 -19.92288 51.51252 -7.065862 -19.39805 52.81592 -6.596095 -20.68839 51.953 -5.556033 -21.37638 51.82324 -6.911911 -20.50197 53.06157 -5.683027 -21.41696 53.24752 -4.363114 -21.61591 52.12566 -3.796716 -21.06719 51.72555 -4.157037 -21.64627 53.2746 -3.239328 -20.9875 53.11182 -5.18254 -20.61261 51.09589 -3.753599 -20.46267 54.41523 -5.122651 -19.77294 54.83186 -6.508474 -19.31837 54.2022 -4.328166 -21.12592 54.3058 -5.512917 -20.77186 54.51292 -6.561147 -20.19839 54.13313 -2.982126 -24.03311 43.94195 -2.308894 -26.01246 42.13891 -2.982126 -23.40255 42.79823 -2.308894 -25.54473 41.30392 3.030916 -26.74123 43.66033 4.473105 -27.1719 46.16178 3.235964 -22.52716 43.22139 5.107416 -22.52595 46.13761 0 -22.60602 43.42594 4.936994 -22.68947 49.48399 0 -27.78311 43.87407 0 -28.63865 46.88146 0 -23.21356 50.74169 4.371611 -26.27601 48.57617 0 -27.20901 49.38102 1.206338 -29.37775 46.37995 1.488008 -29.08641 48.32601 1.501805 -27.62754 45.6541 2.135562 -27.23424 48.28128 -1.206338 -29.37775 46.37995 -1.488008 -29.08641 48.32601 -1.501805 -27.62754 45.6541 -2.135562 -27.23424 48.28128 3.037541 -22.78124 43.09445 0 -22.97561 42.86205 2.142616 -22.07114 40.99088 1.713187 -24.02291 39.96292 0 -24.45278 39.32457 2.631105 -24.73067 40.6413 0 -25.85432 39.73386 3.591481 -22.46944 42.40734 0 -21.87373 40.41065 0 -25.55772 40.90447 2.371269 -24.69558 41.46791 6.551591 -19.92288 51.51252 7.065862 -19.39805 52.81592 6.596095 -20.68839 51.953 5.556032 -21.37638 51.82324 6.911911 -20.50197 53.06157 5.683027 -21.41696 53.24752 4.363114 -21.61591 52.12566 3.796716 -21.06719 51.72555 4.157037 -21.64627 53.2746 3.239328 -20.9875 53.11182 5.18254 -20.61261 51.09589 3.753599 -20.46267 54.41523 5.122651 -19.77294 54.83186 6.508474 -19.31837 54.2022 4.328166 -21.12592 54.3058 5.512917 -20.77186 54.51292 6.561147 -20.19839 54.13313 2.982126 -24.03311 43.94195 0 -24.40396 44.02254 0 -26.96965 41.67227 2.308894 -26.01246 42.13891 2.982126 -23.40255 42.79823 0 -26.33346 40.53392 2.308894 -25.54473 41.30392 0 -23.55249 42.38617 -5.664267 -9.674283 62.84182 -7.707257 -8.658873 62.06282 -9.79919 -8.94323 61.30466 -10.43478 -9.896616 61.2683 -7.229867 -8.675021 57.37554 -9.064083 -11.49717 56.61771 -9.403553 -10.61478 62.1086 -7.24247 -11.63584 62.79583 -10.49168 -10.55449 56.15134 -9.693305 -9.098882 56.23561 -5.735147 -12.14531 62.92645 -5.217646 -11.18628 63.05458 -4.966886 -13.37814 59.2225 -5.04725 -9.848991 58.7478 -4.390529 -11.88773 59.39711 -6.659443 -12.70594 57.89963 -6.773909 -9.922657 65.4126 -8.650768 -9.070463 64.94104 -7.566259 -10.63723 65.90525 -9.339811 -9.816862 65.4356 5.664266 -9.674283 62.84182 7.707257 -8.658873 62.06282 9.79919 -8.94323 61.30466 10.43478 -9.896616 61.2683 7.229867 -8.675021 57.37554 9.064083 -11.49717 56.61771 9.403553 -10.61478 62.1086 7.24247 -11.63584 62.79583 10.49168 -10.55449 56.15134 9.693304 -9.098882 56.23561 5.735147 -12.14531 62.92645 5.217646 -11.18628 63.05457 4.966886 -13.37814 59.2225 5.04725 -9.848991 58.74779 4.390529 -11.88773 59.39711 6.659443 -12.70594 57.89962 6.773909 -9.922657 65.4126 8.650768 -9.070463 64.94104 7.56626 -10.63723 65.90525 9.339811 -9.816862 65.4356 -4.527119 -12.80179 59.45224 -4.562209 -10.83659 59.136 -8.340502 -10.95269 62.69143 -6.461173 -8.970809 62.60935 -7.627188 -11.07114 64.98468 -9.443713 -10.22054 64.51032 -8.965577 -8.671879 61.52149 -7.37271 -8.626116 60.02439 -5.20949 -9.766802 61.15415 -10.61426 -10.12353 58.99571 -7.811204 -11.86389 57.10379 -5.685703 -13.41384 58.70569 -6.307879 -12.19109 62.76107 -6.792943 -12.2184 60.39197 -9.262591 -11.03013 59.39759 -10.18414 -10.35259 61.4875 -9.079586 -9.426062 65.40549 -6.60394 -11.40187 64.53676 -5.266452 -10.50191 62.93273 -9.454103 -9.038043 63.45016 -8.158334 -8.798566 63.88066 -8.514189 -10.04452 66.41162 -10.26872 -9.381837 61.26826 -5.40987 -11.73242 63.0912 -9.830699 -8.919138 59.03267 -10.0727 -11.19696 56.3355 -8.616174 -8.671915 56.63031 -5.132067 -12.81995 61.36654 -7.226296 -10.27433 65.92531 -7.665323 -9.284123 65.6407 -10.35417 -9.783787 56.10483 -5.913766 -9.077585 58.17885 -6.242199 -9.687536 64.38036 -9.995789 -9.814232 63.53516 -5.962644 -10.66405 64.4771 -4.654935 -11.56797 61.53888 4.527119 -12.80179 59.45223 4.562209 -10.83659 59.136 8.340502 -10.95269 62.69143 6.461173 -8.970808 62.60935 7.627188 -11.07114 64.98468 9.443713 -10.22054 64.51032 8.965577 -8.671879 61.52149 7.37271 -8.626116 60.02439 5.20949 -9.766802 61.15415 10.61426 -10.12353 58.99571 7.811204 -11.86389 57.10379 5.685703 -13.41384 58.70569 6.307879 -12.19109 62.76107 6.792943 -12.2184 60.39197 9.262591 -11.03013 59.39759 10.18414 -10.35259 61.4875 9.079586 -9.426062 65.40549 6.60394 -11.40187 64.53676 5.266452 -10.50191 62.93273 9.454103 -9.038043 63.45016 8.158334 -8.798566 63.88066 8.514189 -10.04452 66.41162 10.26872 -9.381837 61.26826 5.409871 -11.73242 63.0912 9.830699 -8.919138 59.03267 10.0727 -11.19696 56.3355 8.616173 -8.671915 56.63031 5.132067 -12.81995 61.36654 7.226296 -10.27433 65.92531 7.665323 -9.284123 65.6407 10.35417 -9.783787 56.10483 5.913766 -9.077585 58.17885 6.242199 -9.687536 64.38036 9.995789 -9.814232 63.53516 5.962644 -10.66405 64.4771 4.654935 -11.56797 61.53887 -4.780262 -10.68524 61.37215 -6.040884 -9.013482 60.74989 -8.778228 -8.597177 59.3334 -10.46456 -9.468943 58.97063 -10.23015 -10.70367 59.1305 -8.015539 -11.42701 59.81281 -5.772541 -12.86311 60.96618 -4.787529 -12.3134 61.56633 -5.803261 -10.2923 63.98353 -7.045649 -9.033159 64.3507 -8.906095 -8.817932 63.0112 -6.265631 -11.05425 64.64653 -8.196178 -9.646859 66.3656 -9.796954 -9.406276 63.54103 -6.845795 -11.582 64.16695 -8.576561 -10.47913 65.33488 -9.924048 -10.13569 63.25771 4.780262 -10.68524 61.37215 6.040884 -9.013482 60.74989 8.778228 -8.597177 59.3334 10.46456 -9.468943 58.97063 10.23015 -10.70367 59.1305 8.015539 -11.42701 59.81281 5.772541 -12.86311 60.96618 4.787529 -12.3134 61.56633 5.803261 -10.2923 63.98353 7.045649 -9.033159 64.3507 8.906095 -8.817932 63.0112 6.265631 -11.05425 64.64653 8.196178 -9.646859 66.3656 9.796954 -9.406276 63.54103 6.845795 -11.582 64.16695 8.576562 -10.47913 65.33488 9.924048 -10.13569 63.25771</float_array>
          <technique_common>
            <accessor source="#Roundcube-mesh-positions-array" count="1774" stride="3">
              <param name="X" type="float"/>
              <param name="Y" type="float"/>
              <param name="Z" type="float"/>
            </accessor>
          </technique_common>
        </source>
        <source id="Roundcube-mesh-normals">
          <float_array id="Roundcube-mesh-normals-array" count="5301">-0.8467287 0.003540217 -0.5320132 -0.5329494 -0.03833156 -0.8452785 -0.6502621 -0.06878912 -0.7565892 -0.9169744 -0.07992929 -0.3908571 -0.9875888 0.1056866 -0.1161851 -0.9421434 0.221749 -0.2513827 -0.6791853 0.09326815 -0.7280169 -0.9481005 -0.1912315 -0.2540394 -0.8335044 -0.3552717 -0.4231459 -0.9551081 -0.2094249 -0.2095469 -0.8203801 -0.4338575 -0.3724839 -0.9406592 -0.2991786 -0.1601641 -0.9996513 -0.0245983 0.009613454 -0.9994816 -0.03119087 -0.007996082 -0.8068704 0.5792877 -0.1156988 -0.8969936 0.4420419 -0.00125128 -0.9366006 0.3322309 0.1113642 -0.7817143 0.6051008 0.1509165 -0.7527316 0.6567785 0.04513823 -0.9577019 0.1593118 0.2396391 -0.9387608 0.1547307 0.3078745 -0.8270236 0.266132 0.4951826 -0.8533666 0.3097658 0.4192977 -0.9610127 0.1667558 0.2205607 -0.4114596 0.1840306 -0.8926554 -0.1890376 0.02472072 -0.9816586 -0.3421192 -0.002655148 -0.9396529 -0.8159357 0.362204 -0.4506187 -0.5769649 0.5202907 -0.6296104 -0.2179396 0.2138805 -0.9522383 -0.6367459 0.7405711 -0.2147308 -0.3793869 0.6028806 -0.7018551 -0.6162062 0.7839073 0.07602244 -0.4753378 0.8425762 -0.2532184 -0.2229117 -0.05108898 -0.973499 -0.4144831 -0.06827175 -0.9074926 -0.5039934 -0.1433485 -0.8517287 -0.7543357 -0.1351682 -0.6424229 -0.5899131 -0.4108241 -0.6951447 -0.3076618 -0.6266767 -0.7159753 -0.588015 -0.5280446 -0.6127051 -0.2938706 -0.7210496 -0.6274773 -0.5682955 -0.6184079 -0.5427816 -0.8283503 -0.2981719 -0.4742673 -0.1977635 0.8812682 0.4292505 -0.450528 0.8857353 0.1117927 -0.3814859 0.8508357 0.3613129 -0.1450881 0.8285042 0.5408609 0 0.8287444 0.5596275 0 0.8877504 0.4603252 -0.2713182 0.9512008 0.1469818 -0.1585502 0.7301855 0.6645985 -0.397966 0.6005196 0.6935412 -0.1764323 0.6622086 0.7282524 -0.4119133 0.5154334 0.7514359 -0.1975192 0.5901162 0.7827829 0 0.6813064 0.7319985 0 0.74561 0.6663826 -0.9082251 -0.4172604 0.03195375 -0.9916064 -0.1209179 0.0457791 -0.8992195 -0.4347469 -0.04898339 -0.7808293 -0.6224966 -0.0529505 -0.7680821 -0.6364214 0.07083553 -0.8891126 -0.4253751 0.1689231 -0.9409803 -0.1236044 0.3150843 -0.9709014 -0.1080983 0.2136941 -0.7873627 0.3171547 0.5286522 -0.87322 0.1437767 0.4656339 -0.8712068 0.1506742 0.4672215 -0.9148365 -0.136847 0.3799306 -0.9595459 -0.08624649 0.2680173 -0.91305 0.2000244 0.3554294 -0.8621389 -0.4372801 0.2559346 -0.7568238 -0.6333113 0.1616621 -0.9120694 -0.3893347 0.1286388 -0.3734591 -0.9211503 -0.1095932 -0.1708789 -0.9554449 -0.2406771 -0.1660874 -0.9804408 -0.1055976 0 -0.9949989 -0.09988743 0 -0.9997064 -0.02423197 -0.1402641 -0.9896314 -0.03091543 -0.1279363 -0.9917509 0.00790441 -0.3447129 -0.9383089 -0.02737557 0 -0.9999998 -7.93505e-4 0 -0.999401 -0.03460836 -0.1301621 -0.9912768 -0.02069163 -0.3269234 -0.9446657 0.02697908 -0.3310394 -0.9425178 0.04553431 -0.6555892 0.4551677 0.6025158 -0.4512619 0.4786074 0.7531917 -0.6302203 0.3660771 0.684697 -0.7690547 0.2634422 0.5823684 -0.8220975 0.3867707 0.4178088 -0.6765317 0.5480436 0.4918872 -0.4817744 0.5734233 0.6626306 -0.9603688 -0.2787291 -0.00137335 -0.8490093 -0.5201361 -0.09296101 -0.8678116 -0.496821 -0.008484303 -0.9728391 -0.2292624 0.03198438 -0.9919301 0.00802648 0.126532 -0.5168777 -0.7227315 -0.4587991 -0.2723512 -0.8086913 -0.5213859 -0.481292 -0.8097121 -0.3357447 -0.6499695 -0.7170814 -0.2516621 -0.7592225 -0.5707063 -0.3128508 -0.5216352 -0.8232266 -0.2240419 -0.2739736 -0.871454 -0.406825 -0.3227442 -0.8951688 -0.3074234 -0.5839879 -0.7975929 -0.1510097 -0.7379527 -0.6624789 -0.1286381 -0.4248558 0.4490268 0.7860488 -0.2249853 0.5376514 0.8125962 -0.2524868 0.5645781 0.785813 0 0.6022682 0.7982938 0 0.5812931 0.8136943 0 0.6196839 0.7848516 -0.8989155 0.1435627 0.4139333 -0.7869123 0.237441 0.5695531 -0.8708366 -0.4757952 -0.123542 -0.7738131 -0.6289998 -0.07464981 -0.1411201 0.7959063 0.588743 -0.3464246 0.8003686 0.4892854 -0.3579236 0.7490211 0.5575466 0 0.8045908 0.5938298 -0.5660408 -0.2695462 -0.7790653 -0.2641167 -0.1376129 -0.9546231 -0.3004047 -0.2821235 -0.911133 -0.8086892 -0.2307227 -0.5410997 -0.9557052 0.2197679 0.1957799 -0.999592 -0.001892149 -0.02850478 -0.8567178 0.3518613 0.3771316 -0.8413817 0.4258333 0.3327805 -0.9413789 -0.1656248 -0.2938948 -0.6974243 -0.7073125 0.1153625 -0.6934518 -0.720278 -0.01800614 -0.5465615 -0.8301118 0.1103865 -0.6921738 -0.6925095 0.2032878 -0.8585672 -0.4970973 0.1255256 -0.9102095 0.350759 0.2201972 -0.8124869 0.5079035 0.2861802 -0.9251019 0.3267399 0.193462 -0.9848938 0.06842464 0.1590675 -0.9612209 0.04596132 0.2719227 -0.8703764 0.3542056 0.3420284 -0.7828642 0.5356841 0.3164907 -0.668552 0.6208811 0.4093225 -0.4900532 0.6715227 0.5557924 -0.829206 0.4553766 0.3241136 -0.641461 0.6671586 0.3787178 -0.4717372 0.7395138 0.4801911 -0.9330694 0.2720804 0.235274 -0.9921237 0.06592184 0.1065126 -0.6588184 -0.7391449 -0.1400832 -0.7600736 -0.6495951 0.01773148 -0.5686391 -0.807973 -0.1543675 -0.4891661 -0.8449622 -0.2162305 -0.5085683 -0.8436973 -0.1718524 -0.8705531 -0.2798588 0.4047424 -0.9312327 -0.2701866 0.2445504 -0.7901793 -0.5069282 0.3444426 -0.7556632 -0.2522438 0.604439 -0.7467859 0.06714326 0.6616665 -0.8882442 0.03894174 0.4577181 -0.1087384 -0.9927458 -0.05130207 -0.2342675 -0.9516279 -0.1988039 -0.1125854 -0.9728915 -0.2020066 -0.2509 -0.9430192 -0.2185494 -0.1173477 -0.9662796 -0.2292018 0 -0.9789921 -0.2038982 0 -0.9985069 -0.05462825 -0.1226567 -0.9834513 -0.1333384 -0.2911563 -0.9503172 -0.1101145 0 -0.9896328 -0.1436214 -0.4556821 0.5634759 0.6890929 -0.3378496 0.7243167 0.6010184 -0.53631 0.6402271 0.5499826 -0.595977 0.4961184 0.6314097 -0.4226319 0.5373235 0.7298396 -0.2506834 0.5532796 0.79438 -0.2904847 0.6264131 0.7233431 -0.1161851 -0.9894199 0.08688706 -0.2361873 -0.9707516 -0.04309296 0 -0.9965052 0.08353036 0 -0.9888107 0.1491761 -0.1336429 -0.9783492 0.1580276 -0.2530329 -0.9625991 0.09683668 -0.6013214 0.6822585 0.4158557 -0.4318213 0.7755937 0.4604181 -0.7160732 0.5279219 0.4566595 -0.3850681 0.7818557 0.4903308 -0.9614366 -0.2393291 0.1355038 -0.8347894 -0.5024057 0.2252005 -0.02853524 0.4016304 0.9153572 -0.2181476 0.4345863 0.8738115 0.005279779 0.1547927 0.9879329 0 0.1558309 0.9877837 0 0.3806071 0.9247369 -0.09256416 0.5447033 0.8335047 -0.2641448 -0.1560453 0.951776 -0.03350937 -0.1073644 0.9936549 -0.3138642 -0.4521487 0.8348958 -0.1127672 -0.4091666 0.9054647 0 -0.0852704 0.9963579 -0.6486617 -0.7007279 0.2970159 -0.5498669 -0.8117837 0.1966055 -0.5261265 -0.8020843 0.2825805 -0.5035404 -0.8033635 0.3178906 -0.5810964 -0.7169399 0.3851289 -0.698861 -0.5020726 0.5094278 -0.7622492 0.3716331 0.529967 -0.627259 0.4101156 0.6620813 -0.5394944 0.513858 0.6670051 -0.3149011 -0.9128715 0.2598133 -0.1609868 -0.9570399 0.2411597 0 -0.9725469 0.2327069 -0.1795142 -0.9016609 0.3934237 -0.3395206 -0.8649612 0.369551 -0.4817213 -0.7289301 0.4864214 -0.5381502 -0.4853209 0.6890996 -0.4432928 -0.8289347 0.3411142 -0.338856 -0.7354241 0.5867949 -0.1674007 -0.7340607 0.6581276 0 -0.3882985 0.9215337 0 -0.733277 0.67993 -0.4216545 -0.8862496 0.1917527 -0.4378902 -0.8556684 0.275833 -0.2789453 -0.9440802 0.1757904 -0.5280047 0.1142316 0.8415237 -0.5531561 -0.2063997 0.8071044 -0.2273089 0.1465239 0.9627364 -0.4531558 0.4319142 0.7798077 0 0.8313078 0.5558125 -0.2245299 0.8247516 0.51901 -0.1979787 0.8203895 0.5364379 -0.1635543 0.7646371 0.623362 0 0.7751797 0.6317409 -0.4034347 -0.9088344 0.1061156 -0.5351734 -0.844479 -0.0210883 -0.3867397 -0.9216808 -0.03061074 0 0.6660443 0.7459123 -0.1311424 0.6584897 0.7410756 0 0.5340229 0.8454701 -0.4418234 -0.8918869 -0.09659254 -0.5229478 -0.8504806 0.05664372 -0.3915894 -0.8940848 -0.2174174 -0.3682146 -0.9103584 -0.188853 0 0.8197092 0.5727801 -0.2729986 0.7406211 0.6139644 -0.2511157 0.8013852 0.5428837 0 0.8416007 0.5401004 -0.1189329 -0.2847736 -0.9511883 0 -0.1340086 -0.9909802 0 -0.2868523 -0.9579748 -0.117744 -0.4938049 -0.8615644 -0.3134046 -0.4749443 -0.8223172 -0.1080366 -0.134588 -0.9849947 -0.627895 0.6229205 0.4666028 -0.8146886 0.5196562 0.2573713 -0.6509683 0.5426262 0.5308459 -0.3820712 0.6725234 0.633825 -0.6016774 0.6952174 0.3932648 -0.6297755 0.3376708 0.6995437 -0.6473161 0.3980948 0.6500018 -0.1386769 -0.9221832 -0.3610361 0 -0.8893911 -0.4571474 0 -0.9248253 -0.3803921 -0.3728855 -0.9031289 -0.2128725 -0.1060231 -0.8889276 -0.4456083 -0.1043767 -0.8338541 -0.5420266 0 -0.7571825 -0.6532034 0 -0.8386898 -0.5446097 -0.113195 -0.7518051 -0.6495969 0 0.6846027 0.7289164 -0.2713146 0.6517043 0.7082867 0 0.7651154 0.6438933 -0.5844141 -0.8114166 0.007965505 -0.5617942 -0.8208091 0.1032458 -0.6010419 -0.7937391 -0.09341877 -0.6562798 0.4759737 0.5854452 -0.5915554 0.7577024 0.2755892 0 -0.657257 -0.7536665 -0.1145093 -0.6536371 -0.748095 -0.09128361 0.03589081 -0.995178 0 -0.04492449 -0.9989905 -0.09680694 -0.0443139 -0.9943163 -0.2930721 0.9145876 -0.2786367 0 0.6578757 -0.7531266 -0.2241031 0.6366934 -0.7378343 0 0.9569271 -0.2903284 -0.1167648 0.2240078 -0.9675673 0 0.03860658 -0.9992546 0 0.228529 -0.9735372 0.8467287 0.003540217 -0.5320132 0.5329494 -0.03833156 -0.8452785 0.6791853 0.09326815 -0.7280169 0.9421434 0.221749 -0.2513827 0.9875888 0.1056866 -0.1161851 0.9169744 -0.07992929 -0.3908571 0.6502621 -0.06878912 -0.7565892 0.8335044 -0.3552717 -0.4231459 0.9481005 -0.1912315 -0.2540394 0.9551081 -0.2094249 -0.2095469 0.9994816 -0.03119087 -0.007996082 0.9996513 -0.0245983 0.009613454 0.9406592 -0.2991786 -0.1601641 0.8203801 -0.4338575 -0.3724839 0.8068704 0.5792877 -0.1156988 0.8969936 0.4420419 -0.00125128 0.7527316 0.6567785 0.04513823 0.7817143 0.6051008 0.1509165 0.9366006 0.3322309 0.1113642 0.9577019 0.1593118 0.2396391 0.9610127 0.1667558 0.2205607 0.8533666 0.3097658 0.4192977 0.8270236 0.266132 0.4951826 0.9387608 0.1547307 0.3078745 0.4114596 0.1840306 -0.8926554 0.1890376 0.02472072 -0.9816586 0.2179396 0.2138805 -0.9522383 0.5769649 0.5202907 -0.6296104 0.8159357 0.362204 -0.4506187 0.3421192 -0.002655148 -0.9396529 0.6367459 0.7405711 -0.2147308 0.3793869 0.6028806 -0.7018551 0.4753378 0.8425762 -0.2532184 0.6162062 0.7839073 0.07602244 0.2229117 -0.05108898 -0.973499 0.4144831 -0.06827175 -0.9074926 0.7543357 -0.1351682 -0.6424229 0.5039934 -0.1433485 -0.8517287 0.3076618 -0.6266767 -0.7159753 0.5899131 -0.4108241 -0.6951447 0.588015 -0.5280446 -0.6127051 0.8283503 -0.2981719 -0.4742673 0.5682955 -0.6184079 -0.5427816 0.2938706 -0.7210496 -0.6274773 0.1977635 0.8812682 0.4292505 0.450528 0.8857353 0.1117927 0.2713182 0.9512008 0.1469818 0.1450881 0.8285042 0.5408609 0.3814859 0.8508357 0.3613129 0.397966 0.6005196 0.6935412 0.1585502 0.7301855 0.6645985 0.1764323 0.6622086 0.7282524 0.1975192 0.5901162 0.7827829 0.4119133 0.5154334 0.7514359 0.9082251 -0.4172604 0.03195375 0.9916064 -0.1209179 0.0457791 0.9709014 -0.1080983 0.2136941 0.9409803 -0.1236044 0.3150843 0.8891126 -0.4253751 0.1689231 0.7680821 -0.6364214 0.07083553 0.7808293 -0.6224966 -0.0529505 0.8992195 -0.4347469 -0.04898339 0.87322 0.1437767 0.4656339 0.7873627 0.3171547 0.5286522 0.8712068 0.1506742 0.4672215 0.91305 0.2000244 0.3554294 0.9595459 -0.08624649 0.2680173 0.9148365 -0.136847 0.3799306 0.8621389 -0.4372801 0.2559346 0.9120694 -0.3893347 0.1286388 0.7568238 -0.6333113 0.1616621 0.1708789 -0.9554449 -0.2406771 0.3734591 -0.9211503 -0.1095932 0.1660874 -0.9804408 -0.1055976 0.1402641 -0.9896314 -0.03091543 0.1279363 -0.9917509 0.00790441 0.3447129 -0.9383089 -0.02737557 0.3310394 -0.9425178 0.04553431 0.3269234 -0.9446657 0.02697908 0.1301621 -0.9912768 -0.02069163 0.6555892 0.4551677 0.6025158 0.4512619 0.4786074 0.7531917 0.4817744 0.5734233 0.6626306 0.6765317 0.5480436 0.4918872 0.8220975 0.3867707 0.4178088 0.7690547 0.2634422 0.5823684 0.6302203 0.3660771 0.684697 0.9603688 -0.2787291 -0.00137335 0.9919301 0.00802648 0.126532 0.9728391 -0.2292624 0.03198438 0.8678116 -0.496821 -0.008484303 0.8490093 -0.5201361 -0.09296101 0.5168777 -0.7227315 -0.4587991 0.7592225 -0.5707063 -0.3128508 0.6499695 -0.7170814 -0.2516621 0.481292 -0.8097121 -0.3357447 0.2723512 -0.8086913 -0.5213859 0.5216352 -0.8232266 -0.2240419 0.2739736 -0.871454 -0.406825 0.7379527 -0.6624789 -0.1286381 0.5839879 -0.7975929 -0.1510097 0.3227442 -0.8951688 -0.3074234 0.4248558 0.4490268 0.7860488 0.2249853 0.5376514 0.8125962 0.2524868 0.5645781 0.785813 0.8989155 0.1435627 0.4139333 0.7869123 0.237441 0.5695531 0.8708366 -0.4757952 -0.123542 0.7738131 -0.6289998 -0.07464981 0.14115 0.7959029 0.5887405 0.3464246 0.8003686 0.4892854 0.3579236 0.7490211 0.5575466 0.5660408 -0.2695462 -0.7790653 0.2641167 -0.1376129 -0.9546231 0.8086892 -0.2307227 -0.5410997 0.3004047 -0.2821235 -0.911133 0.9557052 0.2197679 0.1957799 0.8413817 0.4258333 0.3327805 0.8567178 0.3518613 0.3771316 0.999592 -0.001892149 -0.02850478 0.9413789 -0.1656248 -0.2938948 0.6974243 -0.7073125 0.1153625 0.8585672 -0.4970973 0.1255256 0.6921738 -0.6925095 0.2032878 0.5465615 -0.8301118 0.1103865 0.6934518 -0.720278 -0.01800614 0.9102095 0.350759 0.2201972 0.8124869 0.5079035 0.2861802 0.7828642 0.5356841 0.3164907 0.8703764 0.3542056 0.3420284 0.9612209 0.04596132 0.2719227 0.9848938 0.06842464 0.1590675 0.9251019 0.3267399 0.193462 0.668552 0.6208811 0.4093225 0.4900532 0.6715227 0.5557924 0.4717372 0.7395138 0.4801911 0.641461 0.6671586 0.3787178 0.829206 0.4553766 0.3241136 0.9330694 0.2720804 0.235274 0.9921237 0.06592184 0.1065126 0.6588184 -0.7391449 -0.1400832 0.7600736 -0.6495951 0.01773148 0.5085683 -0.8436973 -0.1718524 0.4891661 -0.8449622 -0.2162305 0.5686391 -0.807973 -0.1543675 0.8705531 -0.2798588 0.4047424 0.8882442 0.03894174 0.4577181 0.7467859 0.06714326 0.6616665 0.7556632 -0.2522438 0.604439 0.7901793 -0.5069282 0.3444426 0.9312327 -0.2701866 0.2445504 0.2342675 -0.9516279 -0.1988039 0.1087384 -0.9927458 -0.05130207 0.1125854 -0.9728915 -0.2020066 0.1173477 -0.9662796 -0.2292018 0.2509 -0.9430192 -0.2185494 0.1226567 -0.9834513 -0.1333384 0.2911563 -0.9503172 -0.1101145 0.4556821 0.5634759 0.6890929 0.3378496 0.7243167 0.6010184 0.2904847 0.6264131 0.7233431 0.2506834 0.5532796 0.79438 0.4226319 0.5373235 0.7298396 0.595977 0.4961184 0.6314097 0.53631 0.6402271 0.5499826 0.1161851 -0.9894199 0.08688706 0.2361873 -0.9707516 -0.04309296 0.2530329 -0.9625991 0.09683668 0.1336429 -0.9783492 0.1580276 0.6013214 0.6822585 0.4158557 0.4318213 0.7755937 0.4604181 0.3850681 0.7818557 0.4903308 0.7160583 0.5279335 0.4566695 0.9614366 -0.2393291 0.1355038 0.8347894 -0.5024057 0.2252005 0.02853524 0.4016304 0.9153572 0.09256416 0.5447033 0.8335047 -0.005279779 0.1547927 0.9879329 0.2181476 0.4345863 0.8738115 0.2641448 -0.1560453 0.951776 0.03350937 -0.1073644 0.9936549 0.1127672 -0.4091666 0.9054647 0.3138642 -0.4521487 0.8348958 0.6486617 -0.7007279 0.2970159 0.698861 -0.5020726 0.5094278 0.5810964 -0.7169399 0.3851289 0.5035404 -0.8033635 0.3178906 0.5261265 -0.8020843 0.2825805 0.5498669 -0.8117837 0.1966055 0.7622492 0.3716331 0.529967 0.5394944 0.513858 0.6670051 0.627259 0.4101156 0.6620813 0.3149011 -0.9128715 0.2598133 0.1609868 -0.9570399 0.2411597 0.3395206 -0.8649612 0.369551 0.1795142 -0.9016609 0.3934237 0.4817213 -0.7289301 0.4864214 0.338856 -0.7354241 0.5867949 0.4432928 -0.8289347 0.3411142 0.5381502 -0.4853209 0.6890996 0.1674007 -0.7340607 0.6581276 0.4216545 -0.8862496 0.1917527 0.4378902 -0.8556684 0.275833 0.2789453 -0.9440802 0.1757904 0.5280047 0.1142316 0.8415237 0.5531561 -0.2063997 0.8071044 0.2273089 0.1465239 0.9627364 0.4531558 0.4319142 0.7798077 0.2245299 0.8247516 0.51901 0.1979787 0.8203895 0.5364379 0.1635543 0.7646371 0.623362 0.4034347 -0.9088344 0.1061156 0.5351734 -0.844479 -0.0210883 0.3867397 -0.9216808 -0.03061074 0.1311424 0.6584897 0.7410756 0.4418234 -0.8918869 -0.09659254 0.3915894 -0.8940848 -0.2174174 0.5229478 -0.8504806 0.05664372 0.3682146 -0.9103584 -0.188853 0.2729986 0.7406211 0.6139644 0.2511157 0.8013852 0.5428837 0.1189329 -0.2847736 -0.9511883 0.1080366 -0.134588 -0.9849947 0.3134046 -0.4749443 -0.8223172 0.117744 -0.4938049 -0.8615644 0.627895 0.6229205 0.4666028 0.8146886 0.5196562 0.2573713 0.6016774 0.6952174 0.3932648 0.3820712 0.6725234 0.633825 0.6509683 0.5426262 0.5308459 0.6297755 0.3376708 0.6995437 0.6473161 0.3980948 0.6500018 0.1386769 -0.9221832 -0.3610361 0.1060231 -0.8889276 -0.4456083 0.3728855 -0.9031289 -0.2128725 0.1043767 -0.8338541 -0.5420266 0.113195 -0.7518051 -0.6495969 0.2713146 0.6517043 0.7082867 0.5844141 -0.8114166 0.007965505 0.5617942 -0.8208091 0.1032458 0.6010419 -0.7937391 -0.09341877 0.6562798 0.4759737 0.5854452 0.5915554 0.7577024 0.2755892 0.1145093 -0.6536371 -0.748095 0.09128361 0.03589081 -0.995178 0.09680694 -0.0443139 -0.9943163 0.2930721 0.9145876 -0.2786367 0.2241031 0.6366934 -0.7378343 0.1167648 0.2240078 -0.9675673 -0.2179035 0.1667847 -0.9616138 -0.1432591 -0.3688908 -0.9183662 -0.1845205 -0.372856 -0.9093573 -0.2308189 -0.7756531 -0.5874394 -0.1101427 -0.7958718 -0.5953627 -0.244061 -0.4086198 -0.8794682 -0.4554734 0.08612608 -0.8860735 0.4930993 -0.8430634 -0.2147028 0.191022 -0.744098 -0.6401788 0.1544252 -0.7705392 -0.6184029 0.2711616 -0.9480432 -0.1663898 0.401781 -0.8618837 0.3094004 0.6554628 -0.7213539 0.2236453 0.5499311 -0.7966813 -0.2507483 -0.2894146 -0.531982 0.7957604 -0.6412111 -0.6547617 0.4001694 -0.4465245 -0.3994335 0.8006677 -0.04550403 -0.09998077 0.9939484 0.004699945 -0.1164309 0.9931877 -0.1277242 -0.5925974 0.7953081 -0.4277242 -0.8112874 0.3985785 0.2335293 0.3592055 0.9035682 -0.1026049 -0.04232984 0.9938211 0.2860589 0.3154186 0.9048103 0.4549198 0.6980666 0.5529476 0.1483231 0.3937276 0.9071818 0.1489621 0.0753203 -0.9859702 -0.1513754 -0.4065772 -0.9009887 -0.1324236 -0.3931815 -0.9098749 -0.4729876 -0.6649233 -0.5780655 -0.3509078 -0.7390489 -0.5750396 -0.4283357 0.8828874 0.1924535 -0.006164848 0.8094025 0.587222 -0.08002167 0.9895285 0.1201241 0.2744294 0.9575425 0.08832281 0.2313643 0.8913674 -0.3897882 -0.1514389 0.9219401 -0.356501 -0.5386884 0.7992584 -0.2664601 -0.01669383 -0.9926593 -0.1197869 0.02386629 -0.7903961 -0.6121312 -0.2523927 -0.962022 -0.1039785 -0.2144315 -0.8930682 0.3955356 0.05325502 -0.9256616 0.3745861 -0.2364652 -0.4836124 -0.8427356 -0.5929887 -0.05459886 -0.8033577 -0.2520251 -0.4758813 -0.8426271 0.07019454 0.3192632 0.9450629 0.4165576 -0.0880481 0.9048355 0.0514242 0.3171824 0.9469693 0.2465613 -0.1254322 0.9609758 0.01721256 0.360122 0.9327465 -0.3463311 0.6161811 0.7073724 0.6326269 -0.4608663 0.622403 0.3929928 -0.5753742 0.7172874 0.4602602 -0.05374431 0.8861559 0.697975 -0.4011754 0.5932025 0.1327267 0.6111106 -0.7803381 0.5279889 0.7531014 -0.3925125 0.3870998 0.4916875 -0.7799982 0.5605136 0.3063811 -0.7693862 0.241068 -0.03949129 -0.9697045 -0.004150569 0.1572963 -0.9875428 -0.6385548 0.7116484 0.292924 -0.2350615 0.7361009 0.6347455 -0.781441 0.6051018 -0.1523207 -0.6782907 0.6540584 0.3348574 -0.359695 0.5856564 0.7263787 -0.4542168 -0.885941 -0.0937854 -0.6519148 -0.7518337 -0.09875923 0.05252259 0.3903642 0.9191612 0.08166855 -0.1370298 0.9871945 -0.5516098 0.5186182 -0.6532703 -0.7695845 0.336327 -0.5427927 -0.6140777 -0.09387719 -0.7836427 -0.8162972 0.2704002 -0.5104337 -0.2016696 0.6322928 -0.7480209 0.5540407 0.828711 0.07922714 0.2487325 0.7891688 0.5615557 0.6039971 0.5669168 0.5601722 0.7600157 0.6439213 0.08798635 0.7423198 0.5485226 -0.3848173 0.9173694 0.3770923 0.1274166 0.7123423 0.3799607 0.5900835 0.9773901 0.1134718 0.1784175 0.9633842 -0.03143423 -0.2662758 0.9033697 0.2574298 -0.3430058 -0.1595228 0.03280788 0.986649 0.3132808 0.2536765 0.9151521 0.3109319 0.1897393 0.9313004 0.7537674 0.2002375 0.6258912 -0.8174624 -0.4336503 0.3790816 -0.5780324 -0.2162281 0.7868444 -0.6485035 -0.09103888 0.7557482 -0.2060353 0.08032661 0.9752421 -0.5707173 -0.5731284 -0.5880525 -0.815839 -0.5642388 -0.1266546 -0.6137766 -0.5332968 -0.5821279 -0.8835947 -0.4459175 -0.1428914 0.3042771 -0.2037771 -0.9305323 -0.1632464 -0.4423738 -0.8818482 0.3276858 -0.3811556 -0.8644898 -0.1730735 -0.5072879 -0.8442183 0.6848453 0.0518822 -0.7268393 0.7379949 -0.2026502 -0.6436587 0.9724525 -0.09457784 0.213052 0.7570917 0.04526007 0.6517391 0.7329742 -0.07736557 0.6758427 0.8356036 -0.3972016 0.3794702 0.9496685 -0.2544698 -0.1826884 0.3022605 0.1057484 0.9473415 -0.2222102 0.0401327 0.9741725 -0.2218752 -0.05084508 0.9737486 0.2925562 -0.1785063 0.9394395 -0.6611003 -0.1062362 0.7427383 -0.892071 -0.285597 0.3502057 -0.8873074 -0.2942025 0.3551488 -0.4840639 -0.3665348 0.7945656 -0.6125834 -0.5757161 -0.541565 -0.8817889 -0.4569932 -0.116644 -0.5909154 -0.638373 -0.4932535 -0.7075824 -0.7031267 -0.0702852 0.3304317 -0.53311 -0.7788509 -0.1756988 -0.5974125 -0.7824502 0.3069361 -0.631482 -0.712054 -0.1410887 -0.7787503 -0.6112627 0.741674 -0.3991281 -0.5390886 0.5991212 -0.6958974 -0.3959553 0.2111939 -0.6899815 0.6923314 -0.6890949 -0.593539 0.4157642 0.09692925 -0.9395672 0.3283571 0.8037486 -0.5948765 -0.01049852 -0.01467955 -0.9932683 -0.1149036 0.08487397 -0.6233859 0.7772943 0.1068465 0.8896853 -0.4438965 -0.7291663 0.5748914 -0.3712363 -0.6011333 0.7766177 -0.1884244 0.07114034 0.9350484 -0.3473089 0.524928 0.7540956 -0.3947031 0.5944533 0.6981881 -0.3989472 -0.07706117 0.7935929 -0.6035494 0.8851909 0.4181492 -0.2039321 0.5156883 0.7081748 -0.4822388 0.8469689 0.4748177 -0.2391484 0.9816676 0.185127 0.0453509 0.9902717 0.1375173 0.021241 0.8607186 0.4450845 -0.2471098 0.9125016 -0.4061226 -0.04904478 0.9319264 -0.3563086 -0.06750786 0.8718503 -0.4825437 -0.08383703 0.4767396 -0.8675983 -0.1413952 0.5526636 -0.8298653 -0.07672405 0.0160222 -0.9998485 0.006805598 -0.06671482 -0.994161 0.08481264 0.2154631 -0.9716896 -0.09692782 -0.2382025 -0.9406331 0.2418038 -0.5914012 -0.7290122 0.3446534 -0.5996327 -0.7878113 0.1406915 -0.9172685 -0.3533144 0.1838138 -0.8596241 -0.3104681 0.4057785 -0.6336168 -0.6130161 0.4719546 -0.8368383 -0.2678065 0.4774739 -0.9508773 0.01535099 0.3091869 -0.9894 -0.08182179 0.1199707 -0.9302446 0.3405292 0.1366938 -0.9166427 0.3175517 0.2427493 -0.6763028 0.736578 0.008209586 -0.9891735 0.1445062 -0.02557468 -0.07034558 0.7485322 -0.6593566 -0.5486135 0.782177 -0.2953345 -0.09219992 0.9253259 -0.3677926 0.3055593 0.6843954 -0.6619943 0.176738 0.4055727 -0.8968136 -0.02905404 0.3359836 -0.9414196 -0.2440044 0.366266 -0.8979484 -0.4422245 0.6296435 -0.6387383 -0.8927284 0.4150053 -0.1755181 -0.9810812 -0.0723313 0.1795769 -0.8912871 0.4530903 -0.01779276 -0.9912902 -0.06579911 0.1140803 -0.8898316 0.4511113 -0.06854718 -0.5510215 0.8152555 -0.1781397 -0.792337 -0.5986322 0.1176511 -0.3485649 -0.8305008 0.4344778 -0.7558401 -0.5574954 0.3433723 -0.3441935 -0.8813282 0.3237152 -0.7793146 -0.5728809 0.2539219 -0.9936469 -0.1102662 -0.02252322 0.1036725 -0.8877936 0.4484135 0.5522717 -0.819557 0.152717 0.5402542 -0.7471451 0.3871689 0.1435937 -0.9247068 0.3525599 0.08954209 -0.9718403 0.2179651 0.8822797 -0.4048373 0.2401861 0.9835876 0.0682398 -0.1670289 0.9941616 0.1063898 0.01800626 0.8909453 -0.3840529 0.242322 0.5788799 -0.7415755 0.3390635 0.8943593 -0.4471338 0.01388609 0.7805524 0.5960349 -0.1883628 0.369283 0.8461769 -0.3842069 0.3631789 0.8857597 -0.2890172 0.7664355 0.6244284 -0.1505525 0.9896383 0.1340698 0.05139392 0.7701945 0.55146 -0.3204566 -0.1066657 0.9544976 -0.2784905 -0.5626123 0.7970264 -0.219582 -0.1311097 0.945571 -0.2978352 0.344195 0.8983619 -0.2729023 -0.9804019 0.05701005 -0.1885787 -0.9859172 -0.1439887 -0.08505648 -0.9870315 -0.1511326 -0.05411106 -0.7774806 0.3994678 -0.4857461 -0.9497124 0.1935192 -0.246164 -0.867255 -0.4974578 -0.02011191 -0.5533754 -0.832932 2.44154e-4 -0.9122491 -0.409537 -0.009003102 0.1212823 -0.9917138 0.0423603 0.5938779 -0.8045231 -0.007202565 0.08633822 -0.9962623 -0.002716183 -0.4738432 -0.8805744 0.007843434 0.9029043 -0.4252821 0.06244182 0.9971703 0.03585952 -0.06607311 0.9001388 -0.4353591 -0.01458823 0.997841 0.05313313 -0.03860616 0.6066664 -0.792469 0.06283962 0.8230448 0.5043927 -0.2611232 0.3801743 0.829352 -0.409442 0.4406995 0.7393924 -0.5090018 0.9960513 0.08603328 -0.02191269 0.7865737 0.5815451 -0.2076227 -0.1661777 0.7284963 -0.6645888 -0.7058835 0.5303664 -0.4695106 -0.1782026 0.8156913 -0.5503559 -0.1669706 0.9087703 -0.3824362 -0.6188027 0.7135031 -0.3286283 0.3367175 0.8892357 -0.309647 0.7667104 0.6237876 -0.1518039 0.9912371 0.1265026 0.03802704 0.900049 -0.4027346 0.1664835 0.6061512 -0.7730329 0.1870856 0.1532056 -0.9753282 0.1589432 -0.3881481 -0.9134513 0.1222614 -0.8179664 -0.5692987 0.08264505 -0.9943101 -0.1054127 -0.01535105 -0.9134423 0.3658042 -0.1783547 -0.2937742 0.1430722 -0.9451069 0 0 -1 0.2637473 0.1963913 -0.9443876 0.2937742 -0.1430722 -0.9451069 0.02905404 -0.3359836 -0.9414196 -0.2637473 -0.1963913 -0.9443876 0.79521 0.04757952 -0.6044645 0.7429018 -0.3869852 -0.5462046 0.47381 -0.7346268 -0.4856209 0.2440044 -0.366266 -0.8979484 0.4279938 0.04138326 -0.9028338 -0.7208655 0.3275635 -0.6107825 -0.4279938 -0.04138326 -0.9028338 -0.8234579 -0.104832 -0.5576087 0.07217729 -0.8838286 -0.4622094 -0.3493812 -0.8132696 -0.4653228 -0.176738 -0.4055727 -0.8968136 0.6185117 0.4394833 -0.6513814 -0.6813769 -0.5267044 -0.5082401 -0.3900306 -0.8985354 0.2012717 -0.5119256 -0.6603701 0.549403 -0.8790864 -0.4324932 -0.2003916 -0.5073439 -0.8468041 0.1597657 -0.2970759 -0.6992606 0.6502159 -0.5681436 -0.1946814 0.79957 -0.8922874 -0.07001084 0.4460064 -0.9445196 -0.2920628 0.1502735 -0.9018137 0.3317749 0.2768707 -0.5805355 0.3378776 0.7408221 -0.3436726 -0.1177417 0.9316792 -0.3286288 0.2860548 0.9000977 -0.5882934 0.6945622 0.4141187 -0.7815042 0.602723 0.1611717 -0.7688894 0.6039966 -0.2097554 -0.5323221 0.8461546 -0.02560585 -0.2993588 0.7189311 0.6273137 -0.2141852 0.9630705 0.1631567 -0.1933063 0.9595428 -0.2047203 -0.4681403 0.8115165 -0.3496937 -0.7213547 0.5444343 -0.4280641 -0.4005075 0.7010636 -0.5900031 -0.2500424 0.7748479 -0.5805941 -0.1330341 0.5176703 -0.8451742 -0.2829107 0.5401245 -0.7926079 -0.6996491 0.4774705 -0.5315197 -0.004089593 -0.4450967 -0.8954733 -0.3339076 0.05304187 -0.9411123 0.09521889 -0.168861 -0.9810298 0.3006731 -0.5940826 -0.7460976 0.06326574 -0.8022518 -0.5936242 -0.1581787 -0.7904664 -0.5917283 -0.3340334 -0.6739569 -0.6589415 -0.3714143 -0.3183115 -0.872198 -0.7300534 0.2515405 -0.6354129 -0.8160621 0.5739505 -0.06799751 -0.6701435 0.4258057 -0.6079451 -0.8258216 0.5575265 -0.08475208 -0.6592868 0.4204701 -0.6233345 -0.2821208 0.1704505 -0.9441158 -0.8494013 0.3297259 0.4120658 -0.4077976 0.4544004 0.7919732 -0.6961988 0.5652724 0.4424641 -0.4064207 0.4383435 0.8016715 -0.7187057 0.5470635 0.4291663 -0.9261007 0.3576833 -0.1200009 -0.04495447 0.287245 0.9568017 0.2775105 -0.2056074 0.9384634 0.3502441 0.06937128 0.934086 -0.02960401 0.2849924 0.9580726 -0.1615687 0.01501542 0.9867473 0.7147103 -0.1849799 0.6745159 0.8296541 -0.5462869 0.1150864 0.9017999 -0.3956761 0.173774 0.7118297 -0.1370617 0.6888488 0.3533511 0.08948224 0.9312014 0.6575695 -0.4150934 0.6287288 0.7999935 -0.4551597 -0.3909478 0.4485161 -0.389949 -0.8042221 0.4841038 -0.3154823 -0.8161584 0.8626569 -0.3715717 -0.3431583 0.922106 -0.3141033 0.2259638 0.7271798 -0.5422033 -0.4209812 0.1262276 -0.08121174 -0.9886715 -0.2496142 0.1795733 -0.9515494 0.1375494 -0.03885072 -0.9897328 -0.7633161 -0.4649297 -0.4485409 -0.4055988 -0.8329578 -0.376392 -0.6328833 -0.4771422 -0.6097494 -0.08444702 -0.7876127 -0.6103564 -0.2312152 0.172679 -0.9574558 0.1478362 -0.007568776 -0.9889829 0.1425852 0.005981683 -0.9897646 0.5956226 -0.1817448 -0.7824338 0.5742546 -0.1970643 -0.7946052 -0.08081567 0.1981326 0.9768379 0.2434523 0.06494504 0.9677361 -0.1914762 -0.03018325 0.9810332 -0.4948958 0.3212733 0.8073796 -0.4622469 -0.7469319 -0.4779338 -0.2530065 -0.9227869 -0.2906064 0.06439614 -0.9173856 -0.3927554 -0.0159918 -0.997323 -0.07135283 -0.318193 -0.9469797 0.04452747 -0.5423209 -0.8255363 -0.1561347 0.5561747 -0.8301725 -0.03851473 0.3989703 -0.8398428 0.3680855 0.06772118 -0.7543941 0.6529191 -0.1203368 -0.9832345 0.1370003 0.175853 -0.9643842 -0.1975829 -0.7178007 -0.2468355 -0.6510257 -0.6327517 -0.7018468 -0.3271643 -0.9384784 -0.2353063 -0.2527635 -0.3345208 -0.6193259 0.7103037 -0.5644226 0.1996567 0.8009771 -0.700507 -0.457147 0.5480026 -0.5171146 -0.8528546 0.07233011 0.5020735 -0.740521 -0.4467114 -0.9276639 -0.3206965 0.1912948 0.135625 0.08478081 -0.9871262 -0.1355046 0.4057509 -0.9038832 0.2253207 0.3980575 -0.8892586 0.5403649 0.1404777 -0.8296215 0.6185977 -0.05771213 -0.7835855 -0.2287387 0.1807937 -0.9565523 -0.2323453 0.2904545 -0.9282521 -0.873255 0.2027411 -0.4430823 -0.9343252 0.2427219 -0.2610031 -0.862789 0.1924566 -0.4674992 -0.6464597 0.4498544 -0.6162151 -0.8658851 0.1913236 -0.4622102 0.1338279 0.1689252 -0.9765011 0.02810776 0.2259607 -0.9737309 -0.07135415 0.325977 -0.9426811 -0.5294197 0.4038935 -0.7460463 -0.5127513 -0.3269816 -0.7938321 -0.05679678 -0.5809695 -0.8119413 0.0345478 -0.6340689 -0.7725045 0.1818639 -0.7199784 -0.6697438 0.162698 -0.6795718 -0.7153403 -0.8967372 0.2298074 -0.3782209 -0.5264347 0.5495991 -0.6486967 -0.8884411 0.4580914 0.02871841 -0.8064745 -0.2380511 -0.5412306 0.08880937 0.6405261 0.762784 -0.3908531 0.8927638 0.2240684 -0.3777689 0.7855077 0.4901717 0.1316002 0.6547048 0.7443407 0.4692016 0.3339406 0.8175168 0.7482502 0.4178445 0.5152938 0.2129904 0.8723481 0.4400499 -0.3304901 0.8364645 -0.437154 0.323598 0.8882693 -0.3259785 0.8732278 0.4010585 -0.276813 -0.6537879 0.3958984 -0.6448457 -0.7641133 0.6407235 -0.07486397 -0.6318439 0.5375694 -0.5583837 0.9733676 -0.1454222 -0.1772229 0.896892 -0.06753849 0.4370624 0.9385907 -0.2827308 -0.1977651 0.2354244 0.9472827 -0.2173266 0.3065954 0.1100826 -0.9454529 0.6821371 0.7199506 -0.1279064 0.4099361 0.4069452 0.8163015 -0.3821938 0.8118453 0.4414014 -0.5581307 0.8222417 -0.1113942 -0.8770942 0.4791225 0.03387641 -0.7932322 0.5818847 0.1794241 -0.7462547 0.2346619 0.6229267 -0.9540589 0.0167855 0.2991486 -0.4982607 -0.782397 0.3736193 0.05908519 -0.8891164 0.4538513 -0.8547208 0.4733223 0.2131156 -0.7563729 0.6318215 0.1694155 -0.8481965 0.502228 -0.1683147 -0.8173588 0.4564415 0.3515479 -0.859176 0.4930069 -0.1369701 -0.660033 0.382799 -0.646391 0.7012674 0.04278773 0.7116133 0.5556547 0.2071002 0.8052065 0.9114757 -0.2161954 0.3499595 0.7505387 -0.157939 0.6416752 0.923098 -0.2527555 0.2898358 0.8227941 -0.1695944 0.542446 0.9149033 -0.3029637 -0.2667679 0.5238886 -0.2498893 -0.8143071 -0.1963006 0.2464744 0.9490609 -0.2293488 0.01593077 0.973214 -0.01919656 0.9789053 0.2034109 -0.1177751 0.7154707 0.6886441 -0.1068465 0.8896853 -0.4438965 0.7291663 0.5748914 -0.3712363 0.07706117 0.7935929 -0.6035494 -0.5944533 0.6981881 -0.3989472 -0.524928 0.7540956 -0.3947031 -0.07114034 0.9350484 -0.3473089 0.6011333 0.7766177 -0.1884244 -0.8851909 0.4181492 -0.2039321 -0.5156883 0.7081748 -0.4822388 -0.8607186 0.4450845 -0.2471098 -0.9902717 0.1375173 0.021241 -0.9816676 0.185127 0.0453509 -0.8469689 0.4748177 -0.2391484 -0.9125016 -0.4061226 -0.04904478 -0.9319264 -0.3563086 -0.06750786 -0.5526636 -0.8298653 -0.07672405 -0.4767396 -0.8675983 -0.1413952 -0.8718503 -0.4825437 -0.08383703 -0.0160222 -0.9998485 0.006805598 0.06671482 -0.994161 0.08481264 0.5996327 -0.7878113 0.1406915 0.5914012 -0.7290122 0.3446534 0.2382025 -0.9406331 0.2418038 -0.2154631 -0.9716896 -0.09692782 0.9172685 -0.3533144 0.1838138 0.8596241 -0.3104681 0.4057785 0.9894 -0.08182179 0.1199707 0.9508773 0.01535099 0.3091869 0.8368383 -0.2678065 0.4774739 0.6336168 -0.6130161 0.4719546 0.9302446 0.3405292 0.1366938 0.9891735 0.1445062 -0.02557468 0.6763028 0.736578 0.008209586 0.9166427 0.3175517 0.2427493 0.07034558 0.7485322 -0.6593566 0.5486135 0.782177 -0.2953345 0.4422245 0.6296435 -0.6387383 0.2440044 0.366266 -0.8979484 0.02905404 0.3359836 -0.9414196 -0.176738 0.4055727 -0.8968136 -0.3055593 0.6843954 -0.6619943 0.09219992 0.9253259 -0.3677926 0.9810812 -0.0723313 0.1795769 0.8927284 0.4150053 -0.1755181 0.8912871 0.4530903 -0.01779276 0.5510215 0.8152555 -0.1781397 0.8898316 0.4511113 -0.06854718 0.9912902 -0.06579911 0.1140803 0.3485649 -0.8305008 0.4344778 0.792337 -0.5986322 0.1176511 0.7558401 -0.5574954 0.3433723 0.9936469 -0.1102662 -0.02252322 0.7793146 -0.5728809 0.2539219 0.3442027 -0.8813213 0.3237239 -0.1036725 -0.8877936 0.4484135 -0.5522717 -0.819557 0.152717 -0.08954209 -0.9718403 0.2179651 -0.1435937 -0.9247068 0.3525599 -0.5402542 -0.7471451 0.3871689 -0.8822797 -0.4048373 0.2401861 -0.9835876 0.0682398 -0.1670289 -0.8943593 -0.4471338 0.01388609 -0.5788799 -0.7415755 0.3390635 -0.8909453 -0.3840529 0.242322 -0.9941616 0.1063898 0.01800626 -0.7805524 0.5960349 -0.1883628 -0.369283 0.8461769 -0.3842069 -0.7701945 0.55146 -0.3204566 -0.9896383 0.1340698 0.05139392 -0.7664355 0.6244284 -0.1505525 -0.3631789 0.8857597 -0.2890172 0.1066657 0.9544976 -0.2784905 -0.344195 0.8983619 -0.2729023 0.1311097 0.945571 -0.2978352 0.5626123 0.7970264 -0.219582 0.9804019 0.05701005 -0.1885787 0.9859172 -0.1439887 -0.08505648 0.9497124 0.1935192 -0.246164 0.7774806 0.3994678 -0.4857461 0.9870315 -0.1511326 -0.05411106 0.5533754 -0.832932 2.44154e-4 0.867255 -0.4974578 -0.02011191 0.9122491 -0.409537 -0.009003102 -0.5938779 -0.8045231 -0.007202565 -0.1212823 -0.9917138 0.0423603 -0.08633822 -0.9962623 -0.002716183 0.4738432 -0.8805744 0.007843434 -0.9971703 0.03585952 -0.06607311 -0.9029043 -0.4252821 0.06244182 -0.9001388 -0.4353591 -0.01458823 -0.6066664 -0.792469 0.06283962 -0.997841 0.05313313 -0.03860616 -0.8230448 0.5043927 -0.2611232 -0.3801743 0.829352 -0.409442 -0.7865737 0.5815451 -0.2076227 -0.9960513 0.08603328 -0.02191269 -0.4406995 0.7393924 -0.5090018 0.1661777 0.7284963 -0.6645888 0.7058835 0.5303664 -0.4695106 0.1782026 0.8156913 -0.5503559 0.1669706 0.9087703 -0.3824362 -0.3367175 0.8892357 -0.309647 0.6188027 0.7135031 -0.3286283 -0.7667104 0.6237876 -0.1518039 -0.9912371 0.1265026 0.03802704 -0.900049 -0.4027346 0.1664835 -0.6061512 -0.7730329 0.1870856 -0.1532056 -0.9753282 0.1589432 0.3881481 -0.9134513 0.1222614 0.8179664 -0.5692987 0.08264505 0.9943101 -0.1054127 -0.01535105 0.9134423 0.3658042 -0.1783547 0.2937742 0.1430722 -0.9451069 0.2637473 -0.1963913 -0.9443876 -0.02905404 -0.3359836 -0.9414196 -0.2937742 -0.1430722 -0.9451069 -0.2637473 0.1963913 -0.9443876 -0.79521 0.04757952 -0.6044645 -0.7429018 -0.3869852 -0.5462046 -0.4279938 0.04138326 -0.9028338 -0.2440044 -0.366266 -0.8979484 -0.47381 -0.7346268 -0.4856209 0.7208655 0.3275635 -0.6107825 0.8234579 -0.104832 -0.5576087 0.4279938 -0.04138326 -0.9028338 -0.07217729 -0.8838286 -0.4622094 0.176738 -0.4055727 -0.8968136 0.3493812 -0.8132696 -0.4653228 -0.6185117 0.4394833 -0.6513814 0.6813769 -0.5267044 -0.5082401 0.3900306 -0.8985354 0.2012717 0.5119256 -0.6603701 0.549403 0.8790864 -0.4324932 -0.2003916 0.9445196 -0.2920628 0.1502735 0.8922874 -0.07001084 0.4460064 0.5681436 -0.1946814 0.79957 0.2970759 -0.6992606 0.6502159 0.5073439 -0.8468041 0.1597657 0.9018137 0.3317749 0.2768707 0.5805355 0.3378776 0.7408221 0.7815042 0.602723 0.1611717 0.5882934 0.6945622 0.4141187 0.359 0.3845753 0.8504239 0.3978505 -0.1843675 0.8987345 0.7688894 0.6039966 -0.2097554 0.5323221 0.8461546 -0.02560585 0.7213547 0.5444343 -0.4280641 0.4681403 0.8115165 -0.3496937 0.1933063 0.9595428 -0.2047203 0.2141852 0.9630705 0.1631567 0.2993588 0.7189311 0.6273137 0.4005075 0.7010636 -0.5900031 0.6996491 0.4774705 -0.5315197 0.2829107 0.5401245 -0.7926079 0.1330341 0.5176703 -0.8451742 0.2500424 0.7748479 -0.5805941 0.004089593 -0.4450967 -0.8954733 0.3339076 0.05304187 -0.9411123 0.3714143 -0.3183115 -0.872198 0.3340334 -0.6739569 -0.6589415 0.1581787 -0.7904664 -0.5917283 -0.06326574 -0.8022518 -0.5936242 -0.3006731 -0.5940826 -0.7460976 -0.09521889 -0.168861 -0.9810298 0.8160621 0.5739505 -0.06799751 0.7300534 0.2515405 -0.6354129 0.6701435 0.4258057 -0.6079451 0.2821208 0.1704505 -0.9441158 0.6592868 0.4204701 -0.6233345 0.8258216 0.5575265 -0.08475208 0.4077976 0.4544004 0.7919732 0.8494013 0.3297259 0.4120658 0.6961988 0.5652724 0.4424641 0.9261007 0.3576833 -0.1200009 0.7187204 0.5470515 0.429157 0.4064207 0.4383435 0.8016715 0.04495447 0.287245 0.9568017 -0.2775105 -0.2056074 0.9384634 0.1615687 0.01501542 0.9867473 0.02960401 0.2849924 0.9580726 -0.3502441 0.06937128 0.934086 -0.7147103 -0.1849799 0.6745159 -0.8296541 -0.5462869 0.1150864 -0.6575695 -0.4150934 0.6287288 -0.3533511 0.08948224 0.9312014 -0.7118297 -0.1370617 0.6888488 -0.9017999 -0.3956761 0.173774 -0.7999935 -0.4551597 -0.3909478 -0.4485161 -0.389949 -0.8042221 -0.7271798 -0.5422033 -0.4209812 -0.922106 -0.3141033 0.2259638 -0.8626569 -0.3715717 -0.3431583 -0.4841038 -0.3154823 -0.8161584 -0.1262276 -0.08121174 -0.9886715 -0.1375494 -0.03885072 -0.9897328 0.2496142 0.1795733 -0.9515494 0.4055988 -0.8329578 -0.376392 0.6328833 -0.4771422 -0.6097494 0.7633161 -0.4649297 -0.4485409 0.2312152 0.172679 -0.9574558 -0.1478362 -0.007568776 -0.9889829 -0.5742546 -0.1970643 -0.7946052 -0.5956226 -0.1817448 -0.7824338 -0.1425852 0.005981683 -0.9897646 0.08081567 0.1981326 0.9768379 0.4948958 0.3212733 0.8073796 0.1914762 -0.03018325 0.9810332 -0.2434523 0.06494504 0.9677361 0.4622469 -0.7469319 -0.4779338 0.2530065 -0.9227869 -0.2906064 0.5423209 -0.8255363 -0.1561347 0.318193 -0.9469797 0.04452747 0.0159918 -0.997323 -0.07135283 -0.06439614 -0.9173856 -0.3927554 -0.5561747 -0.8301725 -0.03851473 -0.3989703 -0.8398428 0.3680855 -0.175853 -0.9643842 -0.1975829 0.1203368 -0.9832345 0.1370003 -0.06772118 -0.7543941 0.6529191 0.717815 -0.2468404 -0.6510081 0.9384784 -0.2353063 -0.2527635 0.6327517 -0.7018468 -0.3271643 0.3345208 -0.6193259 0.7103037 0.5171146 -0.8528546 0.07233011 0.700507 -0.457147 0.5480026 0.5644226 0.1996567 0.8009771 -0.5020735 -0.740521 -0.4467114 0.9276639 -0.3206965 0.1912948 -0.135625 0.08478081 -0.9871262 0.1355046 0.4057509 -0.9038832 0.2323453 0.2904545 -0.9282521 0.2287387 0.1807937 -0.9565523 -0.6185977 -0.05771213 -0.7835855 -0.5403649 0.1404777 -0.8296215 -0.2253207 0.3980575 -0.8892586 0.873255 0.2027411 -0.4430823 0.9343252 0.2427219 -0.2610031 0.862789 0.1924566 -0.4674992 0.6464597 0.4498544 -0.6162151 0.8658851 0.1913236 -0.4622102 -0.02810776 0.2259607 -0.9737309 -0.1338279 0.1689252 -0.9765011 0.07135415 0.325977 -0.9426811 0.5294197 0.4038935 -0.7460463 0.05679678 -0.5809695 -0.8119413 0.5127513 -0.3269816 -0.7938321 -0.0345478 -0.6340689 -0.7725045 0.08444702 -0.7876127 -0.6103564 -0.162698 -0.6795718 -0.7153403 -0.1818639 -0.7199784 -0.6697438 0.8967372 0.2298074 -0.3782209 0.5264258 0.5496204 -0.6486858 0.8064745 -0.2380511 -0.5412306 0.8884418 0.4580918 0.02868795 -0.08880937 0.6405261 0.762784 0.3908531 0.8927638 0.2240684 -0.2129904 0.8723481 0.4400499 -0.7482502 0.4178445 0.5152938 -0.4692016 0.3339406 0.8175168 -0.1316002 0.6547048 0.7443407 0.3777689 0.7855077 0.4901717 0.3304901 0.8364645 -0.437154 -0.323598 0.8882693 -0.3259785 -0.8732278 0.4010585 -0.276813 0.7641133 0.6407235 -0.07486397 0.6537879 0.3958984 -0.6448457 0.6318439 0.5375694 -0.5583837 -0.9733676 -0.1454222 -0.1772229 -0.9385907 -0.2827308 -0.1977651 -0.896892 -0.06753849 0.4370624 -0.2354244 0.9472827 -0.2173266 -0.3065954 0.1100826 -0.9454529 0.5581307 0.8222417 -0.1113942 0.3821938 0.8118453 0.4414014 -0.4099361 0.4069452 0.8163015 -0.6821371 0.7199506 -0.1279064 0.8770942 0.4791225 0.03387641 0.9540589 0.0167855 0.2991486 0.7462547 0.2346619 0.6229267 0.7932322 0.5818847 0.1794241 0.4982607 -0.782397 0.3736193 -0.05908519 -0.8891164 0.4538513 0.8547208 0.4733223 0.2131156 0.7563729 0.6318215 0.1694155 0.8481965 0.502228 -0.1683147 0.8173588 0.4564415 0.3515479 0.859176 0.4930069 -0.1369701 0.660033 0.382799 -0.646391 -0.7012674 0.04278773 0.7116133 -0.9114757 -0.2161954 0.3499595 -0.8227941 -0.1695944 0.542446 -0.923098 -0.2527555 0.2898358 -0.7505387 -0.157939 0.6416752 -0.9149033 -0.3029637 -0.2667679 -0.5238886 -0.2498893 -0.8143071 0.1589114 0.4287893 0.8893182 0.1177751 0.7154707 0.6886441 0.01919656 0.9789053 0.2034109 -0.04089534 0.9979993 -0.04821985 -0.82609 -0.1224424 -0.5500756 -0.4174694 -0.3364109 -0.844125 -0.6770756 -0.5575001 -0.4803773 -0.769811 -0.6178264 -0.1602552 -0.9408789 -0.1392595 -0.3087941 -0.8325275 0.001831114 -0.5539807 -0.405776 0 -0.9139726 -0.4106642 -0.1276001 -0.9028142 -0.2858114 -0.910507 -0.2988126 0 -0.5877125 -0.8090699 0 -0.9676014 -0.2524828 -0.3450138 -0.935459 0.07669347 -0.1192685 -0.5419272 -0.8319194 -0.2653055 -0.3165171 0.9107305 -0.5857784 -0.4574467 0.6690338 -0.3012913 -0.5533542 0.7765454 0 -0.3252137 0.9456406 0 -0.3593942 0.9331858 -0.2902099 -0.3206683 0.9016375 -0.7162421 -0.2722873 0.6425396 0.05713146 0 -0.9983668 0.03705054 -0.1050783 -0.9937736 0 -0.09833121 -0.9951537 -0.3296743 -0.8456717 0.4197075 0 -0.9876969 0.156381 0 -0.8667141 0.4988054 0 -0.5620455 0.8271065 -0.7785949 -0.5813216 0.2363373 -0.9806954 -0.1738663 0.08948147 -0.997366 -0.01706016 0.07049924 -0.9527353 0.01333665 -0.3035092 0 0.3769459 -0.9262353 -0.3092831 0.1364825 -0.9411252 -0.2645979 0.3625327 -0.8936207 -0.4706988 0.188487 -0.8619254 -0.4907286 0.3100817 -0.8142696 -0.2698503 0.44619 -0.853285 0 0.4697152 -0.8828181 0.01873886 -0.6341 0.773024 -0.2028621 -0.6498792 0.7324645 0.01263487 -0.6221634 0.7827856 0 -0.6300249 0.776575 -0.6895903 0.2021313 -0.6954196 -0.5126299 0.3772776 -0.7712797 -0.6136767 -0.01550364 -0.7894053 -0.7843844 -0.3952594 -0.4780285 -0.9059209 -0.08581894 -0.4146593 -0.7177178 0.273909 -0.6401993 -0.8144344 -0.5245023 0.2481818 -0.9332341 0.03140377 -0.3578938 -0.6658552 -0.726099 0.1715146 -0.2473891 -0.6748115 0.6952899 -0.8217872 -0.4706042 0.3212438 -0.3990716 -0.2501675 -0.8821327 0 0.1093193 -0.9940067 0 -0.3412309 -0.9399796 0 -0.8134674 -0.5816106 -0.4826906 -0.6931506 -0.5353056 -0.3668351 -0.9206279 0.1337025 0 -0.994246 0.1071215 0 -0.7663971 0.6423673 -0.1421582 -0.7606593 0.6333944 0 0.497893 -0.8672385 -0.2961608 0.4682599 -0.8324791 -0.5565453 0.3792601 -0.7392017 -0.7666974 0.2561151 -0.5887107 -0.9645686 -0.01373374 -0.2634748 -0.7872399 -0.487695 0.3773685 -0.2104571 -0.6499879 0.7302216 -0.02627712 -0.6317802 0.7747021 0 -0.6109063 0.791703 -0.2471414 -0.7344661 0.6320449 0 -0.6136765 0.7895576 -0.9572131 0.01922726 -0.2887449 -0.9962101 -0.0255751 0.08313447 -0.7492396 -0.1771013 0.6381813 -0.7374308 -0.2348743 0.6332693 -0.834883 0.003906428 -0.5504137 -0.3139544 -0.3862857 0.867304 0 -0.4240295 0.9056484 -0.9395073 -0.1735024 -0.2953356 -0.7141802 -0.1022698 -0.6924505 -0.7467547 -0.3002218 -0.593485 -0.7203757 -0.578095 -0.3832298 -0.8142911 -0.5593006 -0.1552833 -0.8463919 -0.5165392 0.129646 -0.9935519 -0.1061762 0.03976649 -0.9914969 0.129461 -0.01318413 -0.9261557 0.03543233 -0.3754734 -0.9288488 -0.02404904 0.3696779 -0.8053144 -0.433497 0.404412 -0.7043595 -0.3536294 0.6154868 -0.7262263 -0.01232957 0.6873453 -0.6919951 0.2086911 0.6910795 -0.9144973 0.1989828 0.3522791 -0.5922312 -0.8016867 -0.08099877 -0.5492533 -0.721656 -0.4213474 -0.3784666 -0.9233231 -0.06509709 -0.3888796 -0.8975178 0.2079294 -0.6093983 -0.7714223 0.183143 -0.07053041 -0.9204971 -0.3843314 -0.141668 -0.9888382 -0.0461443 0.1449047 -0.9375168 -0.3163306 0.1937326 -0.9780017 -0.07733434 -0.1430137 -0.965144 0.21919 -0.5839825 -0.6858857 0.4341949 -0.3699833 -0.8040874 0.4653556 -0.5311896 -0.4682586 0.7060961 -0.1333985 -0.8730571 0.469016 0.2026788 -0.8522216 0.4823274 0.160926 -0.713043 0.6824021 -0.05246311 -0.6670971 0.7431213 0.5713142 -0.8010911 -0.1784746 0.3867707 -0.7710695 -0.5058264 0.5166055 -0.6135053 -0.5972689 0.7198323 -0.6482641 -0.2481843 0.7841296 -0.6080644 0.124091 0.612465 -0.7733026 0.1639811 0.2088147 -0.954865 0.2112563 0.5819761 -0.6516216 0.4865111 0.7314934 -0.4846815 0.4795847 0.5387899 -0.3025391 0.7862414 0.4072786 -0.4832104 0.7750044 0.09094637 -0.6978152 -0.7104806 -0.3206658 -0.8498393 -0.4182664 -0.1947433 -0.6116362 -0.7667961 -0.1113938 -0.4345883 -0.8937138 0.1965422 -0.5348755 -0.8217539 -0.4620611 -0.468104 -0.7532451 -0.4062103 -0.2844998 -0.8683623 0.2251986 -0.1332453 0.9651587 0.1173449 -0.327406 0.937569 -0.08108901 -0.009705007 0.9966597 -0.1670636 -0.2234331 0.9602955 -0.3019 -0.5870144 0.7511794 -0.4356253 -0.09769064 0.8948112 -0.377559 0.117104 0.9185509 -0.1109967 -0.6038438 0.7893368 -0.5614988 -0.5604917 0.6087431 -0.1131368 -0.6170186 0.7787735 0 -0.6022682 0.7982938 -0.1612032 -0.7046918 0.6909581 0 -0.614173 0.7891714 -0.5857549 -0.6527445 0.4804331 -0.5529429 -0.7795159 0.2942945 -0.3264655 -0.8904327 0.3170961 0 -0.6963289 0.717723 -0.7931383 -0.5084838 -0.3352251 -0.9616381 -0.2287129 -0.1514681 -0.9908906 -0.1153923 -0.0694307 -0.5626505 0.4447857 -0.6968431 -0.5952476 0.2973491 -0.7465011 -0.5575624 -0.5434623 0.6275133 -0.9916129 -0.1285446 -0.01342821 -0.5888939 0.432179 -0.6829533 -0.4383738 -0.7619964 -0.4766445 0 -0.9436713 0.3308846 -0.3331485 0.004699945 -0.9428627 0 -0.01937973 -0.9998123 0 -0.8445739 -0.5354391 0 0.533536 -0.8457775 -0.1314781 0.5138572 -0.8477407 -0.5632293 0.05539208 -0.824442 -0.09110021 0.602513 -0.7928927 0 0.6100795 -0.7923403 0 0.6080945 -0.7938647 -0.08871865 0.5957916 -0.798224 0.82609 -0.1224424 -0.5500756 0.4174694 -0.3364109 -0.844125 0.4106642 -0.1276001 -0.9028142 0.405776 0 -0.9139726 0.8325275 0.001831114 -0.5539807 0.9408789 -0.1392595 -0.3087941 0.769811 -0.6178264 -0.1602552 0.6770756 -0.5575001 -0.4803773 0.2858114 -0.910507 -0.2988126 0.1192685 -0.5419272 -0.8319194 0.3450138 -0.935459 0.07669347 0.2653055 -0.3165171 0.9107305 0.5857784 -0.4574467 0.6690338 0.7162421 -0.2722873 0.6425396 0.2902099 -0.3206683 0.9016375 0.3012913 -0.5533542 0.7765454 -0.05713146 0 -0.9983668 -0.03705054 -0.1050783 -0.9937736 0.3296743 -0.8456717 0.4197075 0.7785949 -0.5813216 0.2363373 0.9806954 -0.1738663 0.08948147 0.9527353 0.01333665 -0.3035092 0.997366 -0.01706016 0.07049924 0.571727 -0.816221 0.08313584 0.5546956 -0.4217517 -0.7172435 0.9397721 -0.3259126 -0.1030017 0.9775657 -0.04403942 -0.2059752 0.71378 0.1464915 0.6848785 0.6735336 -0.2288653 0.7028323 0.3773136 -0.6821126 0.626384 -0.9775657 -0.04403942 -0.2059752 -0.5546956 -0.4217517 -0.7172435 -0.9397721 -0.3259126 -0.1030017 -0.571727 -0.816221 0.08313584 -0.3773136 -0.6821126 0.626384 -0.6735336 -0.2288653 0.7028323 -0.71378 0.1464915 0.6848785 0 -0.9898658 0.1420067 -0.3703818 -0.8223417 -0.4319392 0 -0.8715071 -0.490383 0.3703818 -0.8223417 -0.4319392 0 -0.6519744 0.7582411 0 -0.4287343 -0.9034307 0.5782548 -0.1706351 -0.7978128 -0.5782548 -0.1706351 -0.7978128 0 -0.2091456 -0.9778846 0 0.2091456 0.9778846 0 -0.04620641 0.9989319 0.3092831 0.1364825 -0.9411252 0.2645979 0.3625327 -0.8936207 0.2698503 0.44619 -0.853285 0.4907286 0.3100817 -0.8142696 0.4706988 0.188487 -0.8619254 -0.01263487 -0.6221634 0.7827856 -0.01873886 -0.6341 0.773024 0.2028621 -0.6498792 0.7324645 0.2104571 -0.6499879 0.7302216 0.6896063 0.202127 -0.6954049 0.5126299 0.3772776 -0.7712797 0.7177178 0.273909 -0.6401993 0.9059186 -0.08584922 -0.4146583 0.7843844 -0.3952594 -0.4780285 0.6136767 -0.01550364 -0.7894053 0.8144344 -0.5245023 0.2481818 0.9332341 0.03140377 -0.3578938 0.8217872 -0.4706042 0.3212438 0.2473891 -0.6748115 0.6952899 0.6658552 -0.726099 0.1715146 0.3990716 -0.2501675 -0.8821327 0.4826985 -0.6931619 -0.5352839 0.3668351 -0.9206279 0.1337025 0.1421582 -0.7606593 0.6333944 0.2961608 0.4682599 -0.8324791 0.7666974 0.2561151 -0.5887107 0.5565453 0.3792601 -0.7392017 0.7872399 -0.487695 0.3773685 0.9645686 -0.01373374 -0.2634748 0.02627712 -0.6317802 0.7747021 0.2471414 -0.7344661 0.6320449 0.9572131 0.01922726 -0.2887449 0.9962101 -0.0255751 0.08313447 0.7492396 -0.1771013 0.6381813 0.834883 0.003906428 -0.5504137 0.7374308 -0.2348743 0.6332693 0.3139544 -0.3862857 0.867304 0.9395073 -0.1735024 -0.2953356 0.7141802 -0.1022698 -0.6924505 0.9261557 0.03543233 -0.3754734 0.9914969 0.129461 -0.01318413 0.9935519 -0.1061762 0.03976649 0.8463919 -0.5165392 0.129646 0.8142911 -0.5593006 -0.1552833 0.7203757 -0.578095 -0.3832298 0.7467547 -0.3002218 -0.593485 0.9288488 -0.02404904 0.3696779 0.9144973 0.1989828 0.3522791 0.6919995 0.2086619 0.691084 0.726226 -0.01236009 0.687345 0.7043595 -0.3536294 0.6154868 0.8053144 -0.433497 0.404412 0.5922312 -0.8016867 -0.08099877 0.6093983 -0.7714223 0.183143 0.3888796 -0.8975178 0.2079294 0.3784666 -0.9233231 -0.06509709 0.5492533 -0.721656 -0.4213474 0.07053041 -0.9204971 -0.3843314 0.141668 -0.9888382 -0.0461443 0.1430137 -0.965144 0.21919 -0.1937326 -0.9780017 -0.07733434 -0.1449047 -0.9375168 -0.3163306 0.5839825 -0.6858857 0.4341949 0.5311896 -0.4682586 0.7060961 0.3699833 -0.8040874 0.4653556 0.1333985 -0.8730571 0.469016 0.05246311 -0.6670971 0.7431213 -0.160926 -0.713043 0.6824021 -0.2026788 -0.8522216 0.4823274 -0.5713142 -0.8010911 -0.1784746 -0.2088147 -0.954865 0.2112563 -0.612465 -0.7733026 0.1639811 -0.7841296 -0.6080644 0.124091 -0.7198323 -0.6482641 -0.2481843 -0.5166055 -0.6135053 -0.5972689 -0.3867707 -0.7710695 -0.5058264 -0.5819761 -0.6516216 0.4865111 -0.4072786 -0.4832104 0.7750044 -0.5387899 -0.3025391 0.7862414 -0.7314825 -0.4847049 0.4795776 -0.09094637 -0.6978152 -0.7104806 -0.1965422 -0.5348755 -0.8217539 0.1113938 -0.4345883 -0.8937138 0.1947433 -0.6116362 -0.7667961 0.3206658 -0.8498393 -0.4182664 0.4620611 -0.468104 -0.7532451 0.4062103 -0.2844998 -0.8683623 -0.2251986 -0.1332453 0.9651587 -0.1173449 -0.327406 0.937569 0.3019 -0.5870144 0.7511794 0.1670636 -0.2234331 0.9602955 0.08108901 -0.009705007 0.9966597 0.4356253 -0.09769064 0.8948112 0.377559 0.117104 0.9185509 0.1131368 -0.6170186 0.7787735 0.1109993 -0.6038584 0.7893252 0.5614988 -0.5604917 0.6087431 0.5575624 -0.5434623 0.6275133 0.1612032 -0.7046918 0.6909581 0.3264655 -0.8904327 0.3170961 0.5529429 -0.7795159 0.2942945 0.5857549 -0.6527445 0.4804331 0.7931383 -0.5084838 -0.3352251 0.9616381 -0.2287129 -0.1514681 0.5952476 0.2973491 -0.7465011 0.5626505 0.4447857 -0.6968431 0.9908906 -0.1153923 -0.0694307 0.9916129 -0.1285446 -0.01342821 0.5888939 0.432179 -0.6829533 0.4383738 -0.7619964 -0.4766445 0.3331485 0.004699945 -0.9428627 0.1314781 0.5138572 -0.8477407 0.09110021 0.602513 -0.7928927 0.5632293 0.05539208 -0.824442 0.08871865 0.5957916 -0.798224 0.9041367 0.2851121 0.3181951 0.7871841 0.6071813 0.1080383 0.7557815 0.6119743 0.2329848 0.4293748 0.8934195 0.1320566 0.7328926 0.5547509 0.3938527 0.868786 0.2909687 0.4006847 0.09045857 0.9937624 0.06521928 0.4763378 0.8780266 0.04660218 0.1467335 0.9890782 0.01391649 -0.1815906 0.9817185 0.05704081 -0.2015169 0.9734338 0.1087086 -0.01669383 0.9870137 0.1597667 -0.5185145 0.8523293 0.06839263 -0.1373374 0.9905081 -0.005676567 -0.4877281 0.8726369 -0.02502578 -0.8380674 0.535649 0.1035529 -0.7778142 0.5787065 0.2451613 -0.5031324 0.8388692 0.2077412 -0.989324 -0.06808716 0.1288498 -0.857442 0.5142515 -0.01840317 -0.9857152 -0.163828 0.03906476 -0.6339818 -0.7645748 0.1161572 -0.6991736 -0.6992347 0.1490882 -0.7423112 -0.6411411 0.1947106 -0.9612667 0 0.2756199 0.1179576 0.9928889 -0.01605319 0.4339181 0.9009494 0.002319395 -0.4538522 -0.884052 0.11167 -0.3465721 -0.9288414 0.1309258 -0.3260653 -0.9350113 0.1394109 -0.6351977 -0.7660644 0.09833312 -0.396168 -0.9077286 0.1381292 -0.4675207 -0.8772079 0.1092275 -0.452417 -0.8838977 0.1185061 -0.6472488 -0.7208303 0.247937 -0.5781183 -0.8069486 0.1208851 -0.5108932 -0.8497185 0.1302564 -0.2878295 -0.918912 0.2697315 -0.2130881 -0.9204418 0.3276894 -0.3254594 -0.8951355 0.3046452 -0.9806095 -0.1955664 -0.01260435 -0.8940855 0.4391078 -0.08829152 -0.5585346 0.8243277 -0.09232103 -0.2004188 0.9782285 -0.05386614 0.3610444 -0.8638208 0.3513697 0.2890195 -0.8248804 0.4858396 0.8447111 -0.4045323 0.3504523 0.7201038 -0.4647485 0.5152275 0.2258417 -0.7999985 0.5558758 0.9681513 -0.003143429 0.2503466 0.9062609 -0.06811833 0.4171943 0.9369661 0.3062284 0.1682822 0.816357 -0.03201454 0.5766595 0.8710828 -0.4471998 0.2030451 0.1976435 -0.9466196 0.2546537 -0.3394988 -0.9144249 0.2203812 -0.4754065 -0.8632823 0.1695068 0.7652399 0.6431629 0.02737575 0.9400997 0.3348212 0.06408935 0.9925989 0.01632761 0.1203362 -0.6228159 -0.7758112 0.1010813 0.7075242 0.3392503 0.6199344 0.3742873 0.8862468 0.2729026 0.2917596 0.8117081 0.5059709 0.5537756 -0.06799733 0.8298851 0.611236 -0.4512856 0.6501784 -0.2211424 0.9283648 0.2987223 -0.5312492 0.7217812 0.4436284 0.07928889 -0.6911687 0.7183308 0.05664414 0.4967353 0.8660517 -0.3861895 -0.2506539 0.8877108 -0.4731081 -0.8315253 0.2910918 -0.8551691 -0.07620555 0.5127168 -0.7871841 0.6071813 0.1080383 -0.9041367 0.2851121 0.3181951 -0.7557815 0.6119743 0.2329848 -0.868786 0.2909687 0.4006847 -0.7328926 0.5547509 0.3938527 -0.4293748 0.8934195 0.1320566 -0.09045857 0.9937624 0.06521928 -0.4763378 0.8780266 0.04660218 0.01669383 0.9870137 0.1597667 0.2015169 0.9734338 0.1087086 0.1815906 0.9817185 0.05704081 -0.1467335 0.9890782 0.01391649 0.5185145 0.8523293 0.06839263 0.1373374 0.9905081 -0.005676567 0.5031324 0.8388692 0.2077412 0.7778142 0.5787065 0.2451613 0.8380674 0.535649 0.1035529 0.4877281 0.8726369 -0.02502578 0.989324 -0.06808716 0.1288498 0.857442 0.5142515 -0.01840317 0.9612667 0 0.2756199 0.7423258 -0.6411231 0.1947144 0.6991736 -0.6992347 0.1490882 0.6339818 -0.7645748 0.1161572 0.9857152 -0.163828 0.03906476 -0.1179576 0.9928889 -0.01605319 0.2004188 0.9782285 -0.05386614 -0.4339181 0.9009494 0.002319395 0.3465721 -0.9288414 0.1309258 0.4538522 -0.884052 0.11167 0.3260653 -0.9350113 0.1394109 0.396168 -0.9077286 0.1381292 0.6472488 -0.7208303 0.247937 0.452417 -0.8838977 0.1185061 0.4675207 -0.8772079 0.1092275 0.5781326 -0.8069379 0.1208881 0.5108932 -0.8497185 0.1302564 0.3254594 -0.8951355 0.3046452 0.2130881 -0.9204418 0.3276894 0.2878295 -0.918912 0.2697315 0.6351977 -0.7660644 0.09833312 0.9806095 -0.1955664 -0.01260435 0.8940855 0.4391078 -0.08829152 0.5585346 0.8243277 -0.09232103 -0.3610178 -0.8638303 0.3513736 -0.2890195 -0.8248804 0.4858396 -0.2258417 -0.7999985 0.5558758 -0.7201038 -0.4647485 0.5152275 -0.8447111 -0.4045323 0.3504523 -0.9681513 -0.003143429 0.2503466 -0.9062609 -0.06811833 0.4171943 -0.816357 -0.03201454 0.5766595 -0.9369661 0.3062284 0.1682822 -0.8710828 -0.4471998 0.2030451 -0.1976435 -0.9466196 0.2546537 0.3394988 -0.9144249 0.2203812 -0.7652399 0.6431629 0.02737575 -0.9400997 0.3348212 0.06408935 -0.9925989 0.01632761 0.1203362 0.4754065 -0.8632823 0.1695068 0.6228159 -0.7758112 0.1010813 -0.7075242 0.3392503 0.6199344 -0.611236 -0.4512856 0.6501784 -0.5537756 -0.06799733 0.8298851 -0.2917596 0.8117081 0.5059709 -0.3742873 0.8862468 0.2729026 0.2211403 0.9283562 0.2987501 0.5312492 0.7217812 0.4436284 -0.07928889 -0.6911687 0.7183308 0.4731081 -0.8315253 0.2910918 0.3861895 -0.2506539 0.8877108 -0.05664414 0.4967353 0.8660517 0.8551691 -0.07620555 0.5127168 0 0.9868113 0.1618744 0 -0.9688857 -0.2475088 0 -0.9716634 -0.2363695 0 -0.9162155 0.400686 0 -0.4974892 -0.8674702 0.7262113 -0.6623646 0.1840935 -0.8375673 0.5353972 -0.1087702 -0.9229293 -9.46093e-4 0.3849684 -0.2255041 -0.8605413 0.4567458 0.02267587 -0.1613865 0.9866309 0.1293402 -0.6646463 -0.735878 0.04089534 0.9979993 -0.04821985 0.9229293 -9.46093e-4 0.3849684 0.2255041 -0.8605413 0.4567458 -0.02267587 -0.1613865 0.9866309 -0.1293402 -0.6646463 -0.735878 -0.5556547 0.2071002 0.8052065</float_array>
          <technique_common>
            <accessor source="#Roundcube-mesh-normals-array" count="1767" stride="3">
              <param name="X" type="float"/>
              <param name="Y" type="float"/>
              <param name="Z" type="float"/>
            </accessor>
          </technique_common>
        </source>
        <source id="Roundcube-mesh-map-0">
          <float_array id="Roundcube-mesh-map-0-array" count="19860">0.8498613 0.4076116 0.8197293 0.4121493 0.8271124 0.3858432 0.8271124 0.3858432 0.8693991 0.3734464 0.8498613 0.4076116 0.8498613 0.4076116 0.9041891 0.4026214 0.8737422 0.4360927 0.8737422 0.4360927 0.8291386 0.4354095 0.8498613 0.4076116 0.7971954 0.08798193 0.8446909 0.1077835 0.8003259 0.1216905 0.8003259 0.1216905 0.8459516 0.1349356 0.8070738 0.1500641 0.8070738 0.1500641 0.747615 0.1337793 0.8003259 0.1216905 0.8003259 0.1216905 0.7441454 0.09671556 0.7971954 0.08798193 0.3128236 0.3340234 0.2651573 0.3093577 0.3049525 0.3006061 0.2651573 0.3093577 0.3015043 0.2628911 0.3049525 0.3006061 0.3015043 0.2628911 0.3398002 0.2952761 0.3049525 0.3006061 0.3049525 0.3006061 0.3365623 0.3193381 0.3128236 0.3340234 0.297583 0.1610589 0.244521 0.1862426 0.2449412 0.1493665 0.2449412 0.1493665 0.3007813 0.1299393 0.297583 0.1610589 0.297583 0.1610589 0.3446044 0.1456707 0.3426064 0.1754505 0.3426064 0.1754505 0.2967318 0.1949876 0.297583 0.1610589 0.8099311 0.4511564 0.7830613 0.4179947 0.8038351 0.414927 0.8038351 0.414927 0.8291386 0.4354095 0.8099311 0.4511564 0.8099311 0.4511564 0.8430811 0.4639676 0.8201034 0.4837617 0.8201034 0.4837617 0.7891541 0.4608271 0.8099311 0.4511564 0.328985 0.3547104 0.317733 0.3936551 0.2969244 0.3748836 0.2969244 0.3748836 0.3128236 0.3340234 0.328985 0.3547104 0.328985 0.3547104 0.3365623 0.3193381 0.3541892 0.3280944 0.3541892 0.3280944 0.3490516 0.3694061 0.328985 0.3547104 0.8038351 0.414927 0.7836521 0.3760339 0.8056034 0.3773645 0.7836521 0.3760339 0.810288 0.3417533 0.8056034 0.3773645 0.8056034 0.3773645 0.8358915 0.3519145 0.8271124 0.3858432 0.8271124 0.3858432 0.8038351 0.414927 0.8056034 0.3773645 0.8731829 0.07171285 0.8980251 0.09994757 0.8741725 0.101889 0.8741725 0.101889 0.8967415 0.1296858 0.8732222 0.1296237 0.8732222 0.1296237 0.8446909 0.1077835 0.8741725 0.101889 0.8741725 0.101889 0.8429201 0.076976 0.8731829 0.07171285 0.4067505 0.3160365 0.3735862 0.3395097 0.3854391 0.3072049 0.3854391 0.3072049 0.4149202 0.279437 0.4067505 0.3160365 0.4067505 0.3160365 0.4404162 0.2855165 0.4293841 0.3247421 0.4293841 0.3247421 0.3934289 0.3512955 0.4067505 0.3160365 0.42368 0.2145162 0.3994018 0.1800404 0.4257063 0.1802643 0.4257063 0.1802643 0.4006602 0.1493691 0.4264216 0.1486923 0.4264216 0.1486923 0.4535157 0.1807259 0.4257063 0.1802643 0.4257063 0.1802643 0.4518909 0.2169417 0.42368 0.2145162 0.7872068 0.2129246 0.7551954 0.1737494 0.8005417 0.1891316 0.8005417 0.1891316 0.8228044 0.2229481 0.7872068 0.2129246 0.7872068 0.2129246 0.8141642 0.2469058 0.7810044 0.2367409 0.7872068 0.2129246 0.7427812 0.2284986 0.7454687 0.20462 0.3555785 0.07732409 0.3133646 0.08303344 0.3224273 0.06331765 0.3133646 0.08303344 0.2897922 0.04411768 0.3224273 0.06331765 0.3224273 0.06331765 0.3037663 0.02658224 0.3328569 0.04500448 0.3328569 0.04500448 0.3555785 0.07732409 0.3224273 0.06331765 0.7406705 0.252413 0.7810044 0.2367409 0.7766733 0.2592493 0.7766733 0.2592493 0.8141642 0.2469058 0.8086283 0.2679731 0.8086283 0.2679731 0.7714795 0.280641 0.7766733 0.2592493 0.7714795 0.280641 0.7406705 0.252413 0.7766733 0.2592493 0.8685836 0.240834 0.8987394 0.2276557 0.8896883 0.2491641 0.8987394 0.2276557 0.9116914 0.258238 0.8896883 0.2491641 0.8896883 0.2491641 0.9021217 0.278401 0.8805466 0.2696596 0.8805466 0.2696596 0.8685836 0.240834 0.8896883 0.2491641 0.8720716 0.2891662 0.8593001 0.2626146 0.8805466 0.2696596 0.8805466 0.2696596 0.8921177 0.2977201 0.8720716 0.2891662 0.8720716 0.2891662 0.8836998 0.3132898 0.8660301 0.3054492 0.8720716 0.2891662 0.8480601 0.2991293 0.8519758 0.2823089 0.3818694 0.08344531 0.4031822 0.1039749 0.3791303 0.10253 0.3818694 0.08344531 0.3507943 0.09699434 0.3555785 0.07732409 0.3818694 0.08344531 0.3620266 0.05894756 0.3859786 0.06548219 0.3859786 0.06548219 0.4048854 0.08570367 0.3818694 0.08344531 0.8387683 0.5644003 0.8065257 0.5467473 0.8411901 0.5423653 0.8411901 0.5423653 0.8667364 0.564394 0.8387683 0.5644003 0.8387683 0.5644003 0.8607196 0.5869611 0.8353925 0.5873997 0.8353925 0.5873997 0.8070353 0.5685175 0.8387683 0.5644003 0.8731822 0.1513558 0.8967415 0.1296858 0.8952631 0.1538305 0.8952631 0.1538305 0.8716941 0.170181 0.8731822 0.1513558 0.8731822 0.1513558 0.8566645 0.1676724 0.8508471 0.1546007 0.8731822 0.1513558 0.8459516 0.1349356 0.8732222 0.1296237 0.8662759 0.1887665 0.8922436 0.1753484 0.8862007 0.1967244 0.8862007 0.1967244 0.8579395 0.2088859 0.8662759 0.1887665 0.8579395 0.2088859 0.8462399 0.1796994 0.8662759 0.1887665 0.8662759 0.1887665 0.8566645 0.1676724 0.8716941 0.170181 0.4264216 0.1486923 0.4018314 0.1246705 0.4268403 0.1249197 0.4268403 0.1249197 0.4031822 0.1039749 0.4273172 0.1057043 0.4268403 0.1249197 0.4510189 0.1060838 0.452055 0.1245897 0.4268403 0.1249197 0.4531451 0.1480716 0.4264216 0.1486923 0.3007813 0.1299393 0.2639824 0.08376675 0.3061441 0.1046219 0.2639824 0.08376675 0.3133646 0.08303344 0.3061441 0.1046219 0.3061441 0.1046219 0.3507943 0.09699434 0.3472202 0.1197111 0.3472202 0.1197111 0.3007813 0.1299393 0.3061441 0.1046219 0.8005417 0.1891316 0.8070738 0.1500641 0.8247461 0.168074 0.8247461 0.168074 0.8459516 0.1349356 0.8508471 0.1546007 0.8508471 0.1546007 0.8462399 0.1796994 0.8247461 0.168074 0.8247461 0.168074 0.8338487 0.1992644 0.8005417 0.1891316 0.4202389 0.2464742 0.3910524 0.2738556 0.3948433 0.2429926 0.3948433 0.2429926 0.42368 0.2145162 0.4202389 0.2464742 0.4202389 0.2464742 0.4518909 0.2169417 0.4474691 0.2506844 0.4474691 0.2506844 0.4149202 0.279437 0.4202389 0.2464742 0.8132265 0.3103646 0.7869324 0.3379722 0.7887236 0.3060944 0.892575 0.03907376 0.8731829 0.07171285 0.8669371 0.04240852 0.8669371 0.04240852 0.8429201 0.076976 0.8354937 0.0465815 0.8423879 0.320266 0.810288 0.3417533 0.8132265 0.3103646 0.2985193 0.2285147 0.2563838 0.2639338 0.2491026 0.2239099 0.2491026 0.2239099 0.2967318 0.1949876 0.2985193 0.2285147 0.2985193 0.2285147 0.3413166 0.2063989 0.3408005 0.2357773 0.3408005 0.2357773 0.3015043 0.2628911 0.2985193 0.2285147 0.8837262 0.3399443 0.8358915 0.3519145 0.8423879 0.320266 0.8354937 0.0465815 0.7971954 0.08798193 0.7892484 0.05386245 0.7892484 0.05386245 0.7441454 0.09671556 0.7376441 0.05922853 0.9258133 0.3688672 0.8693991 0.3734464 0.8837262 0.3399443 0.8744696 0.6136899 0.8607196 0.5869611 0.8806326 0.5901905 0.8806326 0.5901905 0.889987 0.6177896 0.8744696 0.6136899 0.889987 0.6177896 0.8699814 0.6365127 0.8744696 0.6136899 0.8699814 0.6365127 0.8560219 0.6111422 0.8744696 0.6136899 0.7210972 0.8977447 0.7036585 0.8716096 0.7297939 0.8781551 0.7297939 0.8781551 0.7454303 0.9070782 0.7210972 0.8977447 0.7210972 0.8977447 0.7327913 0.9262976 0.7123265 0.9154457 0.7123265 0.9154457 0.6979739 0.8905346 0.7210972 0.8977447 0.6873916 0.8481362 0.6700031 0.8283306 0.6910614 0.8287814 0.6910614 0.8287814 0.7097733 0.85145 0.6873916 0.8481362 0.6873916 0.8481362 0.7036585 0.8716096 0.6830771 0.8678522 0.6830771 0.8678522 0.6676706 0.8466909 0.6873916 0.8481362 0.7380673 0.8587046 0.7150342 0.8315131 0.7454642 0.8394559 0.7454642 0.8394559 0.7677118 0.8682621 0.7380673 0.8587046 0.7380673 0.8587046 0.7572961 0.8868331 0.7297939 0.8781551 0.7297939 0.8781551 0.7097733 0.85145 0.7380673 0.8587046 0.8867492 0.5696402 0.8774291 0.5413447 0.8956037 0.5547438 0.8867492 0.5696402 0.9048481 0.5635215 0.9022472 0.5756101 0.9022472 0.5756101 0.8806326 0.5901905 0.8867492 0.5696402 0.8806326 0.5901905 0.8667364 0.564394 0.8867492 0.5696402 0.8342697 0.6571913 0.8090021 0.6404913 0.8324906 0.6361837 0.8324906 0.6361837 0.8543428 0.6552036 0.8342697 0.6571913 0.8543428 0.6552036 0.8381846 0.6750968 0.8342697 0.6571913 0.8342697 0.6571913 0.8163358 0.6795856 0.8123618 0.6611911 0.9338206 0.6018898 0.9271904 0.5784988 0.9392601 0.5791399 0.9392601 0.5791399 0.9288754 0.5615052 0.9419951 0.5612297 0.9419951 0.5612297 0.9513135 0.5807272 0.9392601 0.5791399 0.9392601 0.5791399 0.9459335 0.6045921 0.9338206 0.6018898 0.9411992 0.5502189 0.9288754 0.5615052 0.9252703 0.5499528 0.9252703 0.5499528 0.9399164 0.5394369 0.9411992 0.5502189 0.9411992 0.5502189 0.9590349 0.5419366 0.9569449 0.5519346 0.9569449 0.5519346 0.9419951 0.5612297 0.9411992 0.5502189 0.6724623 0.9171498 0.660678 0.9006072 0.676043 0.9027903 0.676043 0.9027903 0.6872012 0.9211676 0.6724623 0.9171498 0.6872012 0.9211676 0.6724548 0.9315063 0.6724623 0.9171498 0.6724623 0.9171498 0.6591792 0.9316661 0.6585282 0.9157058 0.9258053 0.6284351 0.9219383 0.5996785 0.9338206 0.6018898 0.9338206 0.6018898 0.9377559 0.6322355 0.9258053 0.6284351 0.9258053 0.6284351 0.9279905 0.6582853 0.9166374 0.6535012 0.9166374 0.6535012 0.9141584 0.6249177 0.9258053 0.6284351 0.6793923 0.8863549 0.6649377 0.8655422 0.6830771 0.8678522 0.6830771 0.8678522 0.6979739 0.8905346 0.6793923 0.8863549 0.6793923 0.8863549 0.6926309 0.9071461 0.676043 0.9027903 0.676043 0.9027903 0.6626701 0.8838172 0.6793923 0.8863549 0.8329898 0.6120903 0.8065257 0.5913037 0.8353925 0.5873997 0.8353925 0.5873997 0.8560219 0.6111422 0.8329898 0.6120903 0.8329898 0.6120903 0.8536401 0.634825 0.8324906 0.6361837 0.8324906 0.6361837 0.8070052 0.6163141 0.8329898 0.6120903 0.6514132 0.9519697 0.6591792 0.9316661 0.6659625 0.9500373 0.6659625 0.9500373 0.658608 0.9746914 0.6514132 0.9519697 0.6514132 0.9519697 0.6415167 0.9782412 0.6361941 0.9542826 0.6361941 0.9542826 0.6458944 0.9318468 0.6514132 0.9519697 0.8357418 0.7299921 0.8511158 0.7043162 0.8598596 0.7170222 0.8598596 0.7170222 0.871044 0.6955596 0.8799907 0.7050527 0.8799907 0.7050527 0.8696326 0.7305871 0.8598596 0.7170222 0.8598596 0.7170222 0.8450666 0.7456951 0.8357418 0.7299921 0.8543428 0.6552036 0.8699814 0.6365127 0.8688059 0.6547461 0.8688059 0.6547461 0.8834797 0.6400336 0.8803676 0.6562397 0.8688059 0.6547461 0.8790028 0.6659019 0.8708941 0.6688997 0.8688059 0.6547461 0.8577805 0.6718681 0.8543428 0.6552036 0.7035828 0.9298964 0.6926309 0.9071461 0.7123265 0.9154457 0.7123265 0.9154457 0.7199864 0.9420573 0.7035828 0.9298964 0.7035828 0.9298964 0.7064219 0.9545224 0.6933719 0.9406902 0.7035828 0.9298964 0.6840174 0.93103 0.6872012 0.9211676 0.8997774 0.666101 0.9166374 0.6535012 0.9092584 0.6714793 0.9092584 0.6714793 0.9279905 0.6582853 0.9191392 0.6768487 0.9191392 0.6768487 0.9020676 0.6847079 0.9092584 0.6714793 0.9092584 0.6714793 0.893584 0.6786037 0.8997774 0.666101 0.8764687 0.6795584 0.871044 0.6955596 0.8635489 0.684878 0.8635489 0.684878 0.8708941 0.6688997 0.8764687 0.6795584 0.8764687 0.6795584 0.8790028 0.6659019 0.8854404 0.6719012 0.8854404 0.6719012 0.8841335 0.6879752 0.8764687 0.6795584 0.8927142 0.6953552 0.8899223 0.7151923 0.8799907 0.7050527 0.8799907 0.7050527 0.8841335 0.6879752 0.8927142 0.6953552 0.8927142 0.6953552 0.893584 0.6786037 0.9020676 0.6847079 0.9020676 0.6847079 0.9020577 0.7028355 0.8927142 0.6953552 0.8803676 0.6562397 0.8950208 0.6442872 0.8904728 0.6605219 0.8904728 0.6605219 0.9056863 0.648903 0.8997774 0.666101 0.8997774 0.666101 0.8854404 0.6719012 0.8904728 0.6605219 0.8904728 0.6605219 0.8790028 0.6659019 0.8803676 0.6562397 0.8213102 0.6974209 0.8381846 0.6750968 0.8438918 0.6906265 0.8438918 0.6906265 0.8577805 0.6718681 0.8635489 0.684878 0.8635489 0.684878 0.8511158 0.7043162 0.8438918 0.6906265 0.8438918 0.6906265 0.8276717 0.7142375 0.8213102 0.6974209 0.6802607 0.946903 0.6840174 0.93103 0.6933719 0.9406902 0.6933719 0.9406902 0.691119 0.9639728 0.6802607 0.946903 0.6802607 0.946903 0.67505 0.970501 0.6659625 0.9500373 0.6659625 0.9500373 0.6724548 0.9315063 0.6802607 0.946903 0.6283029 0.8808064 0.6466745 0.8636195 0.6456944 0.8816573 0.6456944 0.8816573 0.6649377 0.8655422 0.6626701 0.8838172 0.6626701 0.8838172 0.6450023 0.8987525 0.6456944 0.8816573 0.6456944 0.8816573 0.6287547 0.8983355 0.6283029 0.8808064 0.9026884 0.6214479 0.8971011 0.5946728 0.910255 0.5975508 0.910255 0.5975508 0.9141584 0.6249177 0.9026884 0.6214479 0.9141584 0.6249177 0.8950208 0.6442872 0.9026884 0.6214479 0.9026884 0.6214479 0.8834797 0.6400336 0.889987 0.6177896 0.6299747 0.9150713 0.6450023 0.8987525 0.6444527 0.9147234 0.6444527 0.9147234 0.660678 0.9006072 0.6585282 0.9157058 0.6585282 0.9157058 0.6458944 0.9318468 0.6444527 0.9147234 0.6444527 0.9147234 0.6323013 0.9330133 0.6299747 0.9150713 0.9094219 0.549784 0.9048481 0.5635215 0.8956037 0.5547438 0.8956037 0.5547438 0.9016162 0.5373123 0.9094219 0.549784 0.9094219 0.549784 0.9207891 0.5382956 0.9252703 0.5499528 0.9252703 0.5499528 0.9158154 0.5619022 0.9094219 0.549784 0.910255 0.5975508 0.9022472 0.5756101 0.9152278 0.5779578 0.9152278 0.5779578 0.9048481 0.5635215 0.9158154 0.5619022 0.9158154 0.5619022 0.9271904 0.5784988 0.9152278 0.5779578 0.9152278 0.5779578 0.9219383 0.5996785 0.910255 0.5975508 0.6283944 0.8444946 0.6489339 0.8273248 0.6479125 0.8452147 0.6489339 0.8273248 0.6676706 0.8466909 0.6479125 0.8452147 0.6479125 0.8452147 0.6649377 0.8655422 0.6466745 0.8636195 0.6479125 0.8452147 0.6283145 0.8627237 0.6283944 0.8444946 0.7636506 0.3039196 0.7372125 0.3350271 0.7379776 0.3030572 0.9456989 0.0345332 0.9217543 0.06650662 0.9187671 0.03650343 0.9187671 0.03650343 0.8972086 0.06870996 0.892575 0.03907376 0.7887236 0.3060944 0.7625278 0.3358438 0.7636506 0.3039196 0.3702635 0.2399734 0.3405159 0.2648339 0.3408005 0.2357773 0.3408005 0.2357773 0.3720139 0.2110415 0.3702635 0.2399734 0.3702635 0.2399734 0.397441 0.2125657 0.3948433 0.2429926 0.3948433 0.2429926 0.3679392 0.268745 0.3702635 0.2399734 0.3770384 0.1247423 0.3446044 0.1456707 0.3472202 0.1197111 0.3472202 0.1197111 0.3791303 0.10253 0.3770384 0.1247423 0.3791303 0.10253 0.4018314 0.1246705 0.3770384 0.1247423 0.3770384 0.1247423 0.4006602 0.1493691 0.3753588 0.15034 0.9069816 0.2045038 0.9365594 0.1861926 0.9292592 0.2120316 0.9292592 0.2120316 0.8987394 0.2276557 0.9069816 0.2045038 0.9069816 0.2045038 0.8780321 0.218378 0.8862007 0.1967244 0.8862007 0.1967244 0.9136837 0.1805973 0.9069816 0.2045038 0.9179235 0.1572833 0.9459711 0.1342689 0.9419435 0.1615576 0.9419435 0.1615576 0.9136837 0.1805973 0.9179235 0.1572833 0.9179235 0.1572833 0.8922436 0.1753484 0.8952631 0.1538305 0.8952631 0.1538305 0.9207131 0.1314535 0.9179235 0.1572833 0.4503458 0.08870172 0.4273172 0.1057043 0.4279498 0.08792191 0.4279498 0.08792191 0.4031822 0.1039749 0.4048854 0.08570367 0.4279498 0.08792191 0.4074479 0.0682035 0.4290074 0.07051593 0.4279498 0.08792191 0.4501474 0.0714367 0.4503458 0.08870172 0.8086283 0.2679731 0.8385728 0.2551609 0.8321909 0.2753388 0.8321909 0.2753388 0.8593001 0.2626146 0.8519758 0.2823089 0.8519758 0.2823089 0.8300706 0.292861 0.8321909 0.2753388 0.8321909 0.2753388 0.8059677 0.2898434 0.8086283 0.2679731 0.8479718 0.2321118 0.8338487 0.1992644 0.8579395 0.2088859 0.8479718 0.2321118 0.8780321 0.218378 0.8685836 0.240834 0.8479718 0.2321118 0.8593001 0.2626146 0.8385728 0.2551609 0.8385728 0.2551609 0.8228044 0.2229481 0.8479718 0.2321118 0.3737526 0.1801217 0.3413166 0.2063989 0.3426064 0.1754505 0.3426064 0.1754505 0.3753588 0.15034 0.3737526 0.1801217 0.3753588 0.15034 0.3994018 0.1800404 0.3737526 0.1801217 0.3737526 0.1801217 0.397441 0.2125657 0.3720139 0.2110415 0.3646162 0.2989537 0.3365623 0.3193381 0.3398002 0.2952761 0.3398002 0.2952761 0.3679392 0.268745 0.3646162 0.2989537 0.3646162 0.2989537 0.3910524 0.2738556 0.3854391 0.3072049 0.3854391 0.3072049 0.3541892 0.3280944 0.3646162 0.2989537 0.9217543 0.06650662 0.9482895 0.09993427 0.9222883 0.09945082 0.9482895 0.09993427 0.9207131 0.1314535 0.9222883 0.09945082 0.9207131 0.1314535 0.8980251 0.09994757 0.9222883 0.09945082 0.9222883 0.09945082 0.8972086 0.06870996 0.9217543 0.06650662 0.761314 0.4210445 0.7372125 0.3759915 0.7608162 0.375716 0.7608162 0.375716 0.7372125 0.3350271 0.7625278 0.3358438 0.7625278 0.3358438 0.7836521 0.3760339 0.7608162 0.375716 0.7608162 0.375716 0.7830613 0.4179947 0.761314 0.4210445 0.3697633 0.3840193 0.3608934 0.430266 0.3396363 0.4119204 0.3396363 0.4119204 0.3490516 0.3694061 0.3697633 0.3840193 0.3697633 0.3840193 0.3735862 0.3395097 0.3934289 0.3512955 0.3934289 0.3512955 0.3904078 0.399113 0.3697633 0.3840193 0.7664888 0.4689921 0.738773 0.4231858 0.761314 0.4210445 0.761314 0.4210445 0.7891541 0.4608271 0.7664888 0.4689921 0.7664888 0.4689921 0.7979987 0.4991537 0.7736212 0.5115196 0.7736212 0.5115196 0.7424984 0.4739282 0.7664888 0.4689921 0.6035256 0.4076113 0.6336576 0.4121492 0.6242482 0.4354093 0.6242482 0.4354093 0.5796446 0.4360924 0.6035256 0.4076113 0.6035256 0.4076113 0.5491978 0.402621 0.583988 0.3734461 0.583988 0.3734461 0.6262747 0.3858429 0.6035256 0.4076113 0.6045877 0.1077835 0.6520833 0.08798193 0.6489528 0.1216906 0.6489528 0.1216906 0.7051334 0.09671562 0.7016638 0.1337794 0.7016638 0.1337794 0.642205 0.150064 0.6489528 0.1216906 0.6489528 0.1216906 0.6033271 0.1349356 0.6045877 0.1077835 0.207163 0.3093578 0.1594967 0.3340235 0.1673679 0.3006063 0.1673679 0.3006063 0.1357581 0.3193382 0.1325201 0.2952762 0.1325201 0.2952762 0.1708161 0.2628912 0.1673679 0.3006063 0.1708161 0.2628912 0.207163 0.3093578 0.1673679 0.3006063 0.1747373 0.1610591 0.2277992 0.1862427 0.1755884 0.1949877 0.1755884 0.1949877 0.1297138 0.1754507 0.1747373 0.1610591 0.1747373 0.1610591 0.1277158 0.1456707 0.1715389 0.1299393 0.1715389 0.1299393 0.227379 0.1493666 0.1747373 0.1610591 0.643456 0.4511563 0.6703256 0.4179946 0.664233 0.460827 0.664233 0.460827 0.6332834 0.4837616 0.643456 0.4511563 0.643456 0.4511563 0.6103059 0.4639673 0.6242482 0.4354093 0.6242482 0.4354093 0.6495518 0.414927 0.643456 0.4511563 0.1433354 0.3547106 0.1545873 0.3936553 0.1232687 0.3694063 0.1232687 0.3694063 0.1181311 0.3280946 0.1433354 0.3547106 0.1433354 0.3547106 0.1357581 0.3193382 0.1594967 0.3340235 0.1594967 0.3340235 0.175396 0.3748838 0.1433354 0.3547106 0.6697351 0.3760339 0.6495518 0.414927 0.6477838 0.3773643 0.6495518 0.414927 0.6262747 0.3858429 0.6477838 0.3773643 0.6477838 0.3773643 0.6174957 0.3519143 0.6430993 0.3417531 0.6430993 0.3417531 0.6697351 0.3760339 0.6477838 0.3773643 0.5512535 0.09994763 0.5760959 0.07171285 0.5751064 0.101889 0.5751064 0.101889 0.6063587 0.07697606 0.6045877 0.1077835 0.6045877 0.1077835 0.5760564 0.1296236 0.5751064 0.101889 0.5751064 0.101889 0.5525373 0.1296858 0.5512535 0.09994763 0.06556975 0.3160367 0.09873414 0.3395099 0.07889139 0.3512957 0.07889139 0.3512957 0.04293626 0.3247423 0.06556975 0.3160367 0.06556975 0.3160367 0.03190398 0.2855167 0.0574001 0.2794371 0.0574001 0.2794371 0.08688122 0.307205 0.06556975 0.3160367 0.07291835 0.1800405 0.04864019 0.2145164 0.04661381 0.1802644 0.04661381 0.1802644 0.02042931 0.2169418 0.01880443 0.1807261 0.01880443 0.1807261 0.04589861 0.1486924 0.04661381 0.1802644 0.04661381 0.1802644 0.07166004 0.1493693 0.07291835 0.1800405 0.6620718 0.2129248 0.6940833 0.1737495 0.7038101 0.2046201 0.6620718 0.2129248 0.7064976 0.2284986 0.6682742 0.2367411 0.6620718 0.2129248 0.6351146 0.2469059 0.6264742 0.2229482 0.6264742 0.2229482 0.648737 0.1891317 0.6620718 0.2129248 0.1589555 0.0830335 0.1167416 0.07732409 0.1498927 0.06331771 0.1167416 0.07732409 0.1394631 0.04500442 0.1498927 0.06331771 0.1498927 0.06331771 0.1685537 0.02658224 0.1825278 0.04411768 0.1825278 0.04411768 0.1589555 0.0830335 0.1498927 0.06331771 0.6682742 0.2367411 0.7086082 0.2524133 0.6726053 0.2592495 0.7086082 0.2524133 0.6777993 0.280641 0.6726053 0.2592495 0.6777993 0.280641 0.6406503 0.2679732 0.6726053 0.2592495 0.6726053 0.2592495 0.6351146 0.2469059 0.6682742 0.2367411 0.5505394 0.2276559 0.580695 0.240834 0.5595904 0.2491641 0.580695 0.240834 0.568732 0.2696597 0.5595904 0.2491641 0.5595904 0.2491641 0.547157 0.278401 0.5375872 0.2582381 0.5375872 0.2582381 0.5505394 0.2276559 0.5595904 0.2491641 0.5772071 0.2891663 0.5899785 0.2626148 0.597303 0.2823089 0.5772071 0.2891663 0.6012186 0.2991293 0.5832486 0.3054492 0.5772071 0.2891663 0.5655788 0.3132898 0.5571607 0.2977201 0.5571607 0.2977201 0.568732 0.2696597 0.5772071 0.2891663 0.09045082 0.08344542 0.06913793 0.1039751 0.06743472 0.08570379 0.06743472 0.08570379 0.08634155 0.06548231 0.09045082 0.08344542 0.09045082 0.08344542 0.1102935 0.05894768 0.1167416 0.07732409 0.09045082 0.08344542 0.1215258 0.0969944 0.09318989 0.1025301 0.7519552 0.5644004 0.7841979 0.5467475 0.7836882 0.5685176 0.7836882 0.5685176 0.7553312 0.5873997 0.7519552 0.5644004 0.7519552 0.5644004 0.730004 0.5869611 0.7239872 0.5643941 0.7239872 0.5643941 0.7495335 0.5423654 0.7519552 0.5644004 0.5760964 0.1513558 0.5525373 0.1296858 0.5760564 0.1296236 0.5760964 0.1513558 0.6033271 0.1349356 0.5984316 0.1546007 0.5760964 0.1513558 0.5926143 0.1676724 0.5775848 0.170181 0.5775848 0.170181 0.5540158 0.1538305 0.5760964 0.1513558 0.5830029 0.1887665 0.5570352 0.1753484 0.5775848 0.170181 0.5830029 0.1887665 0.5926143 0.1676724 0.6030388 0.1796994 0.6030388 0.1796994 0.5913394 0.2088859 0.5830029 0.1887665 0.5913394 0.2088859 0.5630779 0.1967243 0.5830029 0.1887665 0.07048875 0.1246706 0.04589861 0.1486924 0.04547989 0.1249198 0.04547989 0.1249198 0.01917505 0.1480718 0.02026516 0.1245899 0.04547989 0.1249198 0.02130115 0.1060839 0.04500305 0.1057044 0.04547989 0.1249198 0.06913793 0.1039751 0.07048875 0.1246706 0.2083378 0.08376675 0.1715389 0.1299393 0.1661761 0.104622 0.1715389 0.1299393 0.1251 0.1197112 0.1661761 0.104622 0.1661761 0.104622 0.1215258 0.0969944 0.1589555 0.0830335 0.1589555 0.0830335 0.2083378 0.08376675 0.1661761 0.104622 0.642205 0.150064 0.648737 0.1891317 0.6245328 0.168074 0.6245328 0.168074 0.6154301 0.1992645 0.6030388 0.1796994 0.6030388 0.1796994 0.5984316 0.1546007 0.6245328 0.168074 0.6245328 0.168074 0.6033271 0.1349356 0.642205 0.150064 0.05208134 0.2464743 0.08126783 0.2738557 0.0574001 0.2794371 0.0574001 0.2794371 0.02485114 0.2506846 0.05208134 0.2464743 0.05208134 0.2464743 0.02042931 0.2169418 0.04864019 0.2145164 0.04864019 0.2145164 0.07747697 0.2429928 0.05208134 0.2464743 0.640161 0.3103644 0.6664548 0.3379721 0.6430993 0.3417531 0.6430993 0.3417531 0.6109994 0.3202657 0.640161 0.3103644 0.5823416 0.04240852 0.6063587 0.07697606 0.5760959 0.07171285 0.5760959 0.07171285 0.5567038 0.03907358 0.5823416 0.04240852 0.1738009 0.2285149 0.2159364 0.263934 0.1708161 0.2628912 0.1708161 0.2628912 0.1315198 0.2357774 0.1738009 0.2285149 0.1738009 0.2285149 0.1310036 0.206399 0.1755884 0.1949877 0.1755884 0.1949877 0.2232177 0.22391 0.1738009 0.2285149 0.5696609 0.339944 0.6174957 0.3519143 0.583988 0.3734461 0.583988 0.3734461 0.5275738 0.3688668 0.5696609 0.339944 0.6600303 0.05386239 0.7051334 0.09671562 0.6520833 0.08798193 0.6520833 0.08798193 0.613785 0.04658144 0.6600303 0.05386239 0.7162538 0.6136899 0.730004 0.5869611 0.7347017 0.6111421 0.7347017 0.6111421 0.7207421 0.6365128 0.7162538 0.6136899 0.7207421 0.6365128 0.7007365 0.6177895 0.7162538 0.6136899 0.7007365 0.6177895 0.7100908 0.5901905 0.7162538 0.6136899 0.5182987 0.8977446 0.5357376 0.8716093 0.541422 0.8905346 0.541422 0.8905346 0.5270694 0.9154458 0.5182987 0.8977446 0.5182987 0.8977446 0.5066046 0.9262975 0.4939658 0.9070781 0.4939658 0.9070781 0.5096021 0.8781551 0.5182987 0.8977446 0.5520042 0.8481361 0.5693928 0.8283306 0.5717253 0.8466908 0.5717253 0.8466908 0.5563187 0.8678523 0.5520042 0.8481361 0.5520042 0.8481361 0.5357376 0.8716093 0.5296227 0.8514499 0.5296227 0.8514499 0.5483345 0.8287812 0.5520042 0.8481361 0.5013286 0.8587046 0.5243617 0.8315131 0.5296227 0.8514499 0.5296227 0.8514499 0.5096021 0.8781551 0.5013286 0.8587046 0.5013286 0.8587046 0.4820997 0.8868331 0.4716841 0.8682621 0.4716841 0.8682621 0.4939317 0.839456 0.5013286 0.8587046 0.7039743 0.5696403 0.7132945 0.5413448 0.7239872 0.5643941 0.7239872 0.5643941 0.7100908 0.5901905 0.7039743 0.5696403 0.7100908 0.5901905 0.6884762 0.5756101 0.7039743 0.5696403 0.7039743 0.5696403 0.6858753 0.5635215 0.69512 0.554744 0.7564538 0.6571914 0.7817215 0.6404914 0.7783616 0.6611911 0.7564538 0.6571914 0.7743875 0.6795857 0.7525387 0.675097 0.7525387 0.675097 0.7363807 0.6552036 0.7564538 0.6571914 0.7363807 0.6552036 0.7582328 0.6361837 0.7564538 0.6571914 0.6635333 0.5784987 0.656903 0.6018898 0.6514632 0.5791398 0.6514632 0.5791398 0.64479 0.604592 0.6394101 0.5807271 0.6394101 0.5807271 0.6487283 0.5612297 0.6514632 0.5791398 0.6514632 0.5791398 0.6618481 0.5615052 0.6635333 0.5784987 0.6495243 0.5502189 0.6618481 0.5615052 0.6487283 0.5612297 0.6487283 0.5612297 0.6337787 0.5519346 0.6495243 0.5502189 0.6495243 0.5502189 0.6316888 0.5419366 0.6508068 0.5394369 0.6508068 0.5394369 0.6654532 0.5499529 0.6495243 0.5502189 0.5669337 0.9171496 0.5787179 0.9006071 0.5808677 0.9157056 0.5669337 0.9171496 0.5802167 0.931666 0.5669411 0.9315061 0.5669411 0.9315061 0.5521947 0.9211676 0.5669337 0.9171496 0.5521947 0.9211676 0.5633527 0.9027903 0.5669337 0.9171496 0.6649183 0.6284351 0.6687852 0.5996785 0.676565 0.6249176 0.676565 0.6249176 0.6740859 0.6535013 0.6649183 0.6284351 0.6649183 0.6284351 0.6627329 0.6582853 0.6529675 0.6322354 0.6529675 0.6322354 0.656903 0.6018898 0.6649183 0.6284351 0.5600035 0.8863549 0.574458 0.8655421 0.5767258 0.8838172 0.5767258 0.8838172 0.5633527 0.9027903 0.5600035 0.8863549 0.5600035 0.8863549 0.5467649 0.907146 0.541422 0.8905346 0.541422 0.8905346 0.5563187 0.8678523 0.5600035 0.8863549 0.7577337 0.6120903 0.7841979 0.5913039 0.7837183 0.6163142 0.7837183 0.6163142 0.7582328 0.6361837 0.7577337 0.6120903 0.7577337 0.6120903 0.7370834 0.6348251 0.7347017 0.6111421 0.7347017 0.6111421 0.7553312 0.5873997 0.7577337 0.6120903 0.5879826 0.9519698 0.5802167 0.931666 0.5935015 0.9318469 0.5935015 0.9318469 0.6032019 0.9542827 0.5879826 0.9519698 0.5879826 0.9519698 0.5978793 0.9782413 0.5807881 0.9746913 0.5807881 0.9746913 0.5734335 0.9500373 0.5879826 0.9519698 0.7396076 0.7043161 0.7549815 0.7299922 0.7308639 0.7170222 0.7308639 0.7170222 0.7456566 0.7456952 0.7210906 0.7305873 0.7210906 0.7305873 0.7107325 0.7050529 0.7308639 0.7170222 0.7308639 0.7170222 0.7196793 0.6955597 0.7396076 0.7043161 0.7207421 0.6365128 0.7363807 0.6552036 0.7219176 0.6547464 0.7219176 0.6547464 0.7329429 0.6718682 0.7198293 0.6688998 0.7219176 0.6547464 0.7117204 0.6659019 0.7103559 0.6562398 0.7219176 0.6547464 0.7072436 0.6400336 0.7207421 0.6365128 0.535813 0.9298965 0.5467649 0.907146 0.5521947 0.9211676 0.535813 0.9298965 0.5553784 0.93103 0.5460241 0.9406902 0.535813 0.9298965 0.5329741 0.9545224 0.5194095 0.9420574 0.5194095 0.9420574 0.5270694 0.9154458 0.535813 0.9298965 0.6740859 0.6535013 0.6909459 0.6661011 0.6814649 0.6714792 0.6814649 0.6714792 0.6971395 0.6786036 0.6886557 0.6847078 0.6886557 0.6847078 0.671584 0.6768487 0.6814649 0.6714792 0.6814649 0.6714792 0.6627329 0.6582853 0.6740859 0.6535013 0.7142548 0.6795585 0.7196793 0.6955597 0.7065898 0.6879753 0.7065898 0.6879753 0.7052829 0.6719012 0.7142548 0.6795585 0.7142548 0.6795585 0.7117204 0.6659019 0.7198293 0.6688998 0.7198293 0.6688998 0.7271746 0.6848781 0.7142548 0.6795585 0.698009 0.6953552 0.7008011 0.7151923 0.6886656 0.7028355 0.6886656 0.7028355 0.6886557 0.6847078 0.698009 0.6953552 0.698009 0.6953552 0.6971395 0.6786036 0.7065898 0.6879753 0.7065898 0.6879753 0.7107325 0.7050529 0.698009 0.6953552 0.6957026 0.6442873 0.7103559 0.6562398 0.7002506 0.6605221 0.7002506 0.6605221 0.7117204 0.6659019 0.7052829 0.6719012 0.7052829 0.6719012 0.6909459 0.6661011 0.7002506 0.6605221 0.7002506 0.6605221 0.6850371 0.6489029 0.6957026 0.6442873 0.7525387 0.675097 0.769413 0.697421 0.7468316 0.6906266 0.7468316 0.6906266 0.7630516 0.7142376 0.7396076 0.7043161 0.7396076 0.7043161 0.7271746 0.6848781 0.7468316 0.6906266 0.7468316 0.6906266 0.7329429 0.6718682 0.7525387 0.675097 0.5591353 0.9469028 0.5553784 0.93103 0.5669411 0.9315061 0.5669411 0.9315061 0.5734335 0.9500373 0.5591353 0.9469028 0.5591353 0.9469028 0.5643458 0.9705011 0.548277 0.9639726 0.548277 0.9639726 0.5460241 0.9406902 0.5591353 0.9469028 0.5927214 0.8636194 0.6110931 0.8808063 0.5937014 0.8816574 0.5937014 0.8816574 0.6106412 0.8983353 0.5943936 0.8987525 0.5943936 0.8987525 0.5767258 0.8838172 0.5937014 0.8816574 0.5937014 0.8816574 0.574458 0.8655421 0.5927214 0.8636194 0.6880351 0.6214479 0.6936223 0.5946728 0.7007365 0.6177895 0.6880351 0.6214479 0.7072436 0.6400336 0.6957026 0.6442873 0.6957026 0.6442873 0.676565 0.6249176 0.6880351 0.6214479 0.676565 0.6249176 0.6804684 0.5975508 0.6880351 0.6214479 0.5943936 0.8987525 0.6094213 0.9150712 0.5949432 0.9147232 0.5949432 0.9147232 0.6070945 0.9330133 0.5935015 0.9318469 0.5935015 0.9318469 0.5808677 0.9157056 0.5949432 0.9147232 0.5949432 0.9147232 0.5787179 0.9006071 0.5943936 0.8987525 0.6813016 0.5497839 0.6858753 0.5635215 0.6749082 0.5619021 0.6749082 0.5619021 0.6654532 0.5499529 0.6813016 0.5497839 0.6813016 0.5497839 0.6699343 0.5382956 0.6891074 0.5373122 0.6891074 0.5373122 0.69512 0.554744 0.6813016 0.5497839 0.6884762 0.5756101 0.6804684 0.5975508 0.6754956 0.5779578 0.6754956 0.5779578 0.6687852 0.5996785 0.6635333 0.5784987 0.6635333 0.5784987 0.6749082 0.5619021 0.6754956 0.5779578 0.6754956 0.5779578 0.6858753 0.5635215 0.6884762 0.5756101 0.590462 0.8273248 0.6110014 0.8444945 0.5914832 0.8452147 0.5914832 0.8452147 0.6110813 0.8627235 0.5927214 0.8636194 0.5914832 0.8452147 0.574458 0.8655421 0.5717253 0.8466908 0.5717253 0.8466908 0.590462 0.8273248 0.5914832 0.8452147 0.6897367 0.3039195 0.7161746 0.3350272 0.6908594 0.3358438 0.6908594 0.3358438 0.6646637 0.3060944 0.6897367 0.3039195 0.5305118 0.03650331 0.55207 0.0687099 0.5275245 0.06650656 0.5275245 0.06650656 0.5035798 0.0345332 0.5305118 0.03650331 0.1020566 0.2399736 0.1318044 0.2648339 0.104381 0.2687452 0.104381 0.2687452 0.07747697 0.2429928 0.1020566 0.2399736 0.1020566 0.2399736 0.0748791 0.2125658 0.1003063 0.2110417 0.1003063 0.2110417 0.1315198 0.2357774 0.1020566 0.2399736 0.09528177 0.1247424 0.1277158 0.1456707 0.09696143 0.1503401 0.09528177 0.1247424 0.07166004 0.1493693 0.07048875 0.1246706 0.07048875 0.1246706 0.09318989 0.1025301 0.09528177 0.1247424 0.09318989 0.1025301 0.1251 0.1197112 0.09528177 0.1247424 0.5422972 0.2045038 0.5127192 0.1861926 0.5355951 0.1805974 0.5355951 0.1805974 0.5630779 0.1967243 0.5422972 0.2045038 0.5422972 0.2045038 0.5712467 0.2183779 0.5505394 0.2276559 0.5505394 0.2276559 0.5200194 0.2120315 0.5422972 0.2045038 0.5313552 0.1572833 0.5033077 0.1342689 0.5285654 0.1314535 0.5285654 0.1314535 0.5540158 0.1538305 0.5313552 0.1572833 0.5313552 0.1572833 0.5570352 0.1753484 0.5355951 0.1805974 0.5355951 0.1805974 0.5073353 0.1615576 0.5313552 0.1572833 0.04500305 0.1057044 0.02197438 0.08870184 0.04437029 0.08792209 0.04437029 0.08792209 0.02217268 0.07143688 0.04331272 0.0705161 0.04437029 0.08792209 0.0648722 0.06820356 0.06743472 0.08570379 0.04437029 0.08792209 0.06913793 0.1039751 0.04500305 0.1057044 0.6107059 0.255161 0.6406503 0.2679732 0.6170877 0.2753387 0.6170877 0.2753387 0.6433109 0.2898436 0.619208 0.2928611 0.619208 0.2928611 0.597303 0.2823089 0.6170877 0.2753387 0.6170877 0.2753387 0.5899785 0.2626148 0.6107059 0.255161 0.601307 0.2321118 0.6154301 0.1992645 0.6264742 0.2229482 0.6264742 0.2229482 0.6107059 0.255161 0.601307 0.2321118 0.601307 0.2321118 0.5899785 0.2626148 0.580695 0.240834 0.601307 0.2321118 0.5712467 0.2183779 0.5913394 0.2088859 0.0985676 0.1801218 0.1310036 0.206399 0.1003063 0.2110417 0.0985676 0.1801218 0.0748791 0.2125658 0.07291835 0.1800405 0.07291835 0.1800405 0.09696143 0.1503401 0.0985676 0.1801218 0.09696143 0.1503401 0.1297138 0.1754507 0.0985676 0.1801218 0.1077042 0.2989538 0.1357581 0.3193382 0.1181311 0.3280946 0.1181311 0.3280946 0.08688122 0.307205 0.1077042 0.2989538 0.1077042 0.2989538 0.08126783 0.2738557 0.104381 0.2687452 0.104381 0.2687452 0.1325201 0.2952762 0.1077042 0.2989538 0.5009892 0.09993422 0.5275245 0.06650656 0.5269904 0.09945076 0.5269904 0.09945076 0.55207 0.0687099 0.5512535 0.09994763 0.5512535 0.09994763 0.5285654 0.1314535 0.5269904 0.09945076 0.5285654 0.1314535 0.5009892 0.09993422 0.5269904 0.09945076 0.7161746 0.3759917 0.692073 0.4210444 0.6925708 0.375716 0.6925708 0.375716 0.6703256 0.4179946 0.6697351 0.3760339 0.6697351 0.3760339 0.6908594 0.3358438 0.6925708 0.375716 0.6925708 0.375716 0.7161746 0.3350272 0.7161746 0.3759917 0.102557 0.3840195 0.1114269 0.4302663 0.08191245 0.3991131 0.08191245 0.3991131 0.07889139 0.3512957 0.102557 0.3840195 0.102557 0.3840195 0.09873414 0.3395099 0.1232687 0.3694063 0.1232687 0.3694063 0.132684 0.4119206 0.102557 0.3840195 0.6868979 0.4689922 0.714614 0.423186 0.7108886 0.4739282 0.7108886 0.4739282 0.6797654 0.5115195 0.6868979 0.4689922 0.6868979 0.4689922 0.6553881 0.4991538 0.664233 0.460827 0.664233 0.460827 0.692073 0.4210444 0.6868979 0.4689922 0.9613612 0.8425988 0.9532684 0.8666803 0.9508364 0.8445473 0.9508364 0.8445473 0.941403 0.866443 0.9396685 0.8460883 0.9396685 0.8460883 0.9434623 0.8241787 0.9508364 0.8445473 0.9508364 0.8445473 0.9524412 0.8206906 0.9613612 0.8425988 0.9146956 0.8142867 0.9090124 0.7937591 0.9227325 0.8102017 0.9227325 0.8102017 0.9233201 0.8298464 0.9146956 0.8142867 0.9146956 0.8142867 0.9126346 0.8326992 0.9062249 0.8183533 0.9062249 0.8183533 0.90392 0.7994204 0.9146956 0.8142867 0.8527171 0.8848399 0.8675534 0.8998469 0.8564433 0.9036769 0.8564433 0.9036769 0.8412579 0.8872292 0.8527171 0.8848399 0.8527171 0.8848399 0.8393091 0.8650906 0.8512929 0.8646569 0.8512929 0.8646569 0.8647627 0.882636 0.8527171 0.8848399 0.8305172 0.8894298 0.8458445 0.9077863 0.8361389 0.9118354 0.8361389 0.9118354 0.8201066 0.8915467 0.8305172 0.8894298 0.8201066 0.8915467 0.8280388 0.8652047 0.8305172 0.8894298 0.8280388 0.8652047 0.8412579 0.8872292 0.8305172 0.8894298 0.9612208 0.8920195 0.9447287 0.9104183 0.9507321 0.8895592 0.9507321 0.8895592 0.934574 0.9064367 0.9393869 0.8873199 0.9393869 0.8873199 0.9532684 0.8666803 0.9507321 0.8895592 0.9532684 0.8666803 0.9612208 0.8920195 0.9507321 0.8895592 0.8195468 0.813786 0.8198759 0.8405244 0.8091686 0.837912 0.8198759 0.8405244 0.8057455 0.8648197 0.8091686 0.837912 0.8091686 0.837912 0.793541 0.8644694 0.7980995 0.8347747 0.8091686 0.837912 0.8102022 0.8083552 0.8195468 0.813786 0.9277138 0.8472387 0.9337987 0.8271488 0.9396685 0.8460883 0.9396685 0.8460883 0.9287444 0.8659669 0.9277138 0.8472387 0.9277138 0.8472387 0.9162276 0.8656472 0.9156655 0.848466 0.9156655 0.848466 0.9233201 0.8298464 0.9277138 0.8472387 0.9131796 0.7872994 0.9370272 0.8009588 0.9301034 0.8058478 0.9370272 0.8009588 0.9434623 0.8241787 0.9301034 0.8058478 0.9301034 0.8058478 0.9337987 0.8271488 0.9227325 0.8102017 0.9301034 0.8058478 0.9090124 0.7937591 0.9131796 0.7872994 0.8671433 0.7866014 0.85835 0.8083758 0.8508561 0.8038087 0.8508561 0.8038087 0.847588 0.8249472 0.8377325 0.8217065 0.8377325 0.8217065 0.8439246 0.7989638 0.8508561 0.8038087 0.8439246 0.7989638 0.8671433 0.7866014 0.8508561 0.8038087 0.8664948 0.8128044 0.8686891 0.8315822 0.8581427 0.8281589 0.8581427 0.8281589 0.85835 0.8083758 0.8664948 0.8128044 0.8664948 0.8128044 0.8713444 0.7929304 0.8766448 0.7983734 0.8766448 0.7983734 0.8749256 0.817194 0.8664948 0.8128044 0.9761098 0.8666943 0.9835858 0.8980801 0.9719373 0.8948231 0.9835858 0.8980801 0.9629171 0.9200391 0.9719373 0.8948231 0.9719373 0.8948231 0.9539888 0.9148965 0.9612208 0.8920195 0.9719373 0.8948231 0.9646371 0.8667731 0.9761098 0.8666943 0.8371482 0.7932404 0.8285964 0.8181875 0.8195468 0.813786 0.8195468 0.813786 0.8303381 0.7866455 0.8371482 0.7932404 0.8303381 0.7866455 0.8596189 0.7730922 0.8371482 0.7932404 0.8371482 0.7932404 0.8634415 0.7798636 0.8439246 0.7989638 0.9271516 0.8852532 0.934574 0.9064367 0.9234635 0.9030988 0.9234635 0.9030988 0.9148625 0.8837568 0.9271516 0.8852532 0.9271516 0.8852532 0.9162276 0.8656472 0.9287444 0.8659669 0.9271516 0.8852532 0.941403 0.866443 0.9393869 0.8873199 0.8303856 0.8425143 0.8393091 0.8650906 0.8280388 0.8652047 0.8280388 0.8652047 0.8198759 0.8405244 0.8303856 0.8425143 0.8303856 0.8425143 0.8285964 0.8181875 0.8377325 0.8217065 0.8377325 0.8217065 0.8414035 0.8442044 0.8303856 0.8425143 0.9507551 0.7883561 0.9613959 0.8161626 0.9438851 0.7950864 0.9438851 0.7950864 0.9524412 0.8206906 0.9370272 0.8009588 0.9438851 0.7950864 0.9170485 0.7805963 0.9212475 0.7739906 0.9212475 0.7739906 0.9507551 0.7883561 0.9438851 0.7950864 0.9720453 0.8400329 0.9706627 0.8104787 0.983384 0.8368131 0.983384 0.8368131 0.9761098 0.8666943 0.9720453 0.8400329 0.9720453 0.8400329 0.9646371 0.8667731 0.9613612 0.8425988 0.9613612 0.8425988 0.9613959 0.8161626 0.9720453 0.8400329 0.8090556 0.8937769 0.8170294 0.865149 0.8201066 0.8915467 0.8090556 0.8937769 0.8268694 0.9158814 0.817344 0.9200863 0.8090556 0.8937769 0.8071023 0.924533 0.7972661 0.8961376 0.7972661 0.8961376 0.8057455 0.8648197 0.8090556 0.8937769 0.8279708 0.9377791 0.8268694 0.9158814 0.8358001 0.9324318 0.8358001 0.9324318 0.8411241 0.9504957 0.8279708 0.9377791 0.8279708 0.9377791 0.8354366 0.9576405 0.819732 0.9439927 0.819732 0.9439927 0.817344 0.9200863 0.8279708 0.9377791 0.8361389 0.9118354 0.8524037 0.9226977 0.8437624 0.9274889 0.8524037 0.9226977 0.8533979 0.9395039 0.8437624 0.9274889 0.8437624 0.9274889 0.8469675 0.9445351 0.8358001 0.9324318 0.8437624 0.9274889 0.8268694 0.9158814 0.8361389 0.9118354 0.8564433 0.9036769 0.8719356 0.9136149 0.8619629 0.9180112 0.8719356 0.9136149 0.8686943 0.9310966 0.8619629 0.9180112 0.8619629 0.9180112 0.8605739 0.9350488 0.8524037 0.9226977 0.8619629 0.9180112 0.8458445 0.9077863 0.8564433 0.9036769 0.9234635 0.9030988 0.928097 0.9210525 0.9183881 0.9172967 0.9183881 0.9172967 0.9199679 0.9334391 0.9120169 0.9303163 0.9120169 0.9303163 0.9081499 0.9142909 0.9183881 0.9172967 0.9183881 0.9172967 0.9120007 0.900673 0.9234635 0.9030988 0.9447287 0.9104183 0.9444717 0.9307637 0.936743 0.9255915 0.936743 0.9255915 0.9330359 0.9425598 0.9269668 0.937556 0.9269668 0.937556 0.928097 0.9210525 0.936743 0.9255915 0.936743 0.9255915 0.934574 0.9064367 0.9447287 0.9104183 0.9515632 0.936845 0.9722921 0.9259107 0.958547 0.9439845 0.958547 0.9439845 0.9381653 0.9486065 0.9515632 0.936845 0.9381653 0.9486065 0.9444717 0.9307637 0.9515632 0.936845 0.9444717 0.9307637 0.9629171 0.9200391 0.9515632 0.936845 0.8569391 0.9597435 0.8469675 0.9445351 0.8598818 0.9543231 0.8569391 0.9597435 0.8678274 0.9586413 0.8699369 0.962858 0.8699369 0.962858 0.8545041 0.9666561 0.8569391 0.9597435 0.8545041 0.9666561 0.8411241 0.9504957 0.8569391 0.9597435 0.8640592 0.9501599 0.8605739 0.9350488 0.8691841 0.9469838 0.8640592 0.9501599 0.8734331 0.9538773 0.8719985 0.9575273 0.8640592 0.9501599 0.8678274 0.9586413 0.8598818 0.9543231 0.8598818 0.9543231 0.8533979 0.9395039 0.8640592 0.9501599 0.8753721 0.9449775 0.8774794 0.927358 0.8825533 0.9434161 0.8825533 0.9434161 0.8777273 0.9558042 0.8753721 0.9449775 0.8753721 0.9449775 0.8734331 0.9538773 0.8691841 0.9469838 0.8691841 0.9469838 0.8686943 0.9310966 0.8753721 0.9449775 0.9120169 0.9303163 0.9111993 0.9454081 0.9052928 0.9438586 0.9052928 0.9438586 0.9067759 0.952495 0.902579 0.9545579 0.902579 0.9545579 0.8985359 0.9429534 0.9052928 0.9438586 0.9052928 0.9438586 0.9033692 0.9277263 0.9120169 0.9303163 0.9269668 0.937556 0.9202681 0.9525143 0.9162397 0.9484083 0.9162397 0.9484083 0.912301 0.9571197 0.9080809 0.9561898 0.9162397 0.9484083 0.9067759 0.952495 0.9111993 0.9454081 0.9162397 0.9484083 0.9199679 0.9334391 0.9269668 0.937556 0.9228528 0.9577174 0.9427163 0.9558768 0.9246622 0.9640849 0.9246622 0.9640849 0.9101719 0.9612749 0.9228528 0.9577174 0.9228528 0.9577174 0.912301 0.9571197 0.9202681 0.9525143 0.9228528 0.9577174 0.9330359 0.9425598 0.9381653 0.9486065 0.8699369 0.962858 0.8719985 0.9575273 0.8758484 0.9611292 0.8719985 0.9575273 0.8777273 0.9558042 0.8758484 0.9611292 0.8758484 0.9611292 0.8829897 0.9570754 0.8790298 0.9642321 0.8758484 0.9611292 0.8710436 0.9681275 0.8699369 0.962858 0.9080809 0.9561898 0.9101719 0.9612749 0.9043251 0.959821 0.9043251 0.959821 0.9091851 0.966084 0.9015045 0.962716 0.9043251 0.959821 0.8977977 0.9558972 0.902579 0.9545579 0.902579 0.9545579 0.9080809 0.9561898 0.9043251 0.959821 0.8581427 0.8281589 0.8650025 0.8471099 0.8531071 0.8455968 0.8531071 0.8455968 0.8637231 0.8642899 0.8512929 0.8646569 0.8512929 0.8646569 0.8414035 0.8442044 0.8531071 0.8455968 0.8531071 0.8455968 0.847588 0.8249472 0.8581427 0.8281589 0.2044203 0.5635035 0.2147107 0.5725672 0.205657 0.584598 0.205657 0.584598 0.1950764 0.5739626 0.2044203 0.5635035 0.2044203 0.5635035 0.191506 0.552744 0.2010889 0.5409471 0.2010889 0.5409471 0.2138209 0.552492 0.2044203 0.5635035 0.3699094 0.5766134 0.3850981 0.5714337 0.3873451 0.5863006 0.3873451 0.5863006 0.3727023 0.5870689 0.3699094 0.5766134 0.3699094 0.5766134 0.3525252 0.5839312 0.3509839 0.5778556 0.3509839 0.5778556 0.3677281 0.5658239 0.3699094 0.5766134 0.3307101 0.5855705 0.3509839 0.5778556 0.3283204 0.5978649 0.3283204 0.5978649 0.3525252 0.5839312 0.3263706 0.6065445 0.3263706 0.6065445 0.3080076 0.622991 0.3283204 0.5978649 0.3283204 0.5978649 0.3111844 0.6043186 0.3307101 0.5855705 0.2930242 0.6158548 0.3080076 0.622991 0.2900387 0.6383786 0.2900387 0.6383786 0.3057261 0.637979 0.2890089 0.6586026 0.2890089 0.6586026 0.2728971 0.6458344 0.2900387 0.6383786 0.2900387 0.6383786 0.2775629 0.621336 0.2930242 0.6158548 0.2596325 0.6221499 0.2728971 0.6458344 0.2506572 0.6478825 0.2506572 0.6478825 0.2692174 0.670122 0.241358 0.6732589 0.241358 0.6732589 0.2272302 0.6385341 0.2506572 0.6478825 0.2506572 0.6478825 0.2395514 0.6143325 0.2596325 0.6221499 0.2112283 0.6123765 0.2395514 0.6143325 0.2272302 0.6385341 0.2272302 0.6385341 0.200423 0.6292775 0.2112283 0.6123765 0.2112283 0.6123765 0.1973569 0.5956056 0.205657 0.584598 0.205657 0.584598 0.2231898 0.5941982 0.2112283 0.6123765 0.2636131 0.4353334 0.2735947 0.4473314 0.260596 0.4450984 0.260596 0.4450984 0.2519159 0.4311991 0.2636131 0.4353334 0.05249398 0.8981679 0.05210977 0.9109247 0.04564863 0.9049134 0.05249398 0.8981679 0.03983718 0.8982674 0.04162216 0.8913434 0.2859808 0.4477342 0.2926073 0.4639739 0.280928 0.463112 0.280928 0.463112 0.2854398 0.4880206 0.2738317 0.4846925 0.2738317 0.4846925 0.2685802 0.461676 0.280928 0.463112 0.280928 0.463112 0.2735947 0.4473314 0.2859808 0.4477342 0.3091418 0.4472271 0.3161379 0.4670737 0.3041648 0.4651671 0.3041648 0.4651671 0.3095425 0.4942237 0.2971567 0.4911977 0.2971567 0.4911977 0.2926073 0.4639739 0.3041648 0.4651671 0.3041648 0.4651671 0.2976558 0.4473977 0.3091418 0.4472271 0.3285084 0.4699723 0.3436686 0.4550517 0.3405426 0.4736817 0.3405426 0.4736817 0.3226134 0.4968987 0.3285084 0.4699723 0.3226134 0.4968987 0.3161379 0.4670737 0.3285084 0.4699723 0.3161379 0.4670737 0.3325151 0.4507744 0.3285084 0.4699723 0.3515875 0.4780141 0.3640096 0.4661641 0.3619113 0.4825041 0.3619113 0.4825041 0.3482561 0.5008673 0.3515875 0.4780141 0.3515875 0.4780141 0.3358383 0.4989036 0.3405426 0.4736817 0.3405426 0.4736817 0.3540104 0.4603977 0.3515875 0.4780141 0.3723567 0.4868318 0.387166 0.4758353 0.3838618 0.4906617 0.3838618 0.4906617 0.3696522 0.5054517 0.3723567 0.4868318 0.3723567 0.4868318 0.3593598 0.5029494 0.3619113 0.4825041 0.3619113 0.4825041 0.3747679 0.4714955 0.3723567 0.4868318 0.260596 0.4450984 0.2685802 0.461676 0.2557474 0.4590747 0.2557474 0.4590747 0.2619418 0.4809792 0.2500938 0.4769129 0.2557474 0.4590747 0.238986 0.472914 0.2432084 0.4553293 0.2557474 0.4590747 0.2475974 0.4408091 0.260596 0.4450984 0.2386156 0.5696004 0.2677483 0.546941 0.2538037 0.5831089 0.2538037 0.5831089 0.2231898 0.5941982 0.2386156 0.5696004 0.2386156 0.5696004 0.2147107 0.5725672 0.2278077 0.5539453 0.2278077 0.5539453 0.254526 0.5387855 0.2386156 0.5696004 0.2817332 0.5517178 0.285918 0.5897653 0.2704805 0.5893856 0.2704805 0.5893856 0.2775629 0.621336 0.2596325 0.6221499 0.2704805 0.5893856 0.2395514 0.6143325 0.2538037 0.5831089 0.2538037 0.5831089 0.2817332 0.5517178 0.2704805 0.5893856 0.3080185 0.5514345 0.3161802 0.5773778 0.2999208 0.5854966 0.2999208 0.5854966 0.3111844 0.6043186 0.2930242 0.6158548 0.2930242 0.6158548 0.285918 0.5897653 0.2999208 0.5854966 0.2999208 0.5854966 0.2952934 0.5533849 0.3080185 0.5514345 0.3385373 0.5430563 0.3515272 0.5566902 0.3340486 0.5659225 0.3340486 0.5659225 0.3503149 0.569579 0.3307101 0.5855705 0.3307101 0.5855705 0.3161802 0.5773778 0.3340486 0.5659225 0.3340486 0.5659225 0.322295 0.5474578 0.3385373 0.5430563 0.3669424 0.5544649 0.3792619 0.5439904 0.3819951 0.5580627 0.3819951 0.5580627 0.3677281 0.5658239 0.3669424 0.5544649 0.3677281 0.5658239 0.3515272 0.5566902 0.3669424 0.5544649 0.3669424 0.5544649 0.3538221 0.540383 0.3670337 0.5410067 0.2240113 0.5371209 0.2431499 0.5288984 0.2278077 0.5539453 0.2278077 0.5539453 0.2138209 0.552492 0.2240113 0.5371209 0.2240113 0.5371209 0.2112389 0.5299235 0.2200756 0.5194177 0.2200756 0.5194177 0.2350502 0.517958 0.2240113 0.5371209 0.2437836 0.4972905 0.2619418 0.4809792 0.2542117 0.5038147 0.2542117 0.5038147 0.2350502 0.517958 0.2437836 0.4972905 0.2437836 0.4972905 0.2278364 0.5072194 0.2343685 0.4910709 0.2343685 0.4910709 0.2500938 0.4769129 0.2437836 0.4972905 0.3677181 0.5240782 0.3802207 0.5081982 0.3784577 0.5266984 0.3784577 0.5266984 0.3670337 0.5410067 0.3677181 0.5240782 0.3677181 0.5240782 0.3538221 0.540383 0.3564779 0.5223969 0.3564779 0.5223969 0.3696522 0.5054517 0.3677181 0.5240782 0.3482561 0.5008673 0.3564779 0.5223969 0.3437083 0.5220173 0.3437083 0.5220173 0.3538221 0.540383 0.3385373 0.5430563 0.3385373 0.5430563 0.3294704 0.5223739 0.3437083 0.5220173 0.3437083 0.5220173 0.3358383 0.4989036 0.3482561 0.5008673 0.3226134 0.4968987 0.3294704 0.5223739 0.3157461 0.5227723 0.3157461 0.5227723 0.322295 0.5474578 0.3080185 0.5514345 0.3080185 0.5514345 0.3028041 0.5220532 0.3157461 0.5227723 0.3157461 0.5227723 0.3095425 0.4942237 0.3226134 0.4968987 0.2971567 0.4911977 0.3028041 0.5220532 0.2900699 0.5192288 0.2900699 0.5192288 0.2952934 0.5533849 0.2817332 0.5517178 0.2900699 0.5192288 0.2677483 0.546941 0.2776915 0.5151669 0.2776915 0.5151669 0.2971567 0.4911977 0.2900699 0.5192288 0.2657988 0.5099197 0.2854398 0.4880206 0.2776915 0.5151669 0.2776915 0.5151669 0.254526 0.5387855 0.2657988 0.5099197 0.2657988 0.5099197 0.2431499 0.5288984 0.2542117 0.5038147 0.2542117 0.5038147 0.2738317 0.4846925 0.2657988 0.5099197 0.03171652 0.9006617 0.04564863 0.9049134 0.03563958 0.9148023 0.04564863 0.9049134 0.04956084 0.9190688 0.03563958 0.9148023 0.04956084 0.9190688 0.03956258 0.9289427 0.03563958 0.9148023 0.03956258 0.9289427 0.02563053 0.9246912 0.03563958 0.9148023 0.02563053 0.9246912 0.02171832 0.9105357 0.03563958 0.9148023 0.02171832 0.9105357 0.03171652 0.9006617 0.03563958 0.9148023 0.366845 0.4563369 0.3540104 0.4603977 0.3566343 0.4505818 0.3566343 0.4505818 0.3436686 0.4550517 0.3460227 0.4453206 0.04216945 0.9385295 0.03144192 0.9313372 0.03956258 0.9289427 0.04216945 0.9385295 0.04791361 0.9274609 0.0530309 0.9327318 0.2876357 0.4378005 0.2976558 0.4473977 0.2859808 0.4477342 0.2859808 0.4477342 0.2756954 0.4374787 0.2876357 0.4378005 0.02910977 0.8910751 0.03983718 0.8982674 0.03171652 0.9006617 0.02910977 0.8910751 0.02336549 0.9021437 0.01824826 0.8968728 0.3460227 0.4453206 0.3325151 0.4507744 0.3348096 0.4412634 0.3325151 0.4507744 0.3231633 0.4384242 0.3348096 0.4412634 0.01878511 0.9314367 0.01916927 0.9186798 0.02563053 0.9246912 0.01878511 0.9314367 0.03144192 0.9313372 0.02965706 0.9382612 0.3890694 0.4654195 0.3747679 0.4714955 0.3775082 0.4614911 0.3775082 0.4614911 0.3640096 0.4661641 0.366845 0.4563369 0.05901902 0.9219012 0.04791361 0.9274609 0.04956084 0.9190688 0.05901902 0.9219012 0.05210977 0.9109247 0.0590189 0.909276 0.3111887 0.4373251 0.3208072 0.4480988 0.3091418 0.4472271 0.3091418 0.4472271 0.2993743 0.4374865 0.3111887 0.4373251 0.01226013 0.9077034 0.02336549 0.9021437 0.02171832 0.9105357 0.01226013 0.9077034 0.01916927 0.9186798 0.01226013 0.9203287 0.1311086 0.6784067 0.1048006 0.6777979 0.1114479 0.6587725 0.1114479 0.6587725 0.1471229 0.6645537 0.1311086 0.6784067 0.1471229 0.6645537 0.1479919 0.7012503 0.1311086 0.6784067 0.1311086 0.6784067 0.1325293 0.7059321 0.1200277 0.6915512 0.1249464 0.7246593 0.1487699 0.7117343 0.1387831 0.7419463 0.1387831 0.7419463 0.1689656 0.7258915 0.154776 0.7603769 0.154776 0.7603769 0.1235516 0.7690483 0.1387831 0.7419463 0.1387831 0.7419463 0.1140246 0.7470714 0.1249464 0.7246593 0.09732764 0.7455007 0.114574 0.7697839 0.08838188 0.7738854 0.08838188 0.7738854 0.1105396 0.7967316 0.0828455 0.7972096 0.08838188 0.7738854 0.05611985 0.7891361 0.06370347 0.7678893 0.08838188 0.7738854 0.0743367 0.7408002 0.09732764 0.7455007 0.0426898 0.7521114 0.0743367 0.7408002 0.06370347 0.7678893 0.06370347 0.7678893 0.03232026 0.7683815 0.0426898 0.7521114 0.0426898 0.7521114 0.01486796 0.7407841 0.0286746 0.7331391 0.0286746 0.7331391 0.05428999 0.7290018 0.0426898 0.7521114 0.6327823 0.796294 0.6185445 0.7895246 0.6317586 0.7857379 0.6317586 0.7857379 0.6453012 0.7947915 0.6327823 0.796294 0.05194658 0.8380332 0.05156254 0.8507899 0.0451014 0.8447787 0.05194658 0.8380332 0.03929001 0.8381326 0.04107463 0.8312088 0.3866499 0.7503416 0.3749929 0.7361645 0.385575 0.7316131 0.385575 0.7316131 0.3740426 0.7134323 0.3834713 0.7105572 0.6084741 0.7554813 0.6183219 0.772966 0.6066009 0.7764657 0.6066009 0.7764657 0.6185445 0.7895246 0.6066009 0.795177 0.3637193 0.7587844 0.3521727 0.7412642 0.3638437 0.7394685 0.3638437 0.7394685 0.3524801 0.7179082 0.3636417 0.7160384 0.3636417 0.7160384 0.3749929 0.7361645 0.3638437 0.7394685 0.3638437 0.7394685 0.3749796 0.7551025 0.3637193 0.7587844 0.3399162 0.7409673 0.328015 0.7568776 0.3279079 0.7388249 0.3279079 0.7388249 0.3402316 0.7183383 0.3399162 0.7409673 0.3402316 0.7183383 0.3521727 0.7412642 0.3399162 0.7409673 0.3521727 0.7412642 0.3398889 0.7599022 0.3399162 0.7409673 0.316827 0.7349888 0.3060104 0.7466853 0.3062269 0.7303315 0.3062269 0.7303315 0.317429 0.7149375 0.316827 0.7349888 0.316827 0.7349888 0.328136 0.7175 0.3279079 0.7388249 0.3279079 0.7388249 0.3169564 0.7521052 0.316827 0.7349888 0.6584845 0.7694628 0.6456396 0.7840393 0.6459807 0.7686744 0.6459807 0.7686744 0.6561965 0.7515645 0.6584845 0.7694628 0.2952027 0.7256959 0.3076316 0.7114598 0.3062269 0.7303315 0.3062269 0.7303315 0.2936382 0.742156 0.2952027 0.7256959 0.6317586 0.7857379 0.6183219 0.772966 0.6320168 0.7701547 0.6320168 0.7701547 0.618819 0.7539942 0.6322851 0.752569 0.6322851 0.752569 0.6459807 0.7686744 0.6320168 0.7701547 0.6320168 0.7701547 0.6456396 0.7840393 0.6317586 0.7857379 0.1114479 0.6587725 0.08385157 0.6713649 0.08370292 0.6526561 0.08370292 0.6526561 0.06493014 0.6710152 0.06005978 0.6554842 0.6322851 0.752569 0.618377 0.7373784 0.631415 0.7365677 0.618377 0.7373784 0.6296221 0.7213528 0.631415 0.7365677 0.631415 0.7365677 0.6413972 0.7205579 0.6440385 0.7360188 0.6440385 0.7360188 0.6322851 0.752569 0.631415 0.7365677 0.3413021 0.703243 0.328136 0.7175 0.3291786 0.7027785 0.3291786 0.7027785 0.3423911 0.6951377 0.3413021 0.703243 0.3423911 0.6951377 0.3537653 0.7020509 0.3413021 0.703243 0.3413021 0.703243 0.3524801 0.7179082 0.3402316 0.7183383 0.03116923 0.8405271 0.0451014 0.8447787 0.03509223 0.8546676 0.0451014 0.8447787 0.04901349 0.8589342 0.03509223 0.8546676 0.04901349 0.8589342 0.03901529 0.8688082 0.03509223 0.8546676 0.03901529 0.8688082 0.02508306 0.8645566 0.03509223 0.8546676 0.02508306 0.8645566 0.02117085 0.8504012 0.03509223 0.8546676 0.02117085 0.8504012 0.03116923 0.8405271 0.03509223 0.8546676 0.3042947 0.757256 0.3169564 0.7521052 0.3155336 0.7623779 0.3155336 0.7623779 0.328015 0.7568776 0.3271738 0.7669891 0.04162216 0.8783946 0.03089457 0.8712026 0.03901529 0.8688082 0.04162216 0.8783946 0.04736638 0.8673263 0.05248349 0.872597 0.387355 0.7615906 0.3749796 0.7551025 0.3866499 0.7503416 0.6066009 0.795177 0.6208083 0.7998778 0.6100752 0.8055003 0.02856236 0.8309404 0.03929001 0.8381326 0.03116923 0.8405271 0.02856236 0.8309404 0.02281802 0.8420091 0.01770085 0.8367381 0.3271738 0.7669891 0.3398889 0.7599022 0.3395158 0.7699211 0.3395158 0.7699211 0.3520305 0.7607516 0.3519308 0.7704845 0.01823776 0.871302 0.01862198 0.8585452 0.02508306 0.8645566 0.01823776 0.871302 0.03089457 0.8712026 0.02910983 0.8781264 0.6453012 0.7947915 0.6591131 0.7856345 0.6575087 0.7963684 0.2924122 0.7534106 0.3060104 0.7466853 0.3042947 0.757256 0.05847162 0.8617665 0.04736638 0.8673263 0.04901349 0.8589342 0.05847162 0.8617665 0.05156254 0.8507899 0.05847162 0.8491412 0.3640632 0.7690069 0.3520305 0.7607516 0.3637193 0.7587844 0.3637193 0.7587844 0.3757863 0.7656279 0.3640632 0.7690069 0.01171278 0.8475688 0.02281802 0.8420091 0.02117085 0.8504012 0.01171278 0.8475688 0.01862198 0.8585452 0.01171284 0.860194 0.6272565 0.7063053 0.6182128 0.698633 0.6254539 0.6949704 0.6272565 0.7063053 0.6332983 0.6958579 0.6374412 0.7046325 0.6374412 0.7046325 0.6296221 0.7213528 0.6272565 0.7063053 0.6272565 0.7063053 0.6173702 0.7221881 0.6165018 0.7075408 0.09732764 0.7455007 0.09066772 0.7058548 0.1103919 0.7147902 0.09066772 0.7058548 0.1200277 0.6915512 0.1103919 0.7147902 0.1103919 0.7147902 0.1325293 0.7059321 0.1249464 0.7246593 0.1103919 0.7147902 0.1140246 0.7470714 0.09732764 0.7455007 0.07065087 0.6969111 0.03988713 0.7158542 0.05402034 0.6902744 0.07065087 0.6969111 0.06493014 0.6710152 0.08385157 0.6713649 0.08385157 0.6713649 0.09066772 0.7058548 0.07065087 0.6969111 0.09066772 0.7058548 0.05428999 0.7290018 0.07065087 0.6969111 0.01397687 0.71954 0.02323454 0.7092553 0.02442616 0.7189312 0.02323454 0.7092553 0.03465586 0.7073991 0.02442616 0.7189312 0.02442616 0.7189312 0.03988713 0.7158542 0.0286746 0.7331391 0.0286746 0.7331391 0.01397687 0.71954 0.02442616 0.7189312 0.05579632 0.6742233 0.05078625 0.6662181 0.05205988 0.6613538 0.05205988 0.6613538 0.04221636 0.6572841 0.03825861 0.6521958 0.03825861 0.6521958 0.06005978 0.6554842 0.05205988 0.6613538 0.05205988 0.6613538 0.06493014 0.6710152 0.05579632 0.6742233 0.04608845 0.6890873 0.03416031 0.7027494 0.04362505 0.6900476 0.04608845 0.6890873 0.05205357 0.6787013 0.05579632 0.6742233 0.05579632 0.6742233 0.05402034 0.6902744 0.04608845 0.6890873 0.05402034 0.6902744 0.03465586 0.7073991 0.04608845 0.6890873 0.3654637 0.6454635 0.3731812 0.6520981 0.3684078 0.6565127 0.3684078 0.6565127 0.3614515 0.6504602 0.3654637 0.6454635 0.3355249 0.6517975 0.3243733 0.6532084 0.3319647 0.6464607 0.3319647 0.6464607 0.3205692 0.648391 0.3277338 0.6411355 0.6254539 0.6949704 0.614242 0.6950967 0.6247076 0.6888081 0.377752 0.6502411 0.3702093 0.640531 0.3747115 0.6386091 0.3277338 0.6411355 0.3166322 0.6450297 0.3244622 0.6377321 0.6247076 0.6888081 0.6332983 0.6958579 0.6254539 0.6949704 0.3808299 0.6786972 0.3735796 0.6656737 0.3793945 0.6632288 0.3793945 0.6632288 0.3731812 0.6520981 0.377752 0.6502411 0.6097077 0.7077328 0.6182128 0.698633 0.6165018 0.7075408 0.6097077 0.7077328 0.6173702 0.7221881 0.6090369 0.7234612 0.643817 0.7023981 0.6413972 0.7205579 0.6374412 0.7046325 0.643817 0.7023981 0.6332983 0.6958579 0.6357369 0.6905587 0.3115675 0.6579746 0.3205692 0.648391 0.3176705 0.6614247 0.3176705 0.6614247 0.3070824 0.6756664 0.3115675 0.6579746 0.02278393 0.7056744 0.01308363 0.7074589 0.01291495 0.7031872 0.3369787 0.6542456 0.3279322 0.6582642 0.3355249 0.6517975 0.3594045 0.6523765 0.3640938 0.6612277 0.3616385 0.6629794 0.02278393 0.7056744 0.03416031 0.7027494 0.02323454 0.7092553 0.0417518 0.6899686 0.03416031 0.7027494 0.0331459 0.7006303 0.3616385 0.6629794 0.3614898 0.6743885 0.3584314 0.6757551 0.3584314 0.6757551 0.3559139 0.6901859 0.35328 0.6875516 0.04970067 0.6799782 0.04362505 0.6900476 0.0417518 0.6899686 0.04970616 0.6682609 0.05205357 0.6787013 0.04970067 0.6799782 0.35328 0.6875516 0.3423911 0.6951377 0.3424556 0.6922326 0.3423911 0.6951377 0.3314793 0.688397 0.3424556 0.6922326 0.04255175 0.6597668 0.05078625 0.6662181 0.04970616 0.6682609 0.3653235 0.6857248 0.3614898 0.6743885 0.367152 0.6701461 0.367152 0.6701461 0.3640938 0.6612277 0.3684078 0.6565127 0.3684078 0.6565127 0.3735796 0.6656737 0.367152 0.6701461 0.367152 0.6701461 0.3735191 0.6816529 0.3653235 0.6857248 0.3641772 0.699415 0.3740426 0.7134323 0.3636417 0.7160384 0.3636417 0.7160384 0.3537653 0.7020509 0.3641772 0.699415 0.3641772 0.699415 0.3559139 0.6901859 0.3653235 0.6857248 0.3653235 0.6857248 0.3736221 0.6963039 0.3641772 0.699415 0.6090469 0.7386012 0.618819 0.7539942 0.6084741 0.7554813 0.3834713 0.7105572 0.3736221 0.6963039 0.3820129 0.6937081 0.3820129 0.6937081 0.3735191 0.6816529 0.3808299 0.6786972 0.6090369 0.7234612 0.618377 0.7373784 0.6090469 0.7386012 0.3176705 0.6614247 0.3243733 0.6532084 0.3230317 0.667042 0.3230317 0.667042 0.3279322 0.6582642 0.3276926 0.672078 0.3230317 0.667042 0.3148763 0.6794151 0.3176705 0.6614247 0.3291786 0.7027785 0.317429 0.7149375 0.3196867 0.6994479 0.3196867 0.6994479 0.3076316 0.7114598 0.311015 0.6953303 0.311015 0.6953303 0.322089 0.6848499 0.3196867 0.6994479 0.6440385 0.7360188 0.6495304 0.7194438 0.6533604 0.7354393 0.3024396 0.6916581 0.3148763 0.6794151 0.311015 0.6953303 0.311015 0.6953303 0.2982017 0.707641 0.3024396 0.6916581 0.6533604 0.7354393 0.6456106 0.7516275 0.6440385 0.7360188 0.1670114 0.7682285 0.1392759 0.7925351 0.154776 0.7603769 0.154776 0.7603769 0.1825215 0.731767 0.1670114 0.7682285 0.07876652 0.8102431 0.05611985 0.7891361 0.0828455 0.7972096 0.0828455 0.7972096 0.1078028 0.8112697 0.07876652 0.8102431 0.5902829 0.5635033 0.5799927 0.5725671 0.5808823 0.5524921 0.5808823 0.5524921 0.5936145 0.540947 0.5902829 0.5635033 0.5902829 0.5635033 0.6031972 0.552744 0.5996269 0.5739624 0.5996269 0.5739624 0.5890462 0.5845979 0.5902829 0.5635033 0.4247938 0.5766131 0.409605 0.5714336 0.426975 0.5658237 0.426975 0.5658237 0.4437193 0.5778554 0.4247938 0.5766131 0.4247938 0.5766131 0.442178 0.583931 0.4220008 0.5870686 0.4220008 0.5870686 0.4073581 0.5863003 0.4247938 0.5766131 0.4437193 0.5778554 0.463993 0.5855703 0.4663827 0.5978646 0.4663827 0.5978646 0.483519 0.6043185 0.4866954 0.6229907 0.4866954 0.6229907 0.4683325 0.6065443 0.4663827 0.5978646 0.4663827 0.5978646 0.442178 0.583931 0.4437193 0.5778554 0.4866954 0.6229907 0.5016791 0.6158546 0.5046645 0.6383785 0.5046645 0.6383785 0.5171404 0.6213359 0.5218061 0.6458344 0.5218061 0.6458344 0.5056943 0.6586026 0.5046645 0.6383785 0.5046645 0.6383785 0.4889771 0.6379789 0.4866954 0.6229907 0.5218061 0.6458344 0.5350707 0.6221498 0.5440459 0.6478822 0.5440459 0.6478822 0.5551518 0.6143324 0.5674729 0.6385341 0.5674729 0.6385341 0.5533452 0.673259 0.5440459 0.6478822 0.5440459 0.6478822 0.5254858 0.6701218 0.5218061 0.6458344 0.5834748 0.6123763 0.5551518 0.6143324 0.5715134 0.5941982 0.5715134 0.5941982 0.5890462 0.5845979 0.5834748 0.6123763 0.5834748 0.6123763 0.5973463 0.5956055 0.5942801 0.6292773 0.5942801 0.6292773 0.5674729 0.6385341 0.5834748 0.6123763 0.5310903 0.4353332 0.5211086 0.4473313 0.5190079 0.4374786 0.08099472 0.8981679 0.09365135 0.8982673 0.08784008 0.9049134 0.08099472 0.8981679 0.08137887 0.9109247 0.07446968 0.909276 0.5427874 0.4311988 0.5341072 0.4450982 0.5310903 0.4353332 0.5020961 0.4639737 0.5087224 0.4477341 0.5137752 0.4631119 0.5137752 0.4631119 0.5211086 0.4473313 0.5261232 0.4616759 0.5261232 0.4616759 0.5208715 0.4846924 0.5137752 0.4631119 0.5137752 0.4631119 0.5092634 0.4880206 0.5020961 0.4639737 0.4785655 0.4670737 0.4855615 0.447227 0.4905385 0.465167 0.4905385 0.465167 0.4970474 0.4473976 0.5020961 0.4639737 0.5020961 0.4639737 0.4975466 0.4911976 0.4905385 0.465167 0.4905385 0.465167 0.4851607 0.4942234 0.4785655 0.4670737 0.4661948 0.4699722 0.4510346 0.4550514 0.4621881 0.4507742 0.4621881 0.4507742 0.4785655 0.4670737 0.4661948 0.4699722 0.4785655 0.4670737 0.4720899 0.4968987 0.4661948 0.4699722 0.4720899 0.4968987 0.4541606 0.4736815 0.4661948 0.4699722 0.4431157 0.4780139 0.4306936 0.466164 0.4406929 0.4603975 0.4406929 0.4603975 0.4541606 0.4736815 0.4431157 0.4780139 0.4431157 0.4780139 0.458865 0.4989033 0.4464471 0.5008671 0.4464471 0.5008671 0.4327919 0.482504 0.4431157 0.4780139 0.4223466 0.4868316 0.4075372 0.475835 0.4199354 0.4714952 0.4199354 0.4714952 0.4327919 0.482504 0.4223466 0.4868316 0.4223466 0.4868316 0.4353435 0.5029491 0.425051 0.5054514 0.425051 0.5054514 0.4108415 0.4906615 0.4223466 0.4868316 0.5261232 0.4616759 0.5341072 0.4450982 0.5389558 0.4590744 0.5389558 0.4590744 0.5471058 0.4408091 0.551495 0.4553292 0.5389558 0.4590744 0.5557172 0.472914 0.5446094 0.4769127 0.5389558 0.4590744 0.5327613 0.4809791 0.5261232 0.4616759 0.5560875 0.5696004 0.5269549 0.5469408 0.5401772 0.5387852 0.5401772 0.5387852 0.5668956 0.553945 0.5560875 0.5696004 0.5560875 0.5696004 0.5799927 0.5725671 0.5715134 0.5941982 0.5715134 0.5941982 0.5408994 0.5831087 0.5560875 0.5696004 0.5087851 0.5897651 0.51297 0.5517176 0.5242227 0.5893856 0.51297 0.5517176 0.5408994 0.5831087 0.5242227 0.5893856 0.5242227 0.5893856 0.5551518 0.6143324 0.5350707 0.6221498 0.5242227 0.5893856 0.5171404 0.6213359 0.5087851 0.5897651 0.4785229 0.5773777 0.4866847 0.5514344 0.4947825 0.5854963 0.4947825 0.5854963 0.4994099 0.5533847 0.5087851 0.5897651 0.5087851 0.5897651 0.5016791 0.6158546 0.4947825 0.5854963 0.4947825 0.5854963 0.483519 0.6043185 0.4785229 0.5773777 0.443176 0.55669 0.4561659 0.543056 0.4606545 0.5659223 0.4606545 0.5659223 0.4724082 0.5474576 0.4785229 0.5773777 0.4785229 0.5773777 0.463993 0.5855703 0.4606545 0.5659223 0.4606545 0.5659223 0.4443883 0.5695787 0.443176 0.55669 0.4277608 0.5544647 0.4154414 0.5439901 0.4276695 0.5410066 0.4277608 0.5544647 0.4408811 0.5403829 0.443176 0.55669 0.443176 0.55669 0.426975 0.5658237 0.4277608 0.5544647 0.426975 0.5658237 0.4127082 0.5580626 0.4277608 0.5544647 0.5706921 0.5371209 0.5515533 0.5288983 0.5596531 0.5179578 0.5596531 0.5179578 0.5746275 0.5194174 0.5706921 0.5371209 0.5706921 0.5371209 0.5834643 0.5299234 0.5808823 0.5524921 0.5808823 0.5524921 0.5668956 0.553945 0.5706921 0.5371209 0.5509197 0.4972903 0.5327613 0.4809791 0.5446094 0.4769127 0.5446094 0.4769127 0.5603348 0.4910707 0.5509197 0.4972903 0.5509197 0.4972903 0.5668669 0.5072193 0.5596531 0.5179578 0.5596531 0.5179578 0.5404915 0.5038143 0.5509197 0.4972903 0.4269852 0.524078 0.4144826 0.5081981 0.425051 0.5054514 0.425051 0.5054514 0.4382255 0.5223969 0.4269852 0.524078 0.4269852 0.524078 0.4408811 0.5403829 0.4276695 0.5410066 0.4276695 0.5410066 0.4162455 0.5266982 0.4269852 0.524078 0.4382255 0.5223969 0.4464471 0.5008671 0.4509949 0.5220169 0.4509949 0.5220169 0.458865 0.4989033 0.4652327 0.5223737 0.4652327 0.5223737 0.4561659 0.543056 0.4509949 0.5220169 0.4509949 0.5220169 0.4408811 0.5403829 0.4382255 0.5223969 0.4652327 0.5223737 0.4720899 0.4968987 0.4789571 0.5227719 0.4789571 0.5227719 0.4851607 0.4942234 0.491899 0.5220529 0.491899 0.5220529 0.4866847 0.5514344 0.4789571 0.5227719 0.4789571 0.5227719 0.4724082 0.5474576 0.4652327 0.5223737 0.491899 0.5220529 0.4975466 0.4911976 0.5046332 0.5192286 0.4975466 0.4911976 0.5170118 0.5151667 0.5046332 0.5192286 0.5046332 0.5192286 0.5269549 0.5469408 0.51297 0.5517176 0.5046332 0.5192286 0.4994099 0.5533847 0.491899 0.5220529 0.5289044 0.5099194 0.5092634 0.4880206 0.5208715 0.4846924 0.5208715 0.4846924 0.5404915 0.5038143 0.5289044 0.5099194 0.5289044 0.5099194 0.5515533 0.5288983 0.5401772 0.5387852 0.5401772 0.5387852 0.5170118 0.5151667 0.5289044 0.5099194 0.08784008 0.9049134 0.1017721 0.9006618 0.09784913 0.9148023 0.1017721 0.9006618 0.1117705 0.9105361 0.09784913 0.9148023 0.1117705 0.9105361 0.1078583 0.9246914 0.09784913 0.9148023 0.1078583 0.9246914 0.09392607 0.9289429 0.09784913 0.9148023 0.09392607 0.9289429 0.08392786 0.9190688 0.09784913 0.9148023 0.08392786 0.9190688 0.08784008 0.9049134 0.09784913 0.9148023 0.4406929 0.4603975 0.4278581 0.4563366 0.4380689 0.4505817 0.0913192 0.9385295 0.08557492 0.9274608 0.09392607 0.9289429 0.0913192 0.9385295 0.1020467 0.9313375 0.1038315 0.9382613 0.4380689 0.4505817 0.4510346 0.4550514 0.4406929 0.4603975 0.5070676 0.4378002 0.4970474 0.4473976 0.495329 0.4374864 0.1043789 0.8910751 0.1101233 0.9021438 0.1017721 0.9006618 0.1043789 0.8910751 0.09365135 0.8982673 0.09186679 0.8913435 0.5190079 0.4374786 0.5087224 0.4477341 0.5070676 0.4378002 0.4621881 0.4507742 0.4486806 0.4453204 0.4598936 0.4412631 0.1147035 0.9314369 0.1020467 0.9313375 0.1078583 0.9246914 0.1147035 0.9314369 0.1143193 0.91868 0.1212285 0.9203289 0.4715399 0.438424 0.4621881 0.4507742 0.4598936 0.4412631 0.4199354 0.4714952 0.4056338 0.4654194 0.4171951 0.4614908 0.07446968 0.9219012 0.08137887 0.9109247 0.08392786 0.9190688 0.07446968 0.9219012 0.08557492 0.9274608 0.0804578 0.9327318 0.4171951 0.4614908 0.4306936 0.466164 0.4199354 0.4714952 0.4835146 0.437325 0.473896 0.4480986 0.4715399 0.438424 0.1212285 0.9077035 0.1143193 0.91868 0.1117705 0.9105361 0.1212285 0.9077035 0.1101233 0.9021438 0.1152404 0.8968729 0.495329 0.4374864 0.4855615 0.447227 0.4835146 0.437325 0.1311137 0.586208 0.1048091 0.5868068 0.1200412 0.5730597 0.1311137 0.586208 0.1325482 0.5586921 0.1480032 0.5633798 0.1480032 0.5633798 0.1471179 0.600064 0.1311137 0.586208 0.1471179 0.600064 0.1114506 0.6058309 0.1311137 0.586208 0.1487997 0.5529635 0.1250175 0.5399175 0.1390405 0.5224438 0.1390405 0.5224438 0.1140287 0.5174915 0.1232373 0.4953718 0.1232373 0.4953718 0.1556771 0.503268 0.1390405 0.5224438 0.1390405 0.5224438 0.169145 0.5390903 0.1487997 0.5529635 0.1145634 0.4947754 0.097328 0.5190744 0.08836549 0.4906882 0.08836549 0.4906882 0.07433348 0.5237867 0.06368678 0.496697 0.08836549 0.4906882 0.0560925 0.4754518 0.08281648 0.467364 0.08836549 0.4906882 0.1105136 0.4678273 0.1145634 0.4947754 0.04267734 0.5124853 0.07433348 0.5237867 0.05428701 0.535594 0.05428701 0.535594 0.0286675 0.5314637 0.04267734 0.5124853 0.04267734 0.5124853 0.0148577 0.5238229 0.03230082 0.4962182 0.03230082 0.4962182 0.06368678 0.496697 0.04267734 0.5124853 0.5662371 0.7974854 0.5804749 0.7907161 0.5782113 0.8010693 0.115251 0.8713021 0.1025944 0.8712028 0.1084058 0.8645566 0.115251 0.8713021 0.1148669 0.8585453 0.121776 0.860194 0.553718 0.7959831 0.5672606 0.7869291 0.5662371 0.7974854 0.4147491 0.7329037 0.4026042 0.7466653 0.4043321 0.7279857 0.5924184 0.7776573 0.5804749 0.7907161 0.5806972 0.7741575 0.5806972 0.7741575 0.5905449 0.7566727 0.5924184 0.7776573 0.4043321 0.7279857 0.416492 0.7102184 0.4147491 0.7329037 0.4373775 0.7387967 0.425226 0.7559031 0.4257756 0.7365947 0.4257756 0.7365947 0.4141014 0.7518305 0.4147491 0.7329037 0.4147491 0.7329037 0.4267954 0.7131859 0.4257756 0.7365947 0.4257756 0.7365947 0.4378851 0.715444 0.4373775 0.7387967 0.4496365 0.7389279 0.4609753 0.7552437 0.4490031 0.7578521 0.4490031 0.7578521 0.4373775 0.7387967 0.4496365 0.7389279 0.4373775 0.7387967 0.4501115 0.7163013 0.4496365 0.7389279 0.4501115 0.7163013 0.4617124 0.7372057 0.4496365 0.7389279 0.4729204 0.7337588 0.4833221 0.7458256 0.4721938 0.75086 0.4721938 0.75086 0.4617124 0.7372057 0.4729204 0.7337588 0.4729204 0.7337588 0.4622287 0.7158859 0.4730185 0.7136988 0.4730185 0.7136988 0.4836766 0.7294743 0.4729204 0.7337588 0.5405345 0.7706547 0.5533796 0.7852311 0.5399062 0.7868261 0.495845 0.7417309 0.4836766 0.7294743 0.4948559 0.7252261 0.4948559 0.7252261 0.4829314 0.710565 0.4924888 0.7070776 0.5428224 0.7527564 0.5530386 0.7698662 0.5405345 0.7706547 0.5806972 0.7741575 0.5672606 0.7869291 0.5670023 0.7713463 0.5670023 0.7713463 0.5533796 0.7852311 0.5530386 0.7698662 0.5530386 0.7698662 0.566734 0.7537606 0.5670023 0.7713463 0.5670023 0.7713463 0.5802001 0.7551856 0.5806972 0.7741575 0.08370959 0.6119435 0.06493765 0.593586 0.08385914 0.5932362 0.08385914 0.5932362 0.1114506 0.6058309 0.08370959 0.6119435 0.580642 0.73857 0.566734 0.7537606 0.5676042 0.7377592 0.566734 0.7537606 0.5549805 0.7372103 0.5676042 0.7377592 0.5676042 0.7377592 0.5576218 0.7217496 0.5693969 0.7225442 0.5693969 0.7225442 0.580642 0.73857 0.5676042 0.7377592 0.4495681 0.7011778 0.4622287 0.7158859 0.4501115 0.7163013 0.4495681 0.7011778 0.4378851 0.715444 0.4371543 0.6995517 0.4371543 0.6995517 0.4487627 0.6930396 0.4495681 0.7011778 0.4487627 0.6930396 0.4617004 0.7011371 0.4495681 0.7011778 0.1084058 0.8645566 0.09447365 0.8688083 0.09839671 0.8546677 0.09447365 0.8688083 0.08447527 0.8589341 0.09839671 0.8546677 0.08447527 0.8589341 0.08838748 0.8447787 0.09839671 0.8546677 0.08838748 0.8447787 0.1023197 0.8405272 0.09839671 0.8546677 0.1023197 0.8405272 0.1123179 0.8504012 0.09839671 0.8546677 0.1123179 0.8504012 0.1084058 0.8645566 0.09839671 0.8546677 0.4721938 0.75086 0.484668 0.7564498 0.4732573 0.7611763 0.1049265 0.8309404 0.1106707 0.8420091 0.1023197 0.8405272 0.1049265 0.8309404 0.094199 0.8381326 0.09241414 0.8312088 0.4732573 0.7611763 0.4609753 0.7552437 0.4721938 0.75086 0.4015072 0.7578825 0.4141014 0.7518305 0.4129279 0.7623213 0.09186679 0.8783949 0.08612245 0.8673263 0.09447365 0.8688083 0.09186679 0.8783949 0.1025944 0.8712028 0.104379 0.8781265 0.5782113 0.8010693 0.5924184 0.7963684 0.5889441 0.8066918 0.4490031 0.7578521 0.461463 0.7653784 0.4490264 0.7678779 0.08154231 0.8380332 0.094199 0.8381326 0.08838748 0.8447787 0.08154231 0.8380332 0.08192634 0.8507902 0.07501727 0.8491412 0.4490264 0.7678779 0.4368391 0.7582771 0.4490031 0.7578521 0.5399062 0.7868261 0.553718 0.7959831 0.5415107 0.7975601 0.121776 0.8475688 0.1148669 0.8585453 0.1123179 0.8504012 0.121776 0.8475688 0.1106707 0.8420091 0.1157879 0.8367382 0.4966773 0.7530214 0.4833221 0.7458256 0.495845 0.7417309 0.4245259 0.7661074 0.4368391 0.7582771 0.4365991 0.7680075 0.07501715 0.8617666 0.08192634 0.8507902 0.08447527 0.8589341 0.07501715 0.8617666 0.08612245 0.8673263 0.08100527 0.8725971 0.4129279 0.7623213 0.425226 0.7559031 0.4245259 0.7661074 0.5717624 0.7074965 0.5808061 0.6998243 0.5825172 0.7087321 0.5717624 0.7074965 0.5816488 0.7233794 0.5693969 0.7225442 0.5693969 0.7225442 0.5615779 0.7058241 0.5717624 0.7074965 0.5717624 0.7074965 0.5657207 0.6970496 0.573565 0.6961618 0.09068161 0.5587401 0.097328 0.5190744 0.1104212 0.5498029 0.1104212 0.5498029 0.1140287 0.5174915 0.1250175 0.5399175 0.1104212 0.5498029 0.1325482 0.5586921 0.1200412 0.5730597 0.1200412 0.5730597 0.09068161 0.5587401 0.1104212 0.5498029 0.0706579 0.5676875 0.03988605 0.5487472 0.05428701 0.535594 0.05428701 0.535594 0.09068161 0.5587401 0.0706579 0.5676875 0.09068161 0.5587401 0.08385914 0.5932362 0.0706579 0.5676875 0.0706579 0.5676875 0.06493765 0.593586 0.05402553 0.5743271 0.02323347 0.5553504 0.01397275 0.5450679 0.02442282 0.5456739 0.01397275 0.5450679 0.0286675 0.5314637 0.02442282 0.5456739 0.02442282 0.5456739 0.03988605 0.5487472 0.0346561 0.5572043 0.0346561 0.5572043 0.02323347 0.5553504 0.02442282 0.5456739 0.05079442 0.5983847 0.05580335 0.5903787 0.05206841 0.6032486 0.05206841 0.6032486 0.06493765 0.593586 0.06006884 0.609117 0.06006884 0.609117 0.03826904 0.6124081 0.05206841 0.6032486 0.05206841 0.6032486 0.04222583 0.6073194 0.05079442 0.5983847 0.04609286 0.5755154 0.0341615 0.5618547 0.0346561 0.5572043 0.0346561 0.5572043 0.05402553 0.5743271 0.04609286 0.5755154 0.05402553 0.5743271 0.05580335 0.5903787 0.04609286 0.5755154 0.04609286 0.5755154 0.05205994 0.5859013 0.04362922 0.5745556 0.427438 0.6425907 0.4194936 0.6489516 0.4228674 0.6374952 0.4608818 0.6447564 0.4722028 0.6470831 0.4682329 0.6517646 0.4682329 0.6517646 0.4571372 0.6499656 0.4608818 0.6447564 0.4312735 0.6477243 0.4241098 0.6535302 0.427438 0.6425907 0.584777 0.6962881 0.573565 0.6961618 0.5743113 0.6899994 0.5743113 0.6899994 0.5657207 0.6970496 0.5632819 0.6917501 0.476255 0.6438612 0.4652959 0.6395819 0.4686843 0.6362946 0.4228674 0.6374952 0.4149905 0.6469362 0.418435 0.6354175 0.4186214 0.6625052 0.410921 0.6752678 0.4128955 0.6598588 0.5893112 0.7089241 0.5816488 0.7233794 0.5825172 0.7087321 0.5893112 0.7089241 0.5808061 0.6998243 0.584777 0.6962881 0.4128955 0.6598588 0.4194936 0.6489516 0.4186214 0.6625052 0.555202 0.7035897 0.5576218 0.7217496 0.5494887 0.7206354 0.4847297 0.6748125 0.4746448 0.6602097 0.4808645 0.656975 0.4808645 0.656975 0.4722028 0.6470831 0.476255 0.6438612 0.555202 0.7035897 0.5657207 0.6970496 0.5615779 0.7058241 0.02278375 0.5589319 0.0130825 0.5571497 0.02323347 0.5553504 0.02278375 0.5589319 0.0341615 0.5618547 0.03314739 0.5639739 0.4332522 0.6497106 0.4282568 0.6583929 0.4312735 0.6477243 0.455599 0.6523612 0.4644997 0.6566933 0.4627757 0.6589872 0.04175585 0.5746349 0.0341615 0.5618547 0.04362922 0.5745556 0.04362922 0.5745556 0.04970687 0.5846248 0.04175585 0.5746349 0.4334087 0.6731092 0.4354211 0.6876189 0.4303999 0.6716365 0.4303999 0.6716365 0.4306498 0.6602293 0.4334087 0.6731092 0.04971396 0.5963421 0.05205994 0.5859013 0.05079442 0.5983847 0.05079442 0.5983847 0.04256099 0.6048368 0.04971396 0.5963421 0.4599034 0.6866838 0.4487627 0.6930396 0.4487997 0.690134 0.4487627 0.6930396 0.4381455 0.6850781 0.4487997 0.690134 0.4303999 0.6716365 0.4261729 0.6828321 0.424889 0.6671991 0.424889 0.6671991 0.4181246 0.6784765 0.4186214 0.6625052 0.4186214 0.6625052 0.4241098 0.6535302 0.424889 0.6671991 0.424889 0.6671991 0.4282568 0.6583929 0.4303999 0.6716365 0.4268404 0.6965539 0.416492 0.7102184 0.4175099 0.6931151 0.4175099 0.6931151 0.4261729 0.6828321 0.4268404 0.6965539 0.4268404 0.6965539 0.4354211 0.6876189 0.4371543 0.6995517 0.4371543 0.6995517 0.4267954 0.7131859 0.4268404 0.6965539 0.5899721 0.7397926 0.5802001 0.7551856 0.580642 0.73857 0.580642 0.73857 0.5899821 0.7246525 0.5899721 0.7397926 0.4092149 0.6902281 0.4181246 0.6784765 0.4175099 0.6931151 0.4175099 0.6931151 0.4071695 0.7070159 0.4092149 0.6902281 0.4682329 0.6517646 0.4746448 0.6602097 0.4690913 0.6656367 0.4690913 0.6656367 0.4768097 0.6782867 0.4694116 0.6834667 0.4690913 0.6656367 0.4644997 0.6566933 0.4682329 0.6517646 0.4694116 0.6834667 0.4801132 0.6943272 0.4713031 0.6981399 0.4713031 0.6981399 0.4829314 0.710565 0.4730185 0.7136988 0.4730185 0.7136988 0.4617004 0.7011371 0.4713031 0.6981399 0.5494887 0.7206354 0.5549805 0.7372103 0.5456588 0.7366308 0.5456588 0.7366308 0.5534086 0.752819 0.5428224 0.7527564 0.4924888 0.7070776 0.4801132 0.6943272 0.4888114 0.6909565 0.4888114 0.6909565 0.4768097 0.6782867 0.4847297 0.6748125 0.1673588 0.4938536 0.1376693 0.4711843 0.1485432 0.4606333 0.0787304 0.4543313 0.0560925 0.4754518 0.05091196 0.4633603 0.1077688 0.4532893 0.08281648 0.467364 0.0787304 0.4543313 0.4383426 0.816087 0.4433574 0.831391 0.4350996 0.8305012 0.4383426 0.816087 0.4252993 0.8275976 0.4266691 0.8136067 0.4266691 0.8136067 0.4414292 0.7996814 0.4383426 0.816087 0.4383426 0.816087 0.4529227 0.8019745 0.4488684 0.8195692 0.4334372 0.842409 0.4440349 0.8561543 0.4322543 0.8561543 0.4322543 0.8561543 0.4234583 0.8406479 0.4334372 0.842409 0.4234583 0.8406479 0.4350996 0.8305012 0.4334372 0.842409 0.4350996 0.8305012 0.4444947 0.8418894 0.4334372 0.842409 0.2988308 0.9571284 0.2883477 0.9681931 0.285365 0.9570358 0.285365 0.9570358 0.298103 0.9380995 0.2988308 0.9571284 0.2988308 0.9571284 0.3124938 0.9380995 0.3129381 0.9573375 0.3129381 0.9573375 0.2987438 0.9721167 0.2988308 0.9571284 0.358437 0.9423959 0.3745201 0.9524424 0.3572324 0.9524448 0.3572324 0.9524448 0.3742995 0.9639604 0.3562607 0.9639555 0.3562607 0.9639555 0.3413562 0.9517737 0.3572324 0.9524448 0.3572324 0.9524448 0.3465425 0.9436976 0.358437 0.9423959 0.4146672 0.8389254 0.4252993 0.8275976 0.4234583 0.8406479 0.4146672 0.8389254 0.4218742 0.8561543 0.4128152 0.8561543 0.4146672 0.8389254 0.4024041 0.8561543 0.4054009 0.8360164 0.4146672 0.8389254 0.4089655 0.8240298 0.417012 0.8250043 0.4266691 0.8136067 0.417012 0.8250043 0.4161838 0.8117429 0.4161838 0.8117429 0.4089655 0.8240298 0.4064907 0.8120532 0.4064907 0.8120532 0.4151453 0.7968085 0.4161838 0.8117429 0.4161838 0.8117429 0.4281323 0.7978047 0.4266691 0.8136067 0.3353306 0.8719814 0.3301491 0.8779994 0.3296324 0.8717057 0.3296324 0.8717057 0.3255088 0.8764175 0.3235678 0.8717294 0.3235678 0.8717294 0.3278818 0.8626622 0.3296324 0.8717057 0.3296324 0.8717057 0.335354 0.8624445 0.3353306 0.8719814 0.4409971 0.977099 0.4307761 0.985023 0.4297666 0.9761295 0.4297666 0.9761295 0.4404864 0.9648066 0.4409971 0.977099 0.3172455 0.8728908 0.3202008 0.8632994 0.3235678 0.8717294 0.3235678 0.8717294 0.3224865 0.878813 0.3172455 0.8728908 0.3172455 0.8728908 0.3188154 0.8809102 0.3118643 0.8743785 0.3118643 0.8743785 0.3121437 0.8641749 0.3172455 0.8728908 0.3085152 0.8753092 0.3053565 0.8651395 0.3118643 0.8743785 0.3118643 0.8743785 0.3159735 0.8824008 0.3085152 0.8753092 0.4119706 0.9827186 0.420975 0.9831221 0.4205489 0.9870215 0.4205489 0.9870215 0.4307761 0.985023 0.4305208 0.9893046 0.3289321 0.8821066 0.3255088 0.8764175 0.3301491 0.8779994 0.3289321 0.8821066 0.335314 0.8787196 0.3353033 0.8830834 0.3289321 0.8821066 0.3352949 0.8864627 0.326972 0.8851172 0.326972 0.8851172 0.3224865 0.878813 0.3289321 0.8821066 0.3251442 0.8877313 0.3188154 0.8809102 0.326972 0.8851172 0.326972 0.8851172 0.3352866 0.8898302 0.3251442 0.8877313 0.4052074 0.9747014 0.4075879 0.9648066 0.4101639 0.9743929 0.4101639 0.9743929 0.4119706 0.9827186 0.4052074 0.9747014 0.3353837 0.8503356 0.3278818 0.8626622 0.3251336 0.8509419 0.3251336 0.8509419 0.3202008 0.8632994 0.3151854 0.8521524 0.3151854 0.8521524 0.3121437 0.8641749 0.3058711 0.8532993 0.3058711 0.8532993 0.3053565 0.8651395 0.2986159 0.8543174 0.2986159 0.8543174 0.3016437 0.8660771 0.2947107 0.8554424 0.4305208 0.9893046 0.4416227 0.9867175 0.4413931 0.9913354 0.4188454 0.9750815 0.4289584 0.9648066 0.4297666 0.9761295 0.4297666 0.9761295 0.420975 0.9831221 0.4188454 0.9750815 0.4188454 0.9750815 0.4142175 0.9804224 0.4101639 0.9743929 0.4101639 0.9743929 0.417172 0.9648066 0.4188454 0.9750815 0.3860674 0.9639635 0.3745201 0.9524424 0.3860674 0.9524427 0.3860674 0.9524427 0.3748251 0.9423714 0.3860595 0.9423628 0.4290043 0.7859469 0.4151453 0.7968085 0.4140307 0.785221 0.4140307 0.785221 0.4035495 0.7971606 0.4005611 0.7857283 0.4550997 0.7896749 0.4414292 0.7996814 0.4433331 0.7876685 0.4433331 0.7876685 0.4281323 0.7978047 0.4290043 0.7859469 0.3235725 0.9728472 0.3129381 0.9573375 0.3242338 0.9571598 0.3129381 0.9573375 0.3239383 0.9380994 0.3242338 0.9571598 0.1537744 0.8574765 0.1520736 0.8510703 0.1553394 0.8529579 0.1537744 0.8574765 0.1577109 0.8543475 0.1574819 0.8574467 0.1537744 0.8574765 0.1579277 0.8614848 0.154148 0.8623211 0.1537744 0.8574765 0.1499432 0.8632518 0.1499432 0.8569388 0.1558538 0.8668711 0.1499432 0.8632518 0.154148 0.8623211 0.1558538 0.8668711 0.1579277 0.8614848 0.1592276 0.8653337 0.1558538 0.8668711 0.1607427 0.868047 0.1591793 0.8703076 0.1558538 0.8668711 0.1570149 0.8733969 0.1526072 0.8689753 0.1614226 0.8565091 0.1577109 0.8543475 0.1606167 0.8528004 0.1606167 0.8528004 0.1657449 0.8553614 0.1614226 0.8565091 0.1614226 0.8565091 0.1666718 0.8595495 0.1621412 0.8605523 0.1621412 0.8605523 0.1574819 0.8574467 0.1614226 0.8565091 0.1657449 0.8553614 0.1693136 0.8508756 0.1701478 0.854578 0.1701478 0.854578 0.1726008 0.8510521 0.174116 0.8537653 0.174116 0.8537653 0.1712024 0.8585467 0.1701478 0.854578 0.1701478 0.854578 0.1666718 0.8595495 0.1657449 0.8553614 0.1592276 0.8653337 0.1621412 0.8605523 0.163196 0.8645208 0.163196 0.8645208 0.1666718 0.8595495 0.1675987 0.8637377 0.1675987 0.8637377 0.16403 0.8682233 0.163196 0.8645208 0.163196 0.8645208 0.1607427 0.868047 0.1592276 0.8653337 0.1719207 0.86259 0.1666718 0.8595495 0.1712024 0.8585467 0.1712024 0.8585467 0.1758615 0.8616524 0.1719207 0.86259 0.1719207 0.86259 0.1756328 0.8647516 0.1727269 0.8662987 0.1727269 0.8662987 0.1675987 0.8637377 0.1719207 0.86259 0.1774901 0.8522278 0.1726008 0.8510521 0.1741642 0.8487916 0.1774901 0.8522278 0.1763286 0.8457022 0.1807366 0.8501237 0.1774901 0.8522278 0.1834003 0.8558471 0.1791954 0.8567779 0.1774901 0.8522278 0.175416 0.8576143 0.174116 0.8537653 0.1795691 0.8616226 0.175416 0.8576143 0.1791954 0.8567779 0.1795691 0.8616226 0.1834003 0.8558471 0.1834003 0.8621602 0.1795691 0.8616226 0.1812698 0.8680289 0.1780042 0.8661413 0.1795691 0.8616226 0.1756328 0.8647516 0.1758615 0.8616524 0.169395 0.8472527 0.1726008 0.8510521 0.1693136 0.8508756 0.169395 0.8472527 0.1648631 0.8513768 0.1640332 0.8476274 0.169395 0.8472527 0.1630575 0.8432179 0.1701633 0.8432148 0.1701633 0.8432148 0.1741642 0.8487916 0.169395 0.8472527 0.159014 0.8495501 0.1648631 0.8513768 0.1606167 0.8528004 0.159014 0.8495501 0.1577109 0.8543475 0.1553394 0.8529579 0.1553394 0.8529579 0.1566137 0.8462134 0.159014 0.8495501 0.159014 0.8495501 0.1630575 0.8432179 0.1640332 0.8476274 0.1780042 0.8661413 0.1767299 0.8728857 0.1743295 0.869549 0.1743295 0.869549 0.1702862 0.875881 0.1693103 0.8714717 0.1743295 0.869549 0.1684806 0.8677222 0.1727269 0.8662987 0.1743295 0.869549 0.1756328 0.8647516 0.1780042 0.8661413 0.1639486 0.8718464 0.1702862 0.875881 0.1631804 0.8758843 0.1631804 0.8758843 0.1591793 0.8703076 0.1639486 0.8718464 0.1639486 0.8718464 0.1607427 0.868047 0.16403 0.8682233 0.1639486 0.8718464 0.1684806 0.8677222 0.1693103 0.8714717 0.3264278 0.8266553 0.3103732 0.8338678 0.3099676 0.8250856 0.3099676 0.8250856 0.3263252 0.8138113 0.3264278 0.8266553 0.2976437 0.8236692 0.3094514 0.8138113 0.3099676 0.8250856 0.3099676 0.8250856 0.2993964 0.8313651 0.2976437 0.8236692 0.2976437 0.8236692 0.2930892 0.8287704 0.2895178 0.822804 0.2895178 0.822804 0.2961943 0.8138113 0.2976437 0.8236692 0.2904197 0.8317698 0.2993964 0.8313651 0.2983635 0.8363246 0.2983635 0.8363246 0.3103732 0.8338678 0.3094415 0.8390561 0.3535962 0.7918394 0.3644006 0.7940048 0.3535288 0.7969748 0.3535288 0.7969748 0.3459562 0.7967506 0.3535962 0.7918394 0.3094415 0.8390561 0.3263142 0.8364235 0.3253715 0.8418348 0.3804935 0.791354 0.3647091 0.7885971 0.3809462 0.7857878 0.284069 0.8236306 0.2871197 0.8138114 0.2895178 0.822804 0.2895178 0.822804 0.2904197 0.8317698 0.284069 0.8236306 0.3459562 0.7967506 0.3441559 0.8055683 0.3396276 0.8046315 0.3396276 0.8046315 0.3417258 0.8142355 0.3370348 0.8142355 0.3501265 0.8142355 0.3441559 0.8055683 0.3515181 0.8045569 0.3515181 0.8045569 0.3478074 0.7997418 0.3535288 0.7969748 0.3535288 0.7969748 0.363496 0.802932 0.3515181 0.8045569 0.3515181 0.8045569 0.3628998 0.8142355 0.3501265 0.8142355 0.3790071 0.8142355 0.363496 0.802932 0.3795284 0.8012383 0.3795284 0.8012383 0.3644006 0.7940048 0.3804935 0.791354 0.4383426 0.8962219 0.4433574 0.8809178 0.4488684 0.8927397 0.4383426 0.8962219 0.4529228 0.9103346 0.4414292 0.9126275 0.4414292 0.9126275 0.4266691 0.8987022 0.4383426 0.8962219 0.4383426 0.8962219 0.4252993 0.8847113 0.4350996 0.8818078 0.4334372 0.8698999 0.4440349 0.8561543 0.4444947 0.8704195 0.4444947 0.8704195 0.4350996 0.8818078 0.4334372 0.8698999 0.4350996 0.8818078 0.4234583 0.871661 0.4334372 0.8698999 0.4234583 0.871661 0.4322543 0.8561543 0.4334372 0.8698999 0.2988308 0.9190705 0.2883477 0.908006 0.2987437 0.9040822 0.2987437 0.9040822 0.3129381 0.9188616 0.2988308 0.9190705 0.2988308 0.9190705 0.3124938 0.9380995 0.298103 0.9380995 0.298103 0.9380995 0.285365 0.919163 0.2988308 0.9190705 0.374514 0.9754784 0.3584253 0.9855162 0.3572262 0.9754666 0.3572262 0.9754666 0.3465316 0.984208 0.3413496 0.9761291 0.3413496 0.9761291 0.3562607 0.9639555 0.3572262 0.9754666 0.3572262 0.9754666 0.3742995 0.9639604 0.374514 0.9754784 0.4146672 0.8733835 0.4252993 0.8847113 0.417012 0.8873046 0.4146672 0.8733835 0.4089655 0.8882791 0.4054009 0.8762925 0.4146672 0.8733835 0.4024041 0.8561543 0.4128152 0.8561543 0.4146672 0.8733835 0.4218742 0.8561543 0.4234583 0.871661 0.417012 0.8873046 0.4266691 0.8987022 0.4161838 0.900566 0.4161838 0.900566 0.4281323 0.9145042 0.4151453 0.9155004 0.4151453 0.9155004 0.4064907 0.9002559 0.4161838 0.900566 0.4161838 0.900566 0.4089655 0.8882791 0.417012 0.8873046 0.3601827 0.9102582 0.3592517 0.9184836 0.3547397 0.9102957 0.3592517 0.9184836 0.3445871 0.9126074 0.3547397 0.9102957 0.3547397 0.9102957 0.3471927 0.8975778 0.3566769 0.9030229 0.3547397 0.9102957 0.3610255 0.9055481 0.3601827 0.9102582 0.3915908 0.9124622 0.3769627 0.9184289 0.3814242 0.9102132 0.3769627 0.9184289 0.3759809 0.9102094 0.3814242 0.9102132 0.3814242 0.9102132 0.3751092 0.9055047 0.379442 0.9029527 0.3814242 0.9102132 0.3888922 0.8974491 0.3915908 0.9124622 0.3680815 0.9101095 0.3738358 0.915109 0.3680999 0.9161044 0.3680815 0.9101095 0.3623582 0.9151443 0.3601827 0.9102582 0.3680815 0.9101095 0.3610255 0.9055481 0.3680632 0.904214 0.3680815 0.9101095 0.3751092 0.9055047 0.3759809 0.9102094 0.3681172 0.921768 0.3536002 0.9266141 0.3592517 0.9184836 0.3681172 0.921768 0.3623582 0.9151443 0.3680999 0.9161044 0.3681172 0.921768 0.3738358 0.915109 0.3769627 0.9184289 0.3681172 0.921768 0.3826642 0.9265244 0.3681454 0.9308585 0.3680071 0.8860065 0.379442 0.9029527 0.3680462 0.8987012 0.3680462 0.8987012 0.3751092 0.9055047 0.3680632 0.904214 0.3680462 0.8987012 0.3610255 0.9055481 0.3566769 0.9030229 0.3566769 0.9030229 0.3680071 0.8860065 0.3680462 0.8987012 0.3404824 0.8780248 0.3353306 0.8719814 0.3410301 0.8717338 0.3410301 0.8717338 0.335354 0.8624445 0.3428249 0.862699 0.3428249 0.862699 0.3470944 0.8717871 0.3410301 0.8717338 0.3410301 0.8717338 0.3451302 0.8764657 0.3404824 0.8780248 0.4404864 0.9648066 0.4297666 0.9534834 0.4409971 0.9525139 0.4409971 0.9525139 0.4307761 0.9445899 0.4416227 0.9428957 0.3534109 0.8729798 0.3505026 0.8633738 0.3585557 0.8642888 0.3585557 0.8642888 0.3587845 0.8744937 0.3534109 0.8729798 0.3534109 0.8729798 0.3518016 0.880991 0.348141 0.878876 0.348141 0.878876 0.3470944 0.8717871 0.3534109 0.8729798 0.3621293 0.8754413 0.3653378 0.8652868 0.369046 0.8662428 0.4205489 0.9425916 0.4307761 0.9445899 0.4209749 0.9464909 0.4209749 0.9464909 0.4119706 0.9468943 0.4205489 0.9425916 0.354636 0.8824957 0.3587845 0.8744937 0.3621293 0.8754413 0.3416791 0.8821375 0.3451302 0.8764657 0.348141 0.878876 0.348141 0.878876 0.3436243 0.8851582 0.3416791 0.8821375 0.3416791 0.8821375 0.3352949 0.8864627 0.3353033 0.8830834 0.3416791 0.8821375 0.335314 0.8787196 0.3404824 0.8780248 0.3454394 0.8877813 0.3518016 0.880991 0.354636 0.8824957 0.4119706 0.9468943 0.4101639 0.9552199 0.4052073 0.9549115 0.4052073 0.9549115 0.4075879 0.9648066 0.4023024 0.9648066 0.3352866 0.8898302 0.3436243 0.8851582 0.3454394 0.8877813 0.3428249 0.862699 0.3353837 0.8503356 0.3456309 0.8509923 0.3456309 0.8509923 0.3505026 0.8633738 0.3428249 0.862699 0.3648814 0.8534446 0.3653378 0.8652868 0.3585557 0.8642888 0.3585557 0.8642888 0.3555728 0.8522513 0.3648814 0.8534446 0.4416227 0.9428957 0.4305207 0.9403081 0.4413931 0.9382777 0.369046 0.8662428 0.3721317 0.854498 0.3760312 0.8556422 0.4188454 0.9545314 0.4289584 0.9648066 0.417172 0.9648066 0.417172 0.9648066 0.4101639 0.9552199 0.4188454 0.9545314 0.4188454 0.9545314 0.4142175 0.9491905 0.4209749 0.9464909 0.4209749 0.9464909 0.4297666 0.9534834 0.4188454 0.9545314 0.374514 0.9754784 0.3860674 0.9639635 0.3860612 0.9754844 0.3860612 0.9754844 0.3748134 0.9855495 0.374514 0.9754784 0.4151453 0.9155004 0.4290043 0.9263619 0.4140307 0.9270879 0.4140307 0.9270879 0.4035495 0.9151484 0.4151453 0.9155004 0.4414292 0.9126275 0.4550997 0.922634 0.4433331 0.9246404 0.4433331 0.9246404 0.4281323 0.9145042 0.4414292 0.9126275 0.3129381 0.9188616 0.3235725 0.9033517 0.3242338 0.919039 0.3239383 0.9380994 0.3129381 0.9188616 0.3242338 0.919039 0.1559766 0.9144924 0.157138 0.9210181 0.1527302 0.9165965 0.1559766 0.9144924 0.1500661 0.9108732 0.1542711 0.9099424 0.1559766 0.9144924 0.1580505 0.9091059 0.1593506 0.9129549 0.1559766 0.9144924 0.1608658 0.9156683 0.1593021 0.9179287 0.1538974 0.9050977 0.1500661 0.9108732 0.1500663 0.9045601 0.1538974 0.9050977 0.1521967 0.8986914 0.1554623 0.900579 0.1538974 0.9050977 0.1578338 0.9019686 0.157605 0.9050679 0.1538974 0.9050977 0.1580505 0.9091059 0.1542711 0.9099424 0.1633188 0.912142 0.1608658 0.9156683 0.1593506 0.9129549 0.1593506 0.9129549 0.1622644 0.9081733 0.1633188 0.912142 0.1633188 0.912142 0.1667948 0.9071708 0.1677217 0.9113588 0.1677217 0.9113588 0.1641532 0.9158445 0.1633188 0.912142 0.17285 0.9139197 0.1677217 0.9113588 0.1720438 0.9102111 0.1720438 0.9102111 0.1667948 0.9071708 0.1713253 0.906168 0.1713253 0.906168 0.1759845 0.9092735 0.1720438 0.9102111 0.1720438 0.9102111 0.1757556 0.9123727 0.17285 0.9139197 0.1622644 0.9081733 0.157605 0.9050679 0.1615456 0.9041302 0.1615456 0.9041302 0.1578338 0.9019686 0.1607395 0.9004216 0.1607395 0.9004216 0.1658677 0.9029825 0.1615456 0.9041302 0.1615456 0.9041302 0.1667948 0.9071708 0.1622644 0.9081733 0.1702706 0.9021993 0.1667948 0.9071708 0.1658677 0.9029825 0.1658677 0.9029825 0.1694364 0.8984968 0.1702706 0.9021993 0.1702706 0.9021993 0.1727237 0.8986732 0.1742389 0.9013864 0.1742389 0.9013864 0.1713253 0.906168 0.1702706 0.9021993 0.1796921 0.9092436 0.1757556 0.9123727 0.1759845 0.9092735 0.1796921 0.9092436 0.175539 0.9052354 0.1793185 0.9043989 0.1796921 0.9092436 0.1835234 0.9034681 0.1835234 0.9097812 0.1796921 0.9092436 0.1813929 0.9156499 0.1781272 0.9137623 0.177613 0.8998489 0.175539 0.9052354 0.1742389 0.9013864 0.177613 0.8998489 0.1727237 0.8986732 0.1742874 0.8964126 0.177613 0.8998489 0.1764515 0.8933232 0.1808593 0.8977449 0.177613 0.8998489 0.1835234 0.9034681 0.1793185 0.9043989 0.1744527 0.9171701 0.1757556 0.9123727 0.1781272 0.9137623 0.1781272 0.9137623 0.176853 0.9205067 0.1744527 0.9171701 0.1744527 0.9171701 0.1704093 0.9235022 0.1694334 0.9190928 0.1744527 0.9171701 0.1686037 0.9153433 0.17285 0.9139197 0.1640716 0.9194676 0.1686037 0.9153433 0.1694334 0.9190928 0.1640716 0.9194676 0.1704093 0.9235022 0.1633033 0.9235056 0.1633033 0.9235056 0.1593021 0.9179287 0.1640716 0.9194676 0.1640716 0.9194676 0.1608658 0.9156683 0.1641532 0.9158445 0.1702862 0.8908359 0.1742874 0.8964126 0.1695179 0.8948737 0.1695179 0.8948737 0.1727237 0.8986732 0.1694364 0.8984968 0.1695179 0.8948737 0.164986 0.898998 0.1641561 0.8952484 0.1695179 0.8948737 0.1631802 0.8908392 0.1702862 0.8908359 0.1591369 0.8971713 0.1631802 0.8908392 0.1641561 0.8952484 0.1591369 0.8971713 0.164986 0.898998 0.1607395 0.9004216 0.1591369 0.8971713 0.1578338 0.9019686 0.1554623 0.900579 0.1554623 0.900579 0.1567364 0.8938346 0.1591369 0.8971713 0.3263252 0.8138113 0.3099676 0.8025371 0.3264278 0.8009671 0.3264278 0.8009671 0.3103731 0.7937548 0.326314 0.791199 0.2976438 0.8039535 0.3094514 0.8138113 0.2961943 0.8138113 0.2961943 0.8138113 0.2895178 0.8048189 0.2976438 0.8039535 0.2976438 0.8039535 0.2930892 0.7988522 0.299396 0.7962575 0.299396 0.7962575 0.3099676 0.8025371 0.2976438 0.8039535 0.299396 0.7962575 0.2904197 0.7958529 0.2983633 0.7912982 0.3459562 0.8317204 0.3535288 0.831496 0.3535962 0.8366317 0.3535962 0.8366317 0.3644006 0.8344662 0.3647091 0.8398739 0.2983633 0.7912982 0.3103731 0.7937548 0.299396 0.7962575 0.326314 0.791199 0.3094412 0.7885664 0.3253713 0.7857878 0.3647091 0.8398739 0.3804935 0.837117 0.3809462 0.8426833 0.284069 0.8039923 0.2871197 0.8138114 0.281539 0.8138114 0.3396276 0.8238394 0.3417258 0.8142355 0.3441559 0.8229027 0.3441559 0.8229027 0.3459562 0.8317204 0.3396276 0.8238394 0.2904197 0.7958529 0.2895178 0.8048189 0.284069 0.8039923 0.3441559 0.8229027 0.3501265 0.8142355 0.3515181 0.8239143 0.3515181 0.8239143 0.3628998 0.8142355 0.363496 0.8255389 0.363496 0.8255389 0.3535288 0.831496 0.3515181 0.8239143 0.3515181 0.8239143 0.3478074 0.8287293 0.3441559 0.8229027 0.3795284 0.8272328 0.3644006 0.8344662 0.363496 0.8255389 0.363496 0.8255389 0.3790071 0.8142355 0.3795284 0.8272328 0.2350251 0.7141584 0.2449963 0.720949 0.2341925 0.7197078 0.2449963 0.720949 0.2332032 0.7262004 0.2341925 0.7197078 0.2332032 0.7262004 0.2246709 0.7189179 0.2341925 0.7197078 0.2341925 0.7197078 0.227873 0.7152005 0.2350251 0.7141584 0.232582 0.7347226 0.2448546 0.7286806 0.2452415 0.739031 0.2452415 0.739031 0.231516 0.7433879 0.232582 0.7347226 0.232582 0.7347226 0.2235816 0.7380537 0.221697 0.7313548 0.221697 0.7313548 0.2332032 0.7262004 0.232582 0.7347226 0.2295716 0.749052 0.2447252 0.7496865 0.2425954 0.757278 0.2425954 0.757278 0.227289 0.7527817 0.2295716 0.749052 0.2295716 0.749052 0.2163771 0.7415627 0.2191031 0.7395025 0.2295716 0.749052 0.2235816 0.7380537 0.231516 0.7433879 0.2249419 0.7557613 0.2399255 0.7625132 0.2373054 0.766502 0.4859558 0.4086633 0.4709833 0.4058216 0.4867086 0.4050016 0.4859558 0.4086633 0.498337 0.4030574 0.5006512 0.4047051 0.2141093 0.7437168 0.227289 0.7527817 0.2249419 0.7557613 0.2624018 0.7468419 0.2447252 0.7496865 0.2452415 0.739031 0.2452415 0.739031 0.2617544 0.7348623 0.2624018 0.7468419 0.4559777 0.3891764 0.4722064 0.3988997 0.4533934 0.3981238 0.4533934 0.3981238 0.4709833 0.4058216 0.4520561 0.4052907 0.4867086 0.4050016 0.4722064 0.3988997 0.4903318 0.3992875 0.4903318 0.3992875 0.4742953 0.390027 0.4936432 0.3916667 0.4936432 0.3916667 0.5061963 0.3992494 0.4903318 0.3992875 0.4903318 0.3992875 0.498337 0.4030574 0.4867086 0.4050016 0.4936432 0.3916667 0.4771752 0.3800191 0.4935566 0.3831056 0.4771752 0.3800191 0.4927176 0.3759603 0.4935566 0.3831056 0.4935566 0.3831056 0.5025404 0.3802762 0.5083362 0.3859918 0.5083362 0.3859918 0.4936432 0.3916667 0.4935566 0.3831056 0.4520561 0.4052907 0.4708161 0.4105347 0.4516026 0.4105346 0.2373054 0.766502 0.25713 0.773935 0.254168 0.7787836 0.2598682 0.7674158 0.2399255 0.7625132 0.2425954 0.757278 0.2425954 0.757278 0.261892 0.7586008 0.2598682 0.7674158 0.4927176 0.3759603 0.4830597 0.3674998 0.4941154 0.3722402 0.2340567 0.7021274 0.2455034 0.7032824 0.2341098 0.7059513 0.2341098 0.7059513 0.2212631 0.7072666 0.2340567 0.7021274 0.4941154 0.3722402 0.5025404 0.3802762 0.4927176 0.3759603 0.2341098 0.7059513 0.2452833 0.7083406 0.2347107 0.7097617 0.2347107 0.7097617 0.2453528 0.7142541 0.2350251 0.7141584 0.2347107 0.7097617 0.227873 0.7152005 0.2247458 0.7128947 0.2247458 0.7128947 0.2341098 0.7059513 0.2347107 0.7097617 0.2608205 0.7015521 0.2464821 0.698896 0.2624018 0.6962597 0.4683299 0.3658208 0.4802203 0.3716675 0.4647412 0.3705357 0.2611072 0.7252296 0.2448546 0.7286806 0.2449963 0.720949 0.2449963 0.720949 0.260756 0.7165596 0.2611072 0.7252296 0.260486 0.7084285 0.2453528 0.7142541 0.2452833 0.7083406 0.260486 0.7084285 0.2455034 0.7032824 0.2608205 0.7015521 0.4647412 0.3705357 0.4771752 0.3800191 0.460237 0.3791111 0.460237 0.3791111 0.4742953 0.390027 0.4559777 0.3891764 0.2247458 0.7128947 0.2246709 0.7189179 0.2181151 0.7180613 0.2181151 0.7180613 0.2226789 0.7244013 0.2148743 0.7232038 0.2148743 0.7232038 0.213755 0.7169486 0.2181151 0.7180613 0.2181151 0.7180613 0.2225319 0.710389 0.2247458 0.7128947 0.2147662 0.730058 0.2226789 0.7244013 0.221697 0.7313548 0.221697 0.7313548 0.2191031 0.7395025 0.2147662 0.730058 0.2147662 0.730058 0.2163771 0.7415627 0.2102814 0.730185 0.2102814 0.730185 0.2148743 0.7232038 0.2147662 0.730058 0.2109267 0.7147945 0.2225319 0.710389 0.213755 0.7169486 0.2109267 0.7147945 0.209837 0.7225359 0.2064753 0.7223534 0.5150639 0.3862982 0.5112757 0.3930917 0.5083362 0.3859918 0.5083362 0.3859918 0.505396 0.3789094 0.5150639 0.3862982 0.2064753 0.7223534 0.2102814 0.730185 0.2073962 0.7315093 0.2073962 0.7315093 0.2163771 0.7415627 0.2141093 0.7437168 0.5006512 0.4047051 0.5061963 0.3992494 0.5128361 0.3996781 0.5128361 0.3996781 0.5112757 0.3930917 0.5189998 0.3935231 0.2449962 0.8554487 0.2350251 0.8622392 0.2341924 0.85669 0.2341924 0.85669 0.227873 0.8611972 0.2246709 0.8574799 0.2246709 0.8574799 0.2332033 0.8501969 0.2341924 0.85669 0.2332033 0.8501969 0.2449962 0.8554487 0.2341924 0.85669 0.2325821 0.841675 0.2448546 0.847717 0.2332033 0.8501969 0.2332033 0.8501969 0.221697 0.8450428 0.2325821 0.841675 0.2325821 0.841675 0.2235814 0.8383438 0.231516 0.8330097 0.231516 0.8330097 0.2452415 0.8373667 0.2325821 0.841675 0.2295716 0.8273456 0.2447251 0.826711 0.231516 0.8330097 0.2295716 0.8273456 0.2235814 0.8383438 0.2191031 0.8368952 0.2295716 0.8273456 0.2163771 0.834835 0.2272887 0.823616 0.2272887 0.823616 0.2425954 0.8191198 0.2295716 0.8273456 0.2249419 0.8206362 0.2399254 0.8138844 0.2272887 0.823616 0.2272887 0.823616 0.2141093 0.832681 0.2249419 0.8206362 0.4859557 0.2960975 0.498337 0.3017034 0.4867086 0.2997593 0.4859557 0.2960975 0.4709833 0.2989394 0.4708162 0.2942264 0.2624017 0.8295557 0.2447251 0.826711 0.2618919 0.8177969 0.2617544 0.8415352 0.2452415 0.8373667 0.2624017 0.8295557 0.4722067 0.3058612 0.4559779 0.3155847 0.4533936 0.3066372 0.4533936 0.3066372 0.4709833 0.2989394 0.4722067 0.3058612 0.4722067 0.3058612 0.4867086 0.2997593 0.4903318 0.3054733 0.4903318 0.3054733 0.498337 0.3017034 0.5061964 0.3055113 0.5061964 0.3055113 0.4936432 0.3130941 0.4903318 0.3054733 0.4903318 0.3054733 0.4742956 0.3147339 0.4722067 0.3058612 0.4771752 0.3247417 0.4936432 0.3130941 0.4935568 0.3216552 0.4936432 0.3130941 0.5083363 0.3187689 0.4935568 0.3216552 0.4935568 0.3216552 0.5025406 0.3244845 0.4927177 0.3288006 0.4927177 0.3288006 0.4771752 0.3247417 0.4935568 0.3216552 0.4708162 0.2942264 0.4520559 0.2994704 0.4516026 0.2942264 0.2571299 0.8024626 0.2373054 0.8098956 0.254168 0.7976139 0.2598683 0.8089816 0.2399254 0.8138844 0.2571299 0.8024626 0.2618919 0.8177969 0.2425954 0.8191198 0.2598683 0.8089816 0.4830598 0.337261 0.4927177 0.3288006 0.4941155 0.3325206 0.4941155 0.3325206 0.5025406 0.3244845 0.5053961 0.3258514 0.2212629 0.8691309 0.2341098 0.8704463 0.2340567 0.8742702 0.2340567 0.8742702 0.2455034 0.8731151 0.2464821 0.8775018 0.2452831 0.8680571 0.2341098 0.8704463 0.2347108 0.8666356 0.2341098 0.8704463 0.2247458 0.8635028 0.2347108 0.8666356 0.2347108 0.8666356 0.227873 0.8611972 0.2350251 0.8622392 0.2347108 0.8666356 0.2453528 0.8621435 0.2452831 0.8680571 0.2464821 0.8775018 0.2608206 0.8748453 0.2624017 0.880138 0.4683302 0.3389402 0.4802204 0.3330934 0.4830598 0.337261 0.2611072 0.8511681 0.2448546 0.847717 0.2617544 0.8415352 0.2607559 0.8598382 0.2449962 0.8554487 0.2611072 0.8511681 0.2604859 0.8679689 0.2453528 0.8621435 0.2607559 0.8598382 0.2604859 0.8679689 0.2455034 0.8731151 0.2452831 0.8680571 0.4771752 0.3247417 0.4647415 0.3342252 0.4602375 0.32565 0.4602375 0.32565 0.4742956 0.3147339 0.4771752 0.3247417 0.2246709 0.8574799 0.2247458 0.8635028 0.2181151 0.8583362 0.2181151 0.8583362 0.2225319 0.8660086 0.213755 0.8594489 0.213755 0.8594489 0.2148742 0.8531938 0.2181151 0.8583362 0.2181151 0.8583362 0.2226789 0.8519965 0.2246709 0.8574799 0.2147663 0.8463394 0.2226789 0.8519965 0.2148742 0.8531938 0.2148742 0.8531938 0.2102813 0.8462127 0.2147663 0.8463394 0.2147663 0.8463394 0.2163771 0.834835 0.2191031 0.8368952 0.2191031 0.8368952 0.221697 0.8450428 0.2147663 0.8463394 0.2109267 0.8616032 0.2225319 0.8660086 0.2212629 0.8691309 0.5053961 0.3258514 0.5083363 0.3187689 0.5150639 0.3184624 0.5150639 0.3184624 0.5112758 0.3116688 0.5189998 0.3112375 0.2109267 0.8616032 0.209837 0.8538616 0.213755 0.8594489 0.2102813 0.8462127 0.2064753 0.854044 0.2073962 0.8448883 0.5128362 0.3050826 0.5112758 0.3116688 0.5061964 0.3055113 0.5061964 0.3055113 0.5006512 0.3000557 0.5128362 0.3050826 0.2073962 0.8448883 0.2163771 0.834835 0.2102813 0.8462127 0.8498613 0.4076116 0.8291386 0.4354095 0.8197293 0.4121493 0.8271124 0.3858432 0.8358915 0.3519145 0.8693991 0.3734464 0.8498613 0.4076116 0.8693991 0.3734464 0.9041891 0.4026214 0.8737422 0.4360927 0.8430811 0.4639676 0.8291386 0.4354095 0.7971954 0.08798193 0.8429201 0.076976 0.8446909 0.1077835 0.8003259 0.1216905 0.8446909 0.1077835 0.8459516 0.1349356 0.8070738 0.1500641 0.7551954 0.1737494 0.747615 0.1337793 0.8003259 0.1216905 0.747615 0.1337793 0.7441454 0.09671556 0.3128236 0.3340234 0.2789421 0.3495735 0.2651573 0.3093577 0.2651573 0.3093577 0.2563838 0.2639338 0.3015043 0.2628911 0.3015043 0.2628911 0.3405159 0.2648339 0.3398002 0.2952761 0.3049525 0.3006061 0.3398002 0.2952761 0.3365623 0.3193381 0.297583 0.1610589 0.2967318 0.1949876 0.244521 0.1862426 0.2449412 0.1493665 0.2445209 0.1091272 0.3007813 0.1299393 0.297583 0.1610589 0.3007813 0.1299393 0.3446044 0.1456707 0.3426064 0.1754505 0.3413166 0.2063989 0.2967318 0.1949876 0.8099311 0.4511564 0.7891541 0.4608271 0.7830613 0.4179947 0.8038351 0.414927 0.8197293 0.4121493 0.8291386 0.4354095 0.8099311 0.4511564 0.8291386 0.4354095 0.8430811 0.4639676 0.8201034 0.4837617 0.7979987 0.4991537 0.7891541 0.4608271 0.328985 0.3547104 0.3490516 0.3694061 0.317733 0.3936551 0.2969244 0.3748836 0.2789421 0.3495735 0.3128236 0.3340234 0.328985 0.3547104 0.3128236 0.3340234 0.3365623 0.3193381 0.3541892 0.3280944 0.3735862 0.3395097 0.3490516 0.3694061 0.8038351 0.414927 0.7830613 0.4179947 0.7836521 0.3760339 0.7836521 0.3760339 0.7869324 0.3379722 0.810288 0.3417533 0.8056034 0.3773645 0.810288 0.3417533 0.8358915 0.3519145 0.8271124 0.3858432 0.8197293 0.4121493 0.8038351 0.414927 0.8731829 0.07171285 0.8972086 0.06870996 0.8980251 0.09994757 0.8741725 0.101889 0.8980251 0.09994757 0.8967415 0.1296858 0.8732222 0.1296237 0.8459516 0.1349356 0.8446909 0.1077835 0.8741725 0.101889 0.8446909 0.1077835 0.8429201 0.076976 0.4067505 0.3160365 0.3934289 0.3512955 0.3735862 0.3395097 0.3854391 0.3072049 0.3910524 0.2738556 0.4149202 0.279437 0.4067505 0.3160365 0.4149202 0.279437 0.4404162 0.2855165 0.4293841 0.3247421 0.4136457 0.3626618 0.3934289 0.3512955 0.42368 0.2145162 0.397441 0.2125657 0.3994018 0.1800404 0.4257063 0.1802643 0.3994018 0.1800404 0.4006602 0.1493691 0.4264216 0.1486923 0.4531451 0.1480716 0.4535157 0.1807259 0.4257063 0.1802643 0.4535157 0.1807259 0.4518909 0.2169417 0.7872068 0.2129246 0.7454687 0.20462 0.7551954 0.1737494 0.8005417 0.1891316 0.8338487 0.1992644 0.8228044 0.2229481 0.7872068 0.2129246 0.8228044 0.2229481 0.8141642 0.2469058 0.7872068 0.2129246 0.7810044 0.2367409 0.7427812 0.2284986 0.3555785 0.07732409 0.3507943 0.09699434 0.3133646 0.08303344 0.3133646 0.08303344 0.2762325 0.06335955 0.2897922 0.04411768 0.3224273 0.06331765 0.2897922 0.04411768 0.3037663 0.02658224 0.3328569 0.04500448 0.3620266 0.05894756 0.3555785 0.07732409 0.7406705 0.252413 0.7427812 0.2284986 0.7810044 0.2367409 0.7766733 0.2592493 0.7810044 0.2367409 0.8141642 0.2469058 0.8086283 0.2679731 0.8059677 0.2898434 0.7714795 0.280641 0.7714795 0.280641 0.7376441 0.2750388 0.7406705 0.252413 0.8685836 0.240834 0.8780321 0.218378 0.8987394 0.2276557 0.8987394 0.2276557 0.9206483 0.2365904 0.9116914 0.258238 0.8896883 0.2491641 0.9116914 0.258238 0.9021217 0.278401 0.8805466 0.2696596 0.8593001 0.2626146 0.8685836 0.240834 0.8720716 0.2891662 0.8519758 0.2823089 0.8593001 0.2626146 0.8805466 0.2696596 0.9021217 0.278401 0.8921177 0.2977201 0.8720716 0.2891662 0.8921177 0.2977201 0.8836998 0.3132898 0.8720716 0.2891662 0.8660301 0.3054492 0.8480601 0.2991293 0.3818694 0.08344531 0.4048854 0.08570367 0.4031822 0.1039749 0.3818694 0.08344531 0.3791303 0.10253 0.3507943 0.09699434 0.3818694 0.08344531 0.3555785 0.07732409 0.3620266 0.05894756 0.3859786 0.06548219 0.4074479 0.0682035 0.4048854 0.08570367 0.8387683 0.5644003 0.8070353 0.5685175 0.8065257 0.5467473 0.8411901 0.5423653 0.8774291 0.5413447 0.8667364 0.564394 0.8387683 0.5644003 0.8667364 0.564394 0.8607196 0.5869611 0.8353925 0.5873997 0.8065257 0.5913037 0.8070353 0.5685175 0.8731822 0.1513558 0.8732222 0.1296237 0.8967415 0.1296858 0.8952631 0.1538305 0.8922436 0.1753484 0.8716941 0.170181 0.8731822 0.1513558 0.8716941 0.170181 0.8566645 0.1676724 0.8731822 0.1513558 0.8508471 0.1546007 0.8459516 0.1349356 0.8662759 0.1887665 0.8716941 0.170181 0.8922436 0.1753484 0.8862007 0.1967244 0.8780321 0.218378 0.8579395 0.2088859 0.8579395 0.2088859 0.8338487 0.1992644 0.8462399 0.1796994 0.8662759 0.1887665 0.8462399 0.1796994 0.8566645 0.1676724 0.4264216 0.1486923 0.4006602 0.1493691 0.4018314 0.1246705 0.4268403 0.1249197 0.4018314 0.1246705 0.4031822 0.1039749 0.4268403 0.1249197 0.4273172 0.1057043 0.4510189 0.1060838 0.4268403 0.1249197 0.452055 0.1245897 0.4531451 0.1480716 0.3007813 0.1299393 0.2445209 0.1091272 0.2639824 0.08376675 0.2639824 0.08376675 0.2762325 0.06335955 0.3133646 0.08303344 0.3061441 0.1046219 0.3133646 0.08303344 0.3507943 0.09699434 0.3472202 0.1197111 0.3446044 0.1456707 0.3007813 0.1299393 0.8005417 0.1891316 0.7551954 0.1737494 0.8070738 0.1500641 0.8247461 0.168074 0.8070738 0.1500641 0.8459516 0.1349356 0.8508471 0.1546007 0.8566645 0.1676724 0.8462399 0.1796994 0.8247461 0.168074 0.8462399 0.1796994 0.8338487 0.1992644 0.4202389 0.2464742 0.4149202 0.279437 0.3910524 0.2738556 0.3948433 0.2429926 0.397441 0.2125657 0.42368 0.2145162 0.4202389 0.2464742 0.42368 0.2145162 0.4518909 0.2169417 0.4474691 0.2506844 0.4404162 0.2855165 0.4149202 0.279437 0.8132265 0.3103646 0.810288 0.3417533 0.7869324 0.3379722 0.892575 0.03907376 0.8972086 0.06870996 0.8731829 0.07171285 0.8669371 0.04240852 0.8731829 0.07171285 0.8429201 0.076976 0.8423879 0.320266 0.8358915 0.3519145 0.810288 0.3417533 0.2985193 0.2285147 0.3015043 0.2628911 0.2563838 0.2639338 0.2491026 0.2239099 0.244521 0.1862426 0.2967318 0.1949876 0.2985193 0.2285147 0.2967318 0.1949876 0.3413166 0.2063989 0.3408005 0.2357773 0.3405159 0.2648339 0.3015043 0.2628911 0.8837262 0.3399443 0.8693991 0.3734464 0.8358915 0.3519145 0.8354937 0.0465815 0.8429201 0.076976 0.7971954 0.08798193 0.7892484 0.05386245 0.7971954 0.08798193 0.7441454 0.09671556 0.9258133 0.3688672 0.9041891 0.4026214 0.8693991 0.3734464 0.8744696 0.6136899 0.8560219 0.6111422 0.8607196 0.5869611 0.8806326 0.5901905 0.8971011 0.5946728 0.889987 0.6177896 0.889987 0.6177896 0.8834797 0.6400336 0.8699814 0.6365127 0.8699814 0.6365127 0.8536401 0.634825 0.8560219 0.6111422 0.7210972 0.8977447 0.6979739 0.8905346 0.7036585 0.8716096 0.7297939 0.8781551 0.7572961 0.8868331 0.7454303 0.9070782 0.7210972 0.8977447 0.7454303 0.9070782 0.7327913 0.9262976 0.7123265 0.9154457 0.6926309 0.9071461 0.6979739 0.8905346 0.6873916 0.8481362 0.6676706 0.8466909 0.6700031 0.8283306 0.6910614 0.8287814 0.7150342 0.8315131 0.7097733 0.85145 0.6873916 0.8481362 0.7097733 0.85145 0.7036585 0.8716096 0.6830771 0.8678522 0.6649377 0.8655422 0.6676706 0.8466909 0.7380673 0.8587046 0.7097733 0.85145 0.7150342 0.8315131 0.7454642 0.8394559 0.7772326 0.850127 0.7677118 0.8682621 0.7380673 0.8587046 0.7677118 0.8682621 0.7572961 0.8868331 0.7297939 0.8781551 0.7036585 0.8716096 0.7097733 0.85145 0.8867492 0.5696402 0.8667364 0.564394 0.8774291 0.5413447 0.8867492 0.5696402 0.8956037 0.5547438 0.9048481 0.5635215 0.9022472 0.5756101 0.8971011 0.5946728 0.8806326 0.5901905 0.8806326 0.5901905 0.8607196 0.5869611 0.8667364 0.564394 0.8342697 0.6571913 0.8123618 0.6611911 0.8090021 0.6404913 0.8324906 0.6361837 0.8536401 0.634825 0.8543428 0.6552036 0.8543428 0.6552036 0.8577805 0.6718681 0.8381846 0.6750968 0.8342697 0.6571913 0.8381846 0.6750968 0.8163358 0.6795856 0.9338206 0.6018898 0.9219383 0.5996785 0.9271904 0.5784988 0.9392601 0.5791399 0.9271904 0.5784988 0.9288754 0.5615052 0.9419951 0.5612297 0.9548892 0.5623695 0.9513135 0.5807272 0.9392601 0.5791399 0.9513135 0.5807272 0.9459335 0.6045921 0.9411992 0.5502189 0.9419951 0.5612297 0.9288754 0.5615052 0.9252703 0.5499528 0.9207891 0.5382956 0.9399164 0.5394369 0.9411992 0.5502189 0.9399164 0.5394369 0.9590349 0.5419366 0.9569449 0.5519346 0.9548892 0.5623695 0.9419951 0.5612297 0.6724623 0.9171498 0.6585282 0.9157058 0.660678 0.9006072 0.676043 0.9027903 0.6926309 0.9071461 0.6872012 0.9211676 0.6872012 0.9211676 0.6840174 0.93103 0.6724548 0.9315063 0.6724623 0.9171498 0.6724548 0.9315063 0.6591792 0.9316661 0.9258053 0.6284351 0.9141584 0.6249177 0.9219383 0.5996785 0.9338206 0.6018898 0.9459335 0.6045921 0.9377559 0.6322355 0.9258053 0.6284351 0.9377559 0.6322355 0.9279905 0.6582853 0.9166374 0.6535012 0.9056863 0.648903 0.9141584 0.6249177 0.6793923 0.8863549 0.6626701 0.8838172 0.6649377 0.8655422 0.6830771 0.8678522 0.7036585 0.8716096 0.6979739 0.8905346 0.6793923 0.8863549 0.6979739 0.8905346 0.6926309 0.9071461 0.676043 0.9027903 0.660678 0.9006072 0.6626701 0.8838172 0.8329898 0.6120903 0.8070052 0.6163141 0.8065257 0.5913037 0.8353925 0.5873997 0.8607196 0.5869611 0.8560219 0.6111422 0.8329898 0.6120903 0.8560219 0.6111422 0.8536401 0.634825 0.8324906 0.6361837 0.8090021 0.6404913 0.8070052 0.6163141 0.6514132 0.9519697 0.6458944 0.9318468 0.6591792 0.9316661 0.6659625 0.9500373 0.67505 0.970501 0.658608 0.9746914 0.6514132 0.9519697 0.658608 0.9746914 0.6415167 0.9782412 0.6361941 0.9542826 0.6323013 0.9330133 0.6458944 0.9318468 0.8357418 0.7299921 0.8276717 0.7142375 0.8511158 0.7043162 0.8598596 0.7170222 0.8511158 0.7043162 0.871044 0.6955596 0.8799907 0.7050527 0.8899223 0.7151923 0.8696326 0.7305871 0.8598596 0.7170222 0.8696326 0.7305871 0.8450666 0.7456951 0.8543428 0.6552036 0.8536401 0.634825 0.8699814 0.6365127 0.8688059 0.6547461 0.8699814 0.6365127 0.8834797 0.6400336 0.8688059 0.6547461 0.8803676 0.6562397 0.8790028 0.6659019 0.8688059 0.6547461 0.8708941 0.6688997 0.8577805 0.6718681 0.7035828 0.9298964 0.6872012 0.9211676 0.6926309 0.9071461 0.7123265 0.9154457 0.7327913 0.9262976 0.7199864 0.9420573 0.7035828 0.9298964 0.7199864 0.9420573 0.7064219 0.9545224 0.7035828 0.9298964 0.6933719 0.9406902 0.6840174 0.93103 0.8997774 0.666101 0.9056863 0.648903 0.9166374 0.6535012 0.9092584 0.6714793 0.9166374 0.6535012 0.9279905 0.6582853 0.9191392 0.6768487 0.9109567 0.6906231 0.9020676 0.6847079 0.9092584 0.6714793 0.9020676 0.6847079 0.893584 0.6786037 0.8764687 0.6795584 0.8841335 0.6879752 0.871044 0.6955596 0.8635489 0.684878 0.8577805 0.6718681 0.8708941 0.6688997 0.8764687 0.6795584 0.8708941 0.6688997 0.8790028 0.6659019 0.8854404 0.6719012 0.893584 0.6786037 0.8841335 0.6879752 0.8927142 0.6953552 0.9020577 0.7028355 0.8899223 0.7151923 0.8799907 0.7050527 0.871044 0.6955596 0.8841335 0.6879752 0.8927142 0.6953552 0.8841335 0.6879752 0.893584 0.6786037 0.9020676 0.6847079 0.9109567 0.6906231 0.9020577 0.7028355 0.8803676 0.6562397 0.8834797 0.6400336 0.8950208 0.6442872 0.8904728 0.6605219 0.8950208 0.6442872 0.9056863 0.648903 0.8997774 0.666101 0.893584 0.6786037 0.8854404 0.6719012 0.8904728 0.6605219 0.8854404 0.6719012 0.8790028 0.6659019 0.8213102 0.6974209 0.8163358 0.6795856 0.8381846 0.6750968 0.8438918 0.6906265 0.8381846 0.6750968 0.8577805 0.6718681 0.8635489 0.684878 0.871044 0.6955596 0.8511158 0.7043162 0.8438918 0.6906265 0.8511158 0.7043162 0.8276717 0.7142375 0.6802607 0.946903 0.6724548 0.9315063 0.6840174 0.93103 0.6933719 0.9406902 0.7064219 0.9545224 0.691119 0.9639728 0.6802607 0.946903 0.691119 0.9639728 0.67505 0.970501 0.6659625 0.9500373 0.6591792 0.9316661 0.6724548 0.9315063 0.6283029 0.8808064 0.6283145 0.8627237 0.6466745 0.8636195 0.6456944 0.8816573 0.6466745 0.8636195 0.6649377 0.8655422 0.6626701 0.8838172 0.660678 0.9006072 0.6450023 0.8987525 0.6456944 0.8816573 0.6450023 0.8987525 0.6287547 0.8983355 0.9026884 0.6214479 0.889987 0.6177896 0.8971011 0.5946728 0.910255 0.5975508 0.9219383 0.5996785 0.9141584 0.6249177 0.9141584 0.6249177 0.9056863 0.648903 0.8950208 0.6442872 0.9026884 0.6214479 0.8950208 0.6442872 0.8834797 0.6400336 0.6299747 0.9150713 0.6287547 0.8983355 0.6450023 0.8987525 0.6444527 0.9147234 0.6450023 0.8987525 0.660678 0.9006072 0.6585282 0.9157058 0.6591792 0.9316661 0.6458944 0.9318468 0.6444527 0.9147234 0.6458944 0.9318468 0.6323013 0.9330133 0.9094219 0.549784 0.9158154 0.5619022 0.9048481 0.5635215 0.8956037 0.5547438 0.8774291 0.5413447 0.9016162 0.5373123 0.9094219 0.549784 0.9016162 0.5373123 0.9207891 0.5382956 0.9252703 0.5499528 0.9288754 0.5615052 0.9158154 0.5619022 0.910255 0.5975508 0.8971011 0.5946728 0.9022472 0.5756101 0.9152278 0.5779578 0.9022472 0.5756101 0.9048481 0.5635215 0.9158154 0.5619022 0.9288754 0.5615052 0.9271904 0.5784988 0.9152278 0.5779578 0.9271904 0.5784988 0.9219383 0.5996785 0.6283944 0.8444946 0.6283029 0.8267141 0.6489339 0.8273248 0.6489339 0.8273248 0.6700031 0.8283306 0.6676706 0.8466909 0.6479125 0.8452147 0.6676706 0.8466909 0.6649377 0.8655422 0.6479125 0.8452147 0.6466745 0.8636195 0.6283145 0.8627237 0.7636506 0.3039196 0.7625278 0.3358438 0.7372125 0.3350271 0.9456989 0.0345332 0.9476948 0.06503087 0.9217543 0.06650662 0.9187671 0.03650343 0.9217543 0.06650662 0.8972086 0.06870996 0.7887236 0.3060944 0.7869324 0.3379722 0.7625278 0.3358438 0.3702635 0.2399734 0.3679392 0.268745 0.3405159 0.2648339 0.3408005 0.2357773 0.3413166 0.2063989 0.3720139 0.2110415 0.3702635 0.2399734 0.3720139 0.2110415 0.397441 0.2125657 0.3948433 0.2429926 0.3910524 0.2738556 0.3679392 0.268745 0.3770384 0.1247423 0.3753588 0.15034 0.3446044 0.1456707 0.3472202 0.1197111 0.3507943 0.09699434 0.3791303 0.10253 0.3791303 0.10253 0.4031822 0.1039749 0.4018314 0.1246705 0.3770384 0.1247423 0.4018314 0.1246705 0.4006602 0.1493691 0.9069816 0.2045038 0.9136837 0.1805973 0.9365594 0.1861926 0.9292592 0.2120316 0.9206483 0.2365904 0.8987394 0.2276557 0.9069816 0.2045038 0.8987394 0.2276557 0.8780321 0.218378 0.8862007 0.1967244 0.8922436 0.1753484 0.9136837 0.1805973 0.9179235 0.1572833 0.9207131 0.1314535 0.9459711 0.1342689 0.9419435 0.1615576 0.9365594 0.1861926 0.9136837 0.1805973 0.9179235 0.1572833 0.9136837 0.1805973 0.8922436 0.1753484 0.8952631 0.1538305 0.8967415 0.1296858 0.9207131 0.1314535 0.4503458 0.08870172 0.4510189 0.1060838 0.4273172 0.1057043 0.4279498 0.08792191 0.4273172 0.1057043 0.4031822 0.1039749 0.4279498 0.08792191 0.4048854 0.08570367 0.4074479 0.0682035 0.4279498 0.08792191 0.4290074 0.07051593 0.4501474 0.0714367 0.8086283 0.2679731 0.8141642 0.2469058 0.8385728 0.2551609 0.8321909 0.2753388 0.8385728 0.2551609 0.8593001 0.2626146 0.8519758 0.2823089 0.8480601 0.2991293 0.8300706 0.292861 0.8321909 0.2753388 0.8300706 0.292861 0.8059677 0.2898434 0.8479718 0.2321118 0.8228044 0.2229481 0.8338487 0.1992644 0.8479718 0.2321118 0.8579395 0.2088859 0.8780321 0.218378 0.8479718 0.2321118 0.8685836 0.240834 0.8593001 0.2626146 0.8385728 0.2551609 0.8141642 0.2469058 0.8228044 0.2229481 0.3737526 0.1801217 0.3720139 0.2110415 0.3413166 0.2063989 0.3426064 0.1754505 0.3446044 0.1456707 0.3753588 0.15034 0.3753588 0.15034 0.4006602 0.1493691 0.3994018 0.1800404 0.3737526 0.1801217 0.3994018 0.1800404 0.397441 0.2125657 0.3646162 0.2989537 0.3541892 0.3280944 0.3365623 0.3193381 0.3398002 0.2952761 0.3405159 0.2648339 0.3679392 0.268745 0.3646162 0.2989537 0.3679392 0.268745 0.3910524 0.2738556 0.3854391 0.3072049 0.3735862 0.3395097 0.3541892 0.3280944 0.9217543 0.06650662 0.9476948 0.06503087 0.9482895 0.09993427 0.9482895 0.09993427 0.9459711 0.1342689 0.9207131 0.1314535 0.9207131 0.1314535 0.8967415 0.1296858 0.8980251 0.09994757 0.9222883 0.09945082 0.8980251 0.09994757 0.8972086 0.06870996 0.761314 0.4210445 0.738773 0.4231858 0.7372125 0.3759915 0.7608162 0.375716 0.7372125 0.3759915 0.7372125 0.3350271 0.7625278 0.3358438 0.7869324 0.3379722 0.7836521 0.3760339 0.7608162 0.375716 0.7836521 0.3760339 0.7830613 0.4179947 0.3697633 0.3840193 0.3904078 0.399113 0.3608934 0.430266 0.3396363 0.4119204 0.317733 0.3936551 0.3490516 0.3694061 0.3697633 0.3840193 0.3490516 0.3694061 0.3735862 0.3395097 0.3934289 0.3512955 0.4136457 0.3626618 0.3904078 0.399113 0.7664888 0.4689921 0.7424984 0.4739282 0.738773 0.4231858 0.761314 0.4210445 0.7830613 0.4179947 0.7891541 0.4608271 0.7664888 0.4689921 0.7891541 0.4608271 0.7979987 0.4991537 0.7736212 0.5115196 0.7479833 0.5185425 0.7424984 0.4739282 0.6035256 0.4076113 0.6262747 0.3858429 0.6336576 0.4121492 0.6242482 0.4354093 0.6103059 0.4639673 0.5796446 0.4360924 0.6035256 0.4076113 0.5796446 0.4360924 0.5491978 0.402621 0.583988 0.3734461 0.6174957 0.3519143 0.6262747 0.3858429 0.6045877 0.1077835 0.6063587 0.07697606 0.6520833 0.08798193 0.6489528 0.1216906 0.6520833 0.08798193 0.7051334 0.09671562 0.7016638 0.1337794 0.6940833 0.1737495 0.642205 0.150064 0.6489528 0.1216906 0.642205 0.150064 0.6033271 0.1349356 0.207163 0.3093578 0.1933783 0.3495736 0.1594967 0.3340235 0.1673679 0.3006063 0.1594967 0.3340235 0.1357581 0.3193382 0.1325201 0.2952762 0.1318044 0.2648339 0.1708161 0.2628912 0.1708161 0.2628912 0.2159364 0.263934 0.207163 0.3093578 0.1747373 0.1610591 0.227379 0.1493666 0.2277992 0.1862427 0.1755884 0.1949877 0.1310036 0.206399 0.1297138 0.1754507 0.1747373 0.1610591 0.1297138 0.1754507 0.1277158 0.1456707 0.1715389 0.1299393 0.2277992 0.1091272 0.227379 0.1493666 0.643456 0.4511563 0.6495518 0.414927 0.6703256 0.4179946 0.664233 0.460827 0.6553881 0.4991538 0.6332834 0.4837616 0.643456 0.4511563 0.6332834 0.4837616 0.6103059 0.4639673 0.6242482 0.4354093 0.6336576 0.4121492 0.6495518 0.414927 0.1433354 0.3547106 0.175396 0.3748838 0.1545873 0.3936553 0.1232687 0.3694063 0.09873414 0.3395099 0.1181311 0.3280946 0.1433354 0.3547106 0.1181311 0.3280946 0.1357581 0.3193382 0.1594967 0.3340235 0.1933783 0.3495736 0.175396 0.3748838 0.6697351 0.3760339 0.6703256 0.4179946 0.6495518 0.414927 0.6495518 0.414927 0.6336576 0.4121492 0.6262747 0.3858429 0.6477838 0.3773643 0.6262747 0.3858429 0.6174957 0.3519143 0.6430993 0.3417531 0.6664548 0.3379721 0.6697351 0.3760339 0.5512535 0.09994763 0.55207 0.0687099 0.5760959 0.07171285 0.5751064 0.101889 0.5760959 0.07171285 0.6063587 0.07697606 0.6045877 0.1077835 0.6033271 0.1349356 0.5760564 0.1296236 0.5751064 0.101889 0.5760564 0.1296236 0.5525373 0.1296858 0.06556975 0.3160367 0.08688122 0.307205 0.09873414 0.3395099 0.07889139 0.3512957 0.05867463 0.3626621 0.04293626 0.3247423 0.06556975 0.3160367 0.04293626 0.3247423 0.03190398 0.2855167 0.0574001 0.2794371 0.08126783 0.2738557 0.08688122 0.307205 0.07291835 0.1800405 0.0748791 0.2125658 0.04864019 0.2145164 0.04661381 0.1802644 0.04864019 0.2145164 0.02042931 0.2169418 0.01880443 0.1807261 0.01917505 0.1480718 0.04589861 0.1486924 0.04661381 0.1802644 0.04589861 0.1486924 0.07166004 0.1493693 0.6620718 0.2129248 0.648737 0.1891317 0.6940833 0.1737495 0.6620718 0.2129248 0.7038101 0.2046201 0.7064976 0.2284986 0.6620718 0.2129248 0.6682742 0.2367411 0.6351146 0.2469059 0.6264742 0.2229482 0.6154301 0.1992645 0.648737 0.1891317 0.1589555 0.0830335 0.1215258 0.0969944 0.1167416 0.07732409 0.1167416 0.07732409 0.1102935 0.05894768 0.1394631 0.04500442 0.1498927 0.06331771 0.1394631 0.04500442 0.1685537 0.02658224 0.1825278 0.04411768 0.1960877 0.06335955 0.1589555 0.0830335 0.6682742 0.2367411 0.7064976 0.2284986 0.7086082 0.2524133 0.7086082 0.2524133 0.7116347 0.275039 0.6777993 0.280641 0.6777993 0.280641 0.6433109 0.2898436 0.6406503 0.2679732 0.6726053 0.2592495 0.6406503 0.2679732 0.6351146 0.2469059 0.5505394 0.2276559 0.5712467 0.2183779 0.580695 0.240834 0.580695 0.240834 0.5899785 0.2626148 0.568732 0.2696597 0.5595904 0.2491641 0.568732 0.2696597 0.547157 0.278401 0.5375872 0.2582381 0.5286303 0.2365904 0.5505394 0.2276559 0.5772071 0.2891663 0.568732 0.2696597 0.5899785 0.2626148 0.5772071 0.2891663 0.597303 0.2823089 0.6012186 0.2991293 0.5772071 0.2891663 0.5832486 0.3054492 0.5655788 0.3132898 0.5571607 0.2977201 0.547157 0.278401 0.568732 0.2696597 0.09045082 0.08344542 0.09318989 0.1025301 0.06913793 0.1039751 0.06743472 0.08570379 0.0648722 0.06820356 0.08634155 0.06548231 0.09045082 0.08344542 0.08634155 0.06548231 0.1102935 0.05894768 0.09045082 0.08344542 0.1167416 0.07732409 0.1215258 0.0969944 0.7519552 0.5644004 0.7495335 0.5423654 0.7841979 0.5467475 0.7836882 0.5685176 0.7841979 0.5913039 0.7553312 0.5873997 0.7519552 0.5644004 0.7553312 0.5873997 0.730004 0.5869611 0.7239872 0.5643941 0.7132945 0.5413448 0.7495335 0.5423654 0.5760964 0.1513558 0.5540158 0.1538305 0.5525373 0.1296858 0.5760964 0.1513558 0.5760564 0.1296236 0.6033271 0.1349356 0.5760964 0.1513558 0.5984316 0.1546007 0.5926143 0.1676724 0.5775848 0.170181 0.5570352 0.1753484 0.5540158 0.1538305 0.5830029 0.1887665 0.5630779 0.1967243 0.5570352 0.1753484 0.5830029 0.1887665 0.5775848 0.170181 0.5926143 0.1676724 0.6030388 0.1796994 0.6154301 0.1992645 0.5913394 0.2088859 0.5913394 0.2088859 0.5712467 0.2183779 0.5630779 0.1967243 0.07048875 0.1246706 0.07166004 0.1493693 0.04589861 0.1486924 0.04547989 0.1249198 0.04589861 0.1486924 0.01917505 0.1480718 0.04547989 0.1249198 0.02026516 0.1245899 0.02130115 0.1060839 0.04547989 0.1249198 0.04500305 0.1057044 0.06913793 0.1039751 0.2083378 0.08376675 0.2277992 0.1091272 0.1715389 0.1299393 0.1715389 0.1299393 0.1277158 0.1456707 0.1251 0.1197112 0.1661761 0.104622 0.1251 0.1197112 0.1215258 0.0969944 0.1589555 0.0830335 0.1960877 0.06335955 0.2083378 0.08376675 0.642205 0.150064 0.6940833 0.1737495 0.648737 0.1891317 0.6245328 0.168074 0.648737 0.1891317 0.6154301 0.1992645 0.6030388 0.1796994 0.5926143 0.1676724 0.5984316 0.1546007 0.6245328 0.168074 0.5984316 0.1546007 0.6033271 0.1349356 0.05208134 0.2464743 0.07747697 0.2429928 0.08126783 0.2738557 0.0574001 0.2794371 0.03190398 0.2855167 0.02485114 0.2506846 0.05208134 0.2464743 0.02485114 0.2506846 0.02042931 0.2169418 0.04864019 0.2145164 0.0748791 0.2125658 0.07747697 0.2429928 0.640161 0.3103644 0.6646637 0.3060944 0.6664548 0.3379721 0.6430993 0.3417531 0.6174957 0.3519143 0.6109994 0.3202657 0.5823416 0.04240852 0.613785 0.04658144 0.6063587 0.07697606 0.5760959 0.07171285 0.55207 0.0687099 0.5567038 0.03907358 0.1738009 0.2285149 0.2232177 0.22391 0.2159364 0.263934 0.1708161 0.2628912 0.1318044 0.2648339 0.1315198 0.2357774 0.1738009 0.2285149 0.1315198 0.2357774 0.1310036 0.206399 0.1755884 0.1949877 0.2277992 0.1862427 0.2232177 0.22391 0.5696609 0.339944 0.6109994 0.3202657 0.6174957 0.3519143 0.583988 0.3734461 0.5491978 0.402621 0.5275738 0.3688668 0.6600303 0.05386239 0.7116347 0.05922853 0.7051334 0.09671562 0.6520833 0.08798193 0.6063587 0.07697606 0.613785 0.04658144 0.7162538 0.6136899 0.7100908 0.5901905 0.730004 0.5869611 0.7347017 0.6111421 0.7370834 0.6348251 0.7207421 0.6365128 0.7207421 0.6365128 0.7072436 0.6400336 0.7007365 0.6177895 0.7007365 0.6177895 0.6936223 0.5946728 0.7100908 0.5901905 0.5182987 0.8977446 0.5096021 0.8781551 0.5357376 0.8716093 0.541422 0.8905346 0.5467649 0.907146 0.5270694 0.9154458 0.5182987 0.8977446 0.5270694 0.9154458 0.5066046 0.9262975 0.4939658 0.9070781 0.4820997 0.8868331 0.5096021 0.8781551 0.5520042 0.8481361 0.5483345 0.8287812 0.5693928 0.8283306 0.5717253 0.8466908 0.574458 0.8655421 0.5563187 0.8678523 0.5520042 0.8481361 0.5563187 0.8678523 0.5357376 0.8716093 0.5296227 0.8514499 0.5243617 0.8315131 0.5483345 0.8287812 0.5013286 0.8587046 0.4939317 0.839456 0.5243617 0.8315131 0.5296227 0.8514499 0.5357376 0.8716093 0.5096021 0.8781551 0.5013286 0.8587046 0.5096021 0.8781551 0.4820997 0.8868331 0.4716841 0.8682621 0.4621634 0.8501271 0.4939317 0.839456 0.7039743 0.5696403 0.69512 0.554744 0.7132945 0.5413448 0.7239872 0.5643941 0.730004 0.5869611 0.7100908 0.5901905 0.7100908 0.5901905 0.6936223 0.5946728 0.6884762 0.5756101 0.7039743 0.5696403 0.6884762 0.5756101 0.6858753 0.5635215 0.7564538 0.6571914 0.7582328 0.6361837 0.7817215 0.6404914 0.7564538 0.6571914 0.7783616 0.6611911 0.7743875 0.6795857 0.7525387 0.675097 0.7329429 0.6718682 0.7363807 0.6552036 0.7363807 0.6552036 0.7370834 0.6348251 0.7582328 0.6361837 0.6635333 0.5784987 0.6687852 0.5996785 0.656903 0.6018898 0.6514632 0.5791398 0.656903 0.6018898 0.64479 0.604592 0.6394101 0.5807271 0.6358343 0.5623695 0.6487283 0.5612297 0.6514632 0.5791398 0.6487283 0.5612297 0.6618481 0.5615052 0.6495243 0.5502189 0.6654532 0.5499529 0.6618481 0.5615052 0.6487283 0.5612297 0.6358343 0.5623695 0.6337787 0.5519346 0.6495243 0.5502189 0.6337787 0.5519346 0.6316888 0.5419366 0.6508068 0.5394369 0.6699343 0.5382956 0.6654532 0.5499529 0.5669337 0.9171496 0.5633527 0.9027903 0.5787179 0.9006071 0.5669337 0.9171496 0.5808677 0.9157056 0.5802167 0.931666 0.5669411 0.9315061 0.5553784 0.93103 0.5521947 0.9211676 0.5521947 0.9211676 0.5467649 0.907146 0.5633527 0.9027903 0.6649183 0.6284351 0.656903 0.6018898 0.6687852 0.5996785 0.676565 0.6249176 0.6850371 0.6489029 0.6740859 0.6535013 0.6649183 0.6284351 0.6740859 0.6535013 0.6627329 0.6582853 0.6529675 0.6322354 0.64479 0.604592 0.656903 0.6018898 0.5600035 0.8863549 0.5563187 0.8678523 0.574458 0.8655421 0.5767258 0.8838172 0.5787179 0.9006071 0.5633527 0.9027903 0.5600035 0.8863549 0.5633527 0.9027903 0.5467649 0.907146 0.541422 0.8905346 0.5357376 0.8716093 0.5563187 0.8678523 0.7577337 0.6120903 0.7553312 0.5873997 0.7841979 0.5913039 0.7837183 0.6163142 0.7817215 0.6404914 0.7582328 0.6361837 0.7577337 0.6120903 0.7582328 0.6361837 0.7370834 0.6348251 0.7347017 0.6111421 0.730004 0.5869611 0.7553312 0.5873997 0.5879826 0.9519698 0.5734335 0.9500373 0.5802167 0.931666 0.5935015 0.9318469 0.6070945 0.9330133 0.6032019 0.9542827 0.5879826 0.9519698 0.6032019 0.9542827 0.5978793 0.9782413 0.5807881 0.9746913 0.5643458 0.9705011 0.5734335 0.9500373 0.7396076 0.7043161 0.7630516 0.7142376 0.7549815 0.7299922 0.7308639 0.7170222 0.7549815 0.7299922 0.7456566 0.7456952 0.7210906 0.7305873 0.7008011 0.7151923 0.7107325 0.7050529 0.7308639 0.7170222 0.7107325 0.7050529 0.7196793 0.6955597 0.7207421 0.6365128 0.7370834 0.6348251 0.7363807 0.6552036 0.7219176 0.6547464 0.7363807 0.6552036 0.7329429 0.6718682 0.7219176 0.6547464 0.7198293 0.6688998 0.7117204 0.6659019 0.7219176 0.6547464 0.7103559 0.6562398 0.7072436 0.6400336 0.535813 0.9298965 0.5270694 0.9154458 0.5467649 0.907146 0.535813 0.9298965 0.5521947 0.9211676 0.5553784 0.93103 0.535813 0.9298965 0.5460241 0.9406902 0.5329741 0.9545224 0.5194095 0.9420574 0.5066046 0.9262975 0.5270694 0.9154458 0.6740859 0.6535013 0.6850371 0.6489029 0.6909459 0.6661011 0.6814649 0.6714792 0.6909459 0.6661011 0.6971395 0.6786036 0.6886557 0.6847078 0.6797667 0.6906231 0.671584 0.6768487 0.6814649 0.6714792 0.671584 0.6768487 0.6627329 0.6582853 0.7142548 0.6795585 0.7271746 0.6848781 0.7196793 0.6955597 0.7065898 0.6879753 0.6971395 0.6786036 0.7052829 0.6719012 0.7142548 0.6795585 0.7052829 0.6719012 0.7117204 0.6659019 0.7198293 0.6688998 0.7329429 0.6718682 0.7271746 0.6848781 0.698009 0.6953552 0.7107325 0.7050529 0.7008011 0.7151923 0.6886656 0.7028355 0.6797667 0.6906231 0.6886557 0.6847078 0.698009 0.6953552 0.6886557 0.6847078 0.6971395 0.6786036 0.7065898 0.6879753 0.7196793 0.6955597 0.7107325 0.7050529 0.6957026 0.6442873 0.7072436 0.6400336 0.7103559 0.6562398 0.7002506 0.6605221 0.7103559 0.6562398 0.7117204 0.6659019 0.7052829 0.6719012 0.6971395 0.6786036 0.6909459 0.6661011 0.7002506 0.6605221 0.6909459 0.6661011 0.6850371 0.6489029 0.7525387 0.675097 0.7743875 0.6795857 0.769413 0.697421 0.7468316 0.6906266 0.769413 0.697421 0.7630516 0.7142376 0.7396076 0.7043161 0.7196793 0.6955597 0.7271746 0.6848781 0.7468316 0.6906266 0.7271746 0.6848781 0.7329429 0.6718682 0.5591353 0.9469028 0.5460241 0.9406902 0.5553784 0.93103 0.5669411 0.9315061 0.5802167 0.931666 0.5734335 0.9500373 0.5591353 0.9469028 0.5734335 0.9500373 0.5643458 0.9705011 0.548277 0.9639726 0.5329741 0.9545224 0.5460241 0.9406902 0.5927214 0.8636194 0.6110813 0.8627235 0.6110931 0.8808063 0.5937014 0.8816574 0.6110931 0.8808063 0.6106412 0.8983353 0.5943936 0.8987525 0.5787179 0.9006071 0.5767258 0.8838172 0.5937014 0.8816574 0.5767258 0.8838172 0.574458 0.8655421 0.6880351 0.6214479 0.6804684 0.5975508 0.6936223 0.5946728 0.6880351 0.6214479 0.7007365 0.6177895 0.7072436 0.6400336 0.6957026 0.6442873 0.6850371 0.6489029 0.676565 0.6249176 0.676565 0.6249176 0.6687852 0.5996785 0.6804684 0.5975508 0.5943936 0.8987525 0.6106412 0.8983353 0.6094213 0.9150712 0.5949432 0.9147232 0.6094213 0.9150712 0.6070945 0.9330133 0.5935015 0.9318469 0.5802167 0.931666 0.5808677 0.9157056 0.5949432 0.9147232 0.5808677 0.9157056 0.5787179 0.9006071 0.6813016 0.5497839 0.69512 0.554744 0.6858753 0.5635215 0.6749082 0.5619021 0.6618481 0.5615052 0.6654532 0.5499529 0.6813016 0.5497839 0.6654532 0.5499529 0.6699343 0.5382956 0.6891074 0.5373122 0.7132945 0.5413448 0.69512 0.554744 0.6884762 0.5756101 0.6936223 0.5946728 0.6804684 0.5975508 0.6754956 0.5779578 0.6804684 0.5975508 0.6687852 0.5996785 0.6635333 0.5784987 0.6618481 0.5615052 0.6749082 0.5619021 0.6754956 0.5779578 0.6749082 0.5619021 0.6858753 0.5635215 0.590462 0.8273248 0.6110931 0.826714 0.6110014 0.8444945 0.5914832 0.8452147 0.6110014 0.8444945 0.6110813 0.8627235 0.5914832 0.8452147 0.5927214 0.8636194 0.574458 0.8655421 0.5717253 0.8466908 0.5693928 0.8283306 0.590462 0.8273248 0.6897367 0.3039195 0.7154096 0.3030573 0.7161746 0.3350272 0.6908594 0.3358438 0.6664548 0.3379721 0.6646637 0.3060944 0.5305118 0.03650331 0.5567038 0.03907358 0.55207 0.0687099 0.5275245 0.06650656 0.5015839 0.06503087 0.5035798 0.0345332 0.1020566 0.2399736 0.1315198 0.2357774 0.1318044 0.2648339 0.104381 0.2687452 0.08126783 0.2738557 0.07747697 0.2429928 0.1020566 0.2399736 0.07747697 0.2429928 0.0748791 0.2125658 0.1003063 0.2110417 0.1310036 0.206399 0.1315198 0.2357774 0.09528177 0.1247424 0.1251 0.1197112 0.1277158 0.1456707 0.09528177 0.1247424 0.09696143 0.1503401 0.07166004 0.1493693 0.07048875 0.1246706 0.06913793 0.1039751 0.09318989 0.1025301 0.09318989 0.1025301 0.1215258 0.0969944 0.1251 0.1197112 0.5422972 0.2045038 0.5200194 0.2120315 0.5127192 0.1861926 0.5355951 0.1805974 0.5570352 0.1753484 0.5630779 0.1967243 0.5422972 0.2045038 0.5630779 0.1967243 0.5712467 0.2183779 0.5505394 0.2276559 0.5286303 0.2365904 0.5200194 0.2120315 0.5313552 0.1572833 0.5073353 0.1615576 0.5033077 0.1342689 0.5285654 0.1314535 0.5525373 0.1296858 0.5540158 0.1538305 0.5313552 0.1572833 0.5540158 0.1538305 0.5570352 0.1753484 0.5355951 0.1805974 0.5127192 0.1861926 0.5073353 0.1615576 0.04500305 0.1057044 0.02130115 0.1060839 0.02197438 0.08870184 0.04437029 0.08792209 0.02197438 0.08870184 0.02217268 0.07143688 0.04437029 0.08792209 0.04331272 0.0705161 0.0648722 0.06820356 0.04437029 0.08792209 0.06743472 0.08570379 0.06913793 0.1039751 0.6107059 0.255161 0.6351146 0.2469059 0.6406503 0.2679732 0.6170877 0.2753387 0.6406503 0.2679732 0.6433109 0.2898436 0.619208 0.2928611 0.6012186 0.2991293 0.597303 0.2823089 0.6170877 0.2753387 0.597303 0.2823089 0.5899785 0.2626148 0.601307 0.2321118 0.5913394 0.2088859 0.6154301 0.1992645 0.6264742 0.2229482 0.6351146 0.2469059 0.6107059 0.255161 0.601307 0.2321118 0.6107059 0.255161 0.5899785 0.2626148 0.601307 0.2321118 0.580695 0.240834 0.5712467 0.2183779 0.0985676 0.1801218 0.1297138 0.1754507 0.1310036 0.206399 0.0985676 0.1801218 0.1003063 0.2110417 0.0748791 0.2125658 0.07291835 0.1800405 0.07166004 0.1493693 0.09696143 0.1503401 0.09696143 0.1503401 0.1277158 0.1456707 0.1297138 0.1754507 0.1077042 0.2989538 0.1325201 0.2952762 0.1357581 0.3193382 0.1181311 0.3280946 0.09873414 0.3395099 0.08688122 0.307205 0.1077042 0.2989538 0.08688122 0.307205 0.08126783 0.2738557 0.104381 0.2687452 0.1318044 0.2648339 0.1325201 0.2952762 0.5009892 0.09993422 0.5015839 0.06503087 0.5275245 0.06650656 0.5269904 0.09945076 0.5275245 0.06650656 0.55207 0.0687099 0.5512535 0.09994763 0.5525373 0.1296858 0.5285654 0.1314535 0.5285654 0.1314535 0.5033077 0.1342689 0.5009892 0.09993422 0.7161746 0.3759917 0.714614 0.423186 0.692073 0.4210444 0.6925708 0.375716 0.692073 0.4210444 0.6703256 0.4179946 0.6697351 0.3760339 0.6664548 0.3379721 0.6908594 0.3358438 0.6925708 0.375716 0.6908594 0.3358438 0.7161746 0.3350272 0.102557 0.3840195 0.132684 0.4119206 0.1114269 0.4302663 0.08191245 0.3991131 0.05867463 0.3626621 0.07889139 0.3512957 0.102557 0.3840195 0.07889139 0.3512957 0.09873414 0.3395099 0.1232687 0.3694063 0.1545873 0.3936553 0.132684 0.4119206 0.6868979 0.4689922 0.692073 0.4210444 0.714614 0.423186 0.7108886 0.4739282 0.7054034 0.5185425 0.6797654 0.5115195 0.6868979 0.4689922 0.6797654 0.5115195 0.6553881 0.4991538 0.664233 0.460827 0.6703256 0.4179946 0.692073 0.4210444 0.9613612 0.8425988 0.9646371 0.8667731 0.9532684 0.8666803 0.9508364 0.8445473 0.9532684 0.8666803 0.941403 0.866443 0.9396685 0.8460883 0.9337987 0.8271488 0.9434623 0.8241787 0.9508364 0.8445473 0.9434623 0.8241787 0.9524412 0.8206906 0.9146956 0.8142867 0.90392 0.7994204 0.9090124 0.7937591 0.9227325 0.8102017 0.9337987 0.8271488 0.9233201 0.8298464 0.9146956 0.8142867 0.9233201 0.8298464 0.9126346 0.8326992 0.9062249 0.8183533 0.8977978 0.8041074 0.90392 0.7994204 0.8527171 0.8848399 0.8647627 0.882636 0.8675534 0.8998469 0.8564433 0.9036769 0.8458445 0.9077863 0.8412579 0.8872292 0.8527171 0.8848399 0.8412579 0.8872292 0.8393091 0.8650906 0.8512929 0.8646569 0.8637231 0.8642899 0.8647627 0.882636 0.8305172 0.8894298 0.8412579 0.8872292 0.8458445 0.9077863 0.8361389 0.9118354 0.8268694 0.9158814 0.8201066 0.8915467 0.8201066 0.8915467 0.8170294 0.865149 0.8280388 0.8652047 0.8280388 0.8652047 0.8393091 0.8650906 0.8412579 0.8872292 0.9612208 0.8920195 0.9539888 0.9148965 0.9447287 0.9104183 0.9507321 0.8895592 0.9447287 0.9104183 0.934574 0.9064367 0.9393869 0.8873199 0.941403 0.866443 0.9532684 0.8666803 0.9532684 0.8666803 0.9646371 0.8667731 0.9612208 0.8920195 0.8195468 0.813786 0.8285964 0.8181875 0.8198759 0.8405244 0.8198759 0.8405244 0.8170294 0.865149 0.8057455 0.8648197 0.8091686 0.837912 0.8057455 0.8648197 0.793541 0.8644694 0.8091686 0.837912 0.7980995 0.8347747 0.8102022 0.8083552 0.9277138 0.8472387 0.9233201 0.8298464 0.9337987 0.8271488 0.9396685 0.8460883 0.941403 0.866443 0.9287444 0.8659669 0.9277138 0.8472387 0.9287444 0.8659669 0.9162276 0.8656472 0.9156655 0.848466 0.9126346 0.8326992 0.9233201 0.8298464 0.9131796 0.7872994 0.9170485 0.7805963 0.9370272 0.8009588 0.9370272 0.8009588 0.9524412 0.8206906 0.9434623 0.8241787 0.9301034 0.8058478 0.9434623 0.8241787 0.9337987 0.8271488 0.9301034 0.8058478 0.9227325 0.8102017 0.9090124 0.7937591 0.8671433 0.7866014 0.8713444 0.7929304 0.85835 0.8083758 0.8508561 0.8038087 0.85835 0.8083758 0.847588 0.8249472 0.8377325 0.8217065 0.8285964 0.8181875 0.8439246 0.7989638 0.8439246 0.7989638 0.8634415 0.7798636 0.8671433 0.7866014 0.8664948 0.8128044 0.8749256 0.817194 0.8686891 0.8315822 0.8581427 0.8281589 0.847588 0.8249472 0.85835 0.8083758 0.8664948 0.8128044 0.85835 0.8083758 0.8713444 0.7929304 0.8766448 0.7983734 0.8829897 0.8027516 0.8749256 0.817194 0.9761098 0.8666943 0.9881257 0.8665515 0.9835858 0.8980801 0.9835858 0.8980801 0.9722921 0.9259107 0.9629171 0.9200391 0.9719373 0.8948231 0.9629171 0.9200391 0.9539888 0.9148965 0.9719373 0.8948231 0.9612208 0.8920195 0.9646371 0.8667731 0.8371482 0.7932404 0.8439246 0.7989638 0.8285964 0.8181875 0.8195468 0.813786 0.8102022 0.8083552 0.8303381 0.7866455 0.8303381 0.7866455 0.8552924 0.7666491 0.8596189 0.7730922 0.8371482 0.7932404 0.8596189 0.7730922 0.8634415 0.7798636 0.9271516 0.8852532 0.9393869 0.8873199 0.934574 0.9064367 0.9234635 0.9030988 0.9120007 0.900673 0.9148625 0.8837568 0.9271516 0.8852532 0.9148625 0.8837568 0.9162276 0.8656472 0.9271516 0.8852532 0.9287444 0.8659669 0.941403 0.866443 0.8303856 0.8425143 0.8414035 0.8442044 0.8393091 0.8650906 0.8280388 0.8652047 0.8170294 0.865149 0.8198759 0.8405244 0.8303856 0.8425143 0.8198759 0.8405244 0.8285964 0.8181875 0.8377325 0.8217065 0.847588 0.8249472 0.8414035 0.8442044 0.9507551 0.7883561 0.9706627 0.8104787 0.9613959 0.8161626 0.9438851 0.7950864 0.9613959 0.8161626 0.9524412 0.8206906 0.9438851 0.7950864 0.9370272 0.8009588 0.9170485 0.7805963 0.9212475 0.7739906 0.9260299 0.7678133 0.9507551 0.7883561 0.9720453 0.8400329 0.9613959 0.8161626 0.9706627 0.8104787 0.983384 0.8368131 0.9881257 0.8665515 0.9761098 0.8666943 0.9720453 0.8400329 0.9761098 0.8666943 0.9646371 0.8667731 0.9613612 0.8425988 0.9524412 0.8206906 0.9613959 0.8161626 0.8090556 0.8937769 0.8057455 0.8648197 0.8170294 0.865149 0.8090556 0.8937769 0.8201066 0.8915467 0.8268694 0.9158814 0.8090556 0.8937769 0.817344 0.9200863 0.8071023 0.924533 0.7972661 0.8961376 0.793541 0.8644694 0.8057455 0.8648197 0.8279708 0.9377791 0.817344 0.9200863 0.8268694 0.9158814 0.8358001 0.9324318 0.8469675 0.9445351 0.8411241 0.9504957 0.8279708 0.9377791 0.8411241 0.9504957 0.8354366 0.9576405 0.819732 0.9439927 0.8071023 0.924533 0.817344 0.9200863 0.8361389 0.9118354 0.8458445 0.9077863 0.8524037 0.9226977 0.8524037 0.9226977 0.8605739 0.9350488 0.8533979 0.9395039 0.8437624 0.9274889 0.8533979 0.9395039 0.8469675 0.9445351 0.8437624 0.9274889 0.8358001 0.9324318 0.8268694 0.9158814 0.8564433 0.9036769 0.8675534 0.8998469 0.8719356 0.9136149 0.8719356 0.9136149 0.8774794 0.927358 0.8686943 0.9310966 0.8619629 0.9180112 0.8686943 0.9310966 0.8605739 0.9350488 0.8619629 0.9180112 0.8524037 0.9226977 0.8458445 0.9077863 0.9234635 0.9030988 0.934574 0.9064367 0.928097 0.9210525 0.9183881 0.9172967 0.928097 0.9210525 0.9199679 0.9334391 0.9120169 0.9303163 0.9033692 0.9277263 0.9081499 0.9142909 0.9183881 0.9172967 0.9081499 0.9142909 0.9120007 0.900673 0.9447287 0.9104183 0.9539888 0.9148965 0.9444717 0.9307637 0.936743 0.9255915 0.9444717 0.9307637 0.9330359 0.9425598 0.9269668 0.937556 0.9199679 0.9334391 0.928097 0.9210525 0.936743 0.9255915 0.928097 0.9210525 0.934574 0.9064367 0.9515632 0.936845 0.9629171 0.9200391 0.9722921 0.9259107 0.958547 0.9439845 0.9427163 0.9558768 0.9381653 0.9486065 0.9381653 0.9486065 0.9330359 0.9425598 0.9444717 0.9307637 0.9444717 0.9307637 0.9539888 0.9148965 0.9629171 0.9200391 0.8569391 0.9597435 0.8411241 0.9504957 0.8469675 0.9445351 0.8569391 0.9597435 0.8598818 0.9543231 0.8678274 0.9586413 0.8699369 0.962858 0.8710436 0.9681275 0.8545041 0.9666561 0.8545041 0.9666561 0.8354366 0.9576405 0.8411241 0.9504957 0.8640592 0.9501599 0.8533979 0.9395039 0.8605739 0.9350488 0.8640592 0.9501599 0.8691841 0.9469838 0.8734331 0.9538773 0.8640592 0.9501599 0.8719985 0.9575273 0.8678274 0.9586413 0.8598818 0.9543231 0.8469675 0.9445351 0.8533979 0.9395039 0.8753721 0.9449775 0.8686943 0.9310966 0.8774794 0.927358 0.8825533 0.9434161 0.8829897 0.9570754 0.8777273 0.9558042 0.8753721 0.9449775 0.8777273 0.9558042 0.8734331 0.9538773 0.8691841 0.9469838 0.8605739 0.9350488 0.8686943 0.9310966 0.9120169 0.9303163 0.9199679 0.9334391 0.9111993 0.9454081 0.9052928 0.9438586 0.9111993 0.9454081 0.9067759 0.952495 0.902579 0.9545579 0.8977977 0.9558972 0.8985359 0.9429534 0.9052928 0.9438586 0.8985359 0.9429534 0.9033692 0.9277263 0.9269668 0.937556 0.9330359 0.9425598 0.9202681 0.9525143 0.9162397 0.9484083 0.9202681 0.9525143 0.912301 0.9571197 0.9162397 0.9484083 0.9080809 0.9561898 0.9067759 0.952495 0.9162397 0.9484083 0.9111993 0.9454081 0.9199679 0.9334391 0.9228528 0.9577174 0.9381653 0.9486065 0.9427163 0.9558768 0.9246622 0.9640849 0.9091851 0.966084 0.9101719 0.9612749 0.9228528 0.9577174 0.9101719 0.9612749 0.912301 0.9571197 0.9228528 0.9577174 0.9202681 0.9525143 0.9330359 0.9425598 0.8699369 0.962858 0.8678274 0.9586413 0.8719985 0.9575273 0.8719985 0.9575273 0.8734331 0.9538773 0.8777273 0.9558042 0.8758484 0.9611292 0.8777273 0.9558042 0.8829897 0.9570754 0.8758484 0.9611292 0.8790298 0.9642321 0.8710436 0.9681275 0.9080809 0.9561898 0.912301 0.9571197 0.9101719 0.9612749 0.9043251 0.959821 0.9101719 0.9612749 0.9091851 0.966084 0.9043251 0.959821 0.9015045 0.962716 0.8977977 0.9558972 0.902579 0.9545579 0.9067759 0.952495 0.9080809 0.9561898 0.8581427 0.8281589 0.8686891 0.8315822 0.8650025 0.8471099 0.8531071 0.8455968 0.8650025 0.8471099 0.8637231 0.8642899 0.8512929 0.8646569 0.8393091 0.8650906 0.8414035 0.8442044 0.8531071 0.8455968 0.8414035 0.8442044 0.847588 0.8249472 0.2044203 0.5635035 0.2138209 0.552492 0.2147107 0.5725672 0.205657 0.584598 0.1973569 0.5956056 0.1950764 0.5739626 0.2044203 0.5635035 0.1950764 0.5739626 0.191506 0.552744 0.2010889 0.5409471 0.2112389 0.5299235 0.2138209 0.552492 0.3699094 0.5766134 0.3677281 0.5658239 0.3850981 0.5714337 0.3873451 0.5863006 0.3890694 0.6019318 0.3727023 0.5870689 0.3699094 0.5766134 0.3727023 0.5870689 0.3525252 0.5839312 0.3509839 0.5778556 0.3503149 0.569579 0.3677281 0.5658239 0.3307101 0.5855705 0.3503149 0.569579 0.3509839 0.5778556 0.3283204 0.5978649 0.3509839 0.5778556 0.3525252 0.5839312 0.3263706 0.6065445 0.3057261 0.637979 0.3080076 0.622991 0.3283204 0.5978649 0.3080076 0.622991 0.3111844 0.6043186 0.2930242 0.6158548 0.3111844 0.6043186 0.3080076 0.622991 0.2900387 0.6383786 0.3080076 0.622991 0.3057261 0.637979 0.2890089 0.6586026 0.2692174 0.670122 0.2728971 0.6458344 0.2900387 0.6383786 0.2728971 0.6458344 0.2775629 0.621336 0.2596325 0.6221499 0.2775629 0.621336 0.2728971 0.6458344 0.2506572 0.6478825 0.2728971 0.6458344 0.2692174 0.670122 0.241358 0.6732589 0.2150932 0.6614819 0.2272302 0.6385341 0.2506572 0.6478825 0.2272302 0.6385341 0.2395514 0.6143325 0.2112283 0.6123765 0.2231898 0.5941982 0.2395514 0.6143325 0.2272302 0.6385341 0.2150932 0.6614819 0.200423 0.6292775 0.2112283 0.6123765 0.200423 0.6292775 0.1973569 0.5956056 0.205657 0.584598 0.2147107 0.5725672 0.2231898 0.5941982 0.2636131 0.4353334 0.2756954 0.4374787 0.2735947 0.4473314 0.260596 0.4450984 0.2475974 0.4408091 0.2519159 0.4311991 0.05249398 0.8981679 0.0590189 0.909276 0.05210977 0.9109247 0.05249398 0.8981679 0.04564863 0.9049134 0.03983718 0.8982674 0.2859808 0.4477342 0.2976558 0.4473977 0.2926073 0.4639739 0.280928 0.463112 0.2926073 0.4639739 0.2854398 0.4880206 0.2738317 0.4846925 0.2619418 0.4809792 0.2685802 0.461676 0.280928 0.463112 0.2685802 0.461676 0.2735947 0.4473314 0.3091418 0.4472271 0.3208072 0.4480988 0.3161379 0.4670737 0.3041648 0.4651671 0.3161379 0.4670737 0.3095425 0.4942237 0.2971567 0.4911977 0.2854398 0.4880206 0.2926073 0.4639739 0.3041648 0.4651671 0.2926073 0.4639739 0.2976558 0.4473977 0.3285084 0.4699723 0.3325151 0.4507744 0.3436686 0.4550517 0.3405426 0.4736817 0.3358383 0.4989036 0.3226134 0.4968987 0.3226134 0.4968987 0.3095425 0.4942237 0.3161379 0.4670737 0.3161379 0.4670737 0.3208072 0.4480988 0.3325151 0.4507744 0.3515875 0.4780141 0.3540104 0.4603977 0.3640096 0.4661641 0.3619113 0.4825041 0.3593598 0.5029494 0.3482561 0.5008673 0.3515875 0.4780141 0.3482561 0.5008673 0.3358383 0.4989036 0.3405426 0.4736817 0.3436686 0.4550517 0.3540104 0.4603977 0.3723567 0.4868318 0.3747679 0.4714955 0.387166 0.4758353 0.3838618 0.4906617 0.3802207 0.5081982 0.3696522 0.5054517 0.3723567 0.4868318 0.3696522 0.5054517 0.3593598 0.5029494 0.3619113 0.4825041 0.3640096 0.4661641 0.3747679 0.4714955 0.260596 0.4450984 0.2735947 0.4473314 0.2685802 0.461676 0.2557474 0.4590747 0.2685802 0.461676 0.2619418 0.4809792 0.2557474 0.4590747 0.2500938 0.4769129 0.238986 0.472914 0.2557474 0.4590747 0.2432084 0.4553293 0.2475974 0.4408091 0.2386156 0.5696004 0.254526 0.5387855 0.2677483 0.546941 0.2538037 0.5831089 0.2395514 0.6143325 0.2231898 0.5941982 0.2386156 0.5696004 0.2231898 0.5941982 0.2147107 0.5725672 0.2278077 0.5539453 0.2431499 0.5288984 0.254526 0.5387855 0.2817332 0.5517178 0.2952934 0.5533849 0.285918 0.5897653 0.2704805 0.5893856 0.285918 0.5897653 0.2775629 0.621336 0.2704805 0.5893856 0.2596325 0.6221499 0.2395514 0.6143325 0.2538037 0.5831089 0.2677483 0.546941 0.2817332 0.5517178 0.3080185 0.5514345 0.322295 0.5474578 0.3161802 0.5773778 0.2999208 0.5854966 0.3161802 0.5773778 0.3111844 0.6043186 0.2930242 0.6158548 0.2775629 0.621336 0.285918 0.5897653 0.2999208 0.5854966 0.285918 0.5897653 0.2952934 0.5533849 0.3385373 0.5430563 0.3538221 0.540383 0.3515272 0.5566902 0.3340486 0.5659225 0.3515272 0.5566902 0.3503149 0.569579 0.3307101 0.5855705 0.3111844 0.6043186 0.3161802 0.5773778 0.3340486 0.5659225 0.3161802 0.5773778 0.322295 0.5474578 0.3669424 0.5544649 0.3670337 0.5410067 0.3792619 0.5439904 0.3819951 0.5580627 0.3850981 0.5714337 0.3677281 0.5658239 0.3677281 0.5658239 0.3503149 0.569579 0.3515272 0.5566902 0.3669424 0.5544649 0.3515272 0.5566902 0.3538221 0.540383 0.2240113 0.5371209 0.2350502 0.517958 0.2431499 0.5288984 0.2278077 0.5539453 0.2147107 0.5725672 0.2138209 0.552492 0.2240113 0.5371209 0.2138209 0.552492 0.2112389 0.5299235 0.2200756 0.5194177 0.2278364 0.5072194 0.2350502 0.517958 0.2437836 0.4972905 0.2500938 0.4769129 0.2619418 0.4809792 0.2542117 0.5038147 0.2431499 0.5288984 0.2350502 0.517958 0.2437836 0.4972905 0.2350502 0.517958 0.2278364 0.5072194 0.2343685 0.4910709 0.238986 0.472914 0.2500938 0.4769129 0.3677181 0.5240782 0.3696522 0.5054517 0.3802207 0.5081982 0.3784577 0.5266984 0.3792619 0.5439904 0.3670337 0.5410067 0.3677181 0.5240782 0.3670337 0.5410067 0.3538221 0.540383 0.3564779 0.5223969 0.3593598 0.5029494 0.3696522 0.5054517 0.3482561 0.5008673 0.3593598 0.5029494 0.3564779 0.5223969 0.3437083 0.5220173 0.3564779 0.5223969 0.3538221 0.540383 0.3385373 0.5430563 0.322295 0.5474578 0.3294704 0.5223739 0.3437083 0.5220173 0.3294704 0.5223739 0.3358383 0.4989036 0.3226134 0.4968987 0.3358383 0.4989036 0.3294704 0.5223739 0.3157461 0.5227723 0.3294704 0.5223739 0.322295 0.5474578 0.3080185 0.5514345 0.2952934 0.5533849 0.3028041 0.5220532 0.3157461 0.5227723 0.3028041 0.5220532 0.3095425 0.4942237 0.2971567 0.4911977 0.3095425 0.4942237 0.3028041 0.5220532 0.2900699 0.5192288 0.3028041 0.5220532 0.2952934 0.5533849 0.2900699 0.5192288 0.2817332 0.5517178 0.2677483 0.546941 0.2776915 0.5151669 0.2854398 0.4880206 0.2971567 0.4911977 0.2657988 0.5099197 0.2738317 0.4846925 0.2854398 0.4880206 0.2776915 0.5151669 0.2677483 0.546941 0.254526 0.5387855 0.2657988 0.5099197 0.254526 0.5387855 0.2431499 0.5288984 0.2542117 0.5038147 0.2619418 0.4809792 0.2738317 0.4846925 0.03171652 0.9006617 0.03983718 0.8982674 0.04564863 0.9049134 0.04564863 0.9049134 0.05210977 0.9109247 0.04956084 0.9190688 0.04956084 0.9190688 0.04791361 0.9274609 0.03956258 0.9289427 0.03956258 0.9289427 0.03144192 0.9313372 0.02563053 0.9246912 0.02563053 0.9246912 0.01916927 0.9186798 0.02171832 0.9105357 0.02171832 0.9105357 0.02336549 0.9021437 0.03171652 0.9006617 0.366845 0.4563369 0.3640096 0.4661641 0.3540104 0.4603977 0.3566343 0.4505818 0.3540104 0.4603977 0.3436686 0.4550517 0.04216945 0.9385295 0.02965706 0.9382612 0.03144192 0.9313372 0.04216945 0.9385295 0.03956258 0.9289427 0.04791361 0.9274609 0.2876357 0.4378005 0.2993743 0.4374865 0.2976558 0.4473977 0.2859808 0.4477342 0.2735947 0.4473314 0.2756954 0.4374787 0.02910977 0.8910751 0.04162216 0.8913434 0.03983718 0.8982674 0.02910977 0.8910751 0.03171652 0.9006617 0.02336549 0.9021437 0.3460227 0.4453206 0.3436686 0.4550517 0.3325151 0.4507744 0.3325151 0.4507744 0.3208072 0.4480988 0.3231633 0.4384242 0.01878511 0.9314367 0.01226013 0.9203287 0.01916927 0.9186798 0.01878511 0.9314367 0.02563053 0.9246912 0.03144192 0.9313372 0.3890694 0.4654195 0.387166 0.4758353 0.3747679 0.4714955 0.3775082 0.4614911 0.3747679 0.4714955 0.3640096 0.4661641 0.05901902 0.9219012 0.0530309 0.9327318 0.04791361 0.9274609 0.05901902 0.9219012 0.04956084 0.9190688 0.05210977 0.9109247 0.3111887 0.4373251 0.3231633 0.4384242 0.3208072 0.4480988 0.3091418 0.4472271 0.2976558 0.4473977 0.2993743 0.4374865 0.01226013 0.9077034 0.01824826 0.8968728 0.02336549 0.9021437 0.01226013 0.9077034 0.02171832 0.9105357 0.01916927 0.9186798 0.1311086 0.6784067 0.1200277 0.6915512 0.1048006 0.6777979 0.1114479 0.6587725 0.1249555 0.6408491 0.1471229 0.6645537 0.1471229 0.6645537 0.1683885 0.6912072 0.1479919 0.7012503 0.1311086 0.6784067 0.1479919 0.7012503 0.1325293 0.7059321 0.1249464 0.7246593 0.1325293 0.7059321 0.1487699 0.7117343 0.1387831 0.7419463 0.1487699 0.7117343 0.1689656 0.7258915 0.154776 0.7603769 0.1392759 0.7925351 0.1235516 0.7690483 0.1387831 0.7419463 0.1235516 0.7690483 0.1140246 0.7470714 0.09732764 0.7455007 0.1140246 0.7470714 0.114574 0.7697839 0.08838188 0.7738854 0.114574 0.7697839 0.1105396 0.7967316 0.08838188 0.7738854 0.0828455 0.7972096 0.05611985 0.7891361 0.08838188 0.7738854 0.06370347 0.7678893 0.0743367 0.7408002 0.0426898 0.7521114 0.05428999 0.7290018 0.0743367 0.7408002 0.06370347 0.7678893 0.05611985 0.7891361 0.03232026 0.7683815 0.0426898 0.7521114 0.03232026 0.7683815 0.01486796 0.7407841 0.0286746 0.7331391 0.03988713 0.7158542 0.05428999 0.7290018 0.6327823 0.796294 0.6208083 0.7998778 0.6185445 0.7895246 0.6317586 0.7857379 0.6456396 0.7840393 0.6453012 0.7947915 0.05194658 0.8380332 0.05847162 0.8491412 0.05156254 0.8507899 0.05194658 0.8380332 0.0451014 0.8447787 0.03929001 0.8381326 0.3866499 0.7503416 0.3749796 0.7551025 0.3749929 0.7361645 0.385575 0.7316131 0.3749929 0.7361645 0.3740426 0.7134323 0.6084741 0.7554813 0.618819 0.7539942 0.6183219 0.772966 0.6066009 0.7764657 0.6183219 0.772966 0.6185445 0.7895246 0.3637193 0.7587844 0.3520305 0.7607516 0.3521727 0.7412642 0.3638437 0.7394685 0.3521727 0.7412642 0.3524801 0.7179082 0.3636417 0.7160384 0.3740426 0.7134323 0.3749929 0.7361645 0.3638437 0.7394685 0.3749929 0.7361645 0.3749796 0.7551025 0.3399162 0.7409673 0.3398889 0.7599022 0.328015 0.7568776 0.3279079 0.7388249 0.328136 0.7175 0.3402316 0.7183383 0.3402316 0.7183383 0.3524801 0.7179082 0.3521727 0.7412642 0.3521727 0.7412642 0.3520305 0.7607516 0.3398889 0.7599022 0.316827 0.7349888 0.3169564 0.7521052 0.3060104 0.7466853 0.3062269 0.7303315 0.3076316 0.7114598 0.317429 0.7149375 0.316827 0.7349888 0.317429 0.7149375 0.328136 0.7175 0.3279079 0.7388249 0.328015 0.7568776 0.3169564 0.7521052 0.6584845 0.7694628 0.6591131 0.7856345 0.6456396 0.7840393 0.6459807 0.7686744 0.6456106 0.7516275 0.6561965 0.7515645 0.2952027 0.7256959 0.2982017 0.707641 0.3076316 0.7114598 0.3062269 0.7303315 0.3060104 0.7466853 0.2936382 0.742156 0.6317586 0.7857379 0.6185445 0.7895246 0.6183219 0.772966 0.6320168 0.7701547 0.6183219 0.772966 0.618819 0.7539942 0.6322851 0.752569 0.6456106 0.7516275 0.6459807 0.7686744 0.6320168 0.7701547 0.6459807 0.7686744 0.6456396 0.7840393 0.1114479 0.6587725 0.1048006 0.6777979 0.08385157 0.6713649 0.08370292 0.6526561 0.08385157 0.6713649 0.06493014 0.6710152 0.6322851 0.752569 0.618819 0.7539942 0.618377 0.7373784 0.618377 0.7373784 0.6173702 0.7221881 0.6296221 0.7213528 0.631415 0.7365677 0.6296221 0.7213528 0.6413972 0.7205579 0.6440385 0.7360188 0.6456106 0.7516275 0.6322851 0.752569 0.3413021 0.703243 0.3402316 0.7183383 0.328136 0.7175 0.3291786 0.7027785 0.3292002 0.691231 0.3423911 0.6951377 0.3423911 0.6951377 0.3559139 0.6901859 0.3537653 0.7020509 0.3413021 0.703243 0.3537653 0.7020509 0.3524801 0.7179082 0.03116923 0.8405271 0.03929001 0.8381326 0.0451014 0.8447787 0.0451014 0.8447787 0.05156254 0.8507899 0.04901349 0.8589342 0.04901349 0.8589342 0.04736638 0.8673263 0.03901529 0.8688082 0.03901529 0.8688082 0.03089457 0.8712026 0.02508306 0.8645566 0.02508306 0.8645566 0.01862198 0.8585452 0.02117085 0.8504012 0.02117085 0.8504012 0.02281802 0.8420091 0.03116923 0.8405271 0.3042947 0.757256 0.3060104 0.7466853 0.3169564 0.7521052 0.3155336 0.7623779 0.3169564 0.7521052 0.328015 0.7568776 0.04162216 0.8783946 0.02910983 0.8781264 0.03089457 0.8712026 0.04162216 0.8783946 0.03901529 0.8688082 0.04736638 0.8673263 0.387355 0.7615906 0.3757863 0.7656279 0.3749796 0.7551025 0.6066009 0.795177 0.6185445 0.7895246 0.6208083 0.7998778 0.02856236 0.8309404 0.04107463 0.8312088 0.03929001 0.8381326 0.02856236 0.8309404 0.03116923 0.8405271 0.02281802 0.8420091 0.3271738 0.7669891 0.328015 0.7568776 0.3398889 0.7599022 0.3395158 0.7699211 0.3398889 0.7599022 0.3520305 0.7607516 0.01823776 0.871302 0.01171284 0.860194 0.01862198 0.8585452 0.01823776 0.871302 0.02508306 0.8645566 0.03089457 0.8712026 0.6453012 0.7947915 0.6456396 0.7840393 0.6591131 0.7856345 0.2924122 0.7534106 0.2936382 0.742156 0.3060104 0.7466853 0.05847162 0.8617665 0.05248349 0.872597 0.04736638 0.8673263 0.05847162 0.8617665 0.04901349 0.8589342 0.05156254 0.8507899 0.3640632 0.7690069 0.3519308 0.7704845 0.3520305 0.7607516 0.3637193 0.7587844 0.3749796 0.7551025 0.3757863 0.7656279 0.01171278 0.8475688 0.01770085 0.8367381 0.02281802 0.8420091 0.01171278 0.8475688 0.02117085 0.8504012 0.01862198 0.8585452 0.6272565 0.7063053 0.6165018 0.7075408 0.6182128 0.698633 0.6272565 0.7063053 0.6254539 0.6949704 0.6332983 0.6958579 0.6374412 0.7046325 0.6413972 0.7205579 0.6296221 0.7213528 0.6272565 0.7063053 0.6296221 0.7213528 0.6173702 0.7221881 0.09732764 0.7455007 0.0743367 0.7408002 0.09066772 0.7058548 0.09066772 0.7058548 0.1048006 0.6777979 0.1200277 0.6915512 0.1103919 0.7147902 0.1200277 0.6915512 0.1325293 0.7059321 0.1103919 0.7147902 0.1249464 0.7246593 0.1140246 0.7470714 0.07065087 0.6969111 0.05428999 0.7290018 0.03988713 0.7158542 0.07065087 0.6969111 0.05402034 0.6902744 0.06493014 0.6710152 0.08385157 0.6713649 0.1048006 0.6777979 0.09066772 0.7058548 0.09066772 0.7058548 0.0743367 0.7408002 0.05428999 0.7290018 0.01397687 0.71954 0.01308363 0.7074589 0.02323454 0.7092553 0.02323454 0.7092553 0.03416031 0.7027494 0.03465586 0.7073991 0.02442616 0.7189312 0.03465586 0.7073991 0.03988713 0.7158542 0.0286746 0.7331391 0.01486796 0.7407841 0.01397687 0.71954 0.05579632 0.6742233 0.05205357 0.6787013 0.05078625 0.6662181 0.05205988 0.6613538 0.05078625 0.6662181 0.04221636 0.6572841 0.03825861 0.6521958 0.0385155 0.6408491 0.06005978 0.6554842 0.05205988 0.6613538 0.06005978 0.6554842 0.06493014 0.6710152 0.04608845 0.6890873 0.03465586 0.7073991 0.03416031 0.7027494 0.04608845 0.6890873 0.04362505 0.6900476 0.05205357 0.6787013 0.05579632 0.6742233 0.06493014 0.6710152 0.05402034 0.6902744 0.05402034 0.6902744 0.03988713 0.7158542 0.03465586 0.7073991 0.3654637 0.6454635 0.3702093 0.640531 0.3731812 0.6520981 0.3684078 0.6565127 0.3640938 0.6612277 0.3614515 0.6504602 0.3355249 0.6517975 0.3279322 0.6582642 0.3243733 0.6532084 0.3319647 0.6464607 0.3243733 0.6532084 0.3205692 0.648391 0.6254539 0.6949704 0.6182128 0.698633 0.614242 0.6950967 0.377752 0.6502411 0.3731812 0.6520981 0.3702093 0.640531 0.3277338 0.6411355 0.3205692 0.648391 0.3166322 0.6450297 0.6247076 0.6888081 0.6357369 0.6905587 0.6332983 0.6958579 0.3808299 0.6786972 0.3735191 0.6816529 0.3735796 0.6656737 0.3793945 0.6632288 0.3735796 0.6656737 0.3731812 0.6520981 0.6097077 0.7077328 0.614242 0.6950967 0.6182128 0.698633 0.6097077 0.7077328 0.6165018 0.7075408 0.6173702 0.7221881 0.643817 0.7023981 0.6495304 0.7194438 0.6413972 0.7205579 0.643817 0.7023981 0.6374412 0.7046325 0.6332983 0.6958579 0.3115675 0.6579746 0.3166322 0.6450297 0.3205692 0.648391 0.3176705 0.6614247 0.3148763 0.6794151 0.3070824 0.6756664 0.02278393 0.7056744 0.02323454 0.7092553 0.01308363 0.7074589 0.3369787 0.6542456 0.3295754 0.6606171 0.3279322 0.6582642 0.3594045 0.6523765 0.3614515 0.6504602 0.3640938 0.6612277 0.02278393 0.7056744 0.0331459 0.7006303 0.03416031 0.7027494 0.0417518 0.6899686 0.04362505 0.6900476 0.03416031 0.7027494 0.3616385 0.6629794 0.3640938 0.6612277 0.3614898 0.6743885 0.3584314 0.6757551 0.3614898 0.6743885 0.3559139 0.6901859 0.04970067 0.6799782 0.05205357 0.6787013 0.04362505 0.6900476 0.04970616 0.6682609 0.05078625 0.6662181 0.05205357 0.6787013 0.35328 0.6875516 0.3559139 0.6901859 0.3423911 0.6951377 0.3423911 0.6951377 0.3292002 0.691231 0.3314793 0.688397 0.04255175 0.6597668 0.04221636 0.6572841 0.05078625 0.6662181 0.3653235 0.6857248 0.3559139 0.6901859 0.3614898 0.6743885 0.367152 0.6701461 0.3614898 0.6743885 0.3640938 0.6612277 0.3684078 0.6565127 0.3731812 0.6520981 0.3735796 0.6656737 0.367152 0.6701461 0.3735796 0.6656737 0.3735191 0.6816529 0.3641772 0.699415 0.3736221 0.6963039 0.3740426 0.7134323 0.3636417 0.7160384 0.3524801 0.7179082 0.3537653 0.7020509 0.3641772 0.699415 0.3537653 0.7020509 0.3559139 0.6901859 0.3653235 0.6857248 0.3735191 0.6816529 0.3736221 0.6963039 0.6090469 0.7386012 0.618377 0.7373784 0.618819 0.7539942 0.3834713 0.7105572 0.3740426 0.7134323 0.3736221 0.6963039 0.3820129 0.6937081 0.3736221 0.6963039 0.3735191 0.6816529 0.6090369 0.7234612 0.6173702 0.7221881 0.618377 0.7373784 0.3176705 0.6614247 0.3205692 0.648391 0.3243733 0.6532084 0.3230317 0.667042 0.3243733 0.6532084 0.3279322 0.6582642 0.3230317 0.667042 0.322089 0.6848499 0.3148763 0.6794151 0.3291786 0.7027785 0.328136 0.7175 0.317429 0.7149375 0.3196867 0.6994479 0.317429 0.7149375 0.3076316 0.7114598 0.311015 0.6953303 0.3148763 0.6794151 0.322089 0.6848499 0.6440385 0.7360188 0.6413972 0.7205579 0.6495304 0.7194438 0.3024396 0.6916581 0.3070824 0.6756664 0.3148763 0.6794151 0.311015 0.6953303 0.3076316 0.7114598 0.2982017 0.707641 0.6533604 0.7354393 0.6561965 0.7515645 0.6456106 0.7516275 0.1670114 0.7682285 0.1506894 0.802204 0.1392759 0.7925351 0.154776 0.7603769 0.1689656 0.7258915 0.1825215 0.731767 0.07876652 0.8102431 0.05094581 0.8012292 0.05611985 0.7891361 0.0828455 0.7972096 0.1105396 0.7967316 0.1078028 0.8112697 0.5902829 0.5635033 0.5890462 0.5845979 0.5799927 0.5725671 0.5808823 0.5524921 0.5834643 0.5299234 0.5936145 0.540947 0.5902829 0.5635033 0.5936145 0.540947 0.6031972 0.552744 0.5996269 0.5739624 0.5973463 0.5956055 0.5890462 0.5845979 0.4247938 0.5766131 0.4073581 0.5863003 0.409605 0.5714336 0.426975 0.5658237 0.4443883 0.5695787 0.4437193 0.5778554 0.4247938 0.5766131 0.4437193 0.5778554 0.442178 0.583931 0.4220008 0.5870686 0.4056338 0.6019315 0.4073581 0.5863003 0.4437193 0.5778554 0.4443883 0.5695787 0.463993 0.5855703 0.4663827 0.5978646 0.463993 0.5855703 0.483519 0.6043185 0.4866954 0.6229907 0.4889771 0.6379789 0.4683325 0.6065443 0.4663827 0.5978646 0.4683325 0.6065443 0.442178 0.583931 0.4866954 0.6229907 0.483519 0.6043185 0.5016791 0.6158546 0.5046645 0.6383785 0.5016791 0.6158546 0.5171404 0.6213359 0.5218061 0.6458344 0.5254858 0.6701218 0.5056943 0.6586026 0.5046645 0.6383785 0.5056943 0.6586026 0.4889771 0.6379789 0.5218061 0.6458344 0.5171404 0.6213359 0.5350707 0.6221498 0.5440459 0.6478822 0.5350707 0.6221498 0.5551518 0.6143324 0.5674729 0.6385341 0.57961 0.6614819 0.5533452 0.673259 0.5440459 0.6478822 0.5533452 0.673259 0.5254858 0.6701218 0.5834748 0.6123763 0.5674729 0.6385341 0.5551518 0.6143324 0.5715134 0.5941982 0.5799927 0.5725671 0.5890462 0.5845979 0.5834748 0.6123763 0.5890462 0.5845979 0.5973463 0.5956055 0.5942801 0.6292773 0.57961 0.6614819 0.5674729 0.6385341 0.5310903 0.4353332 0.5341072 0.4450982 0.5211086 0.4473313 0.08099472 0.8981679 0.09186679 0.8913435 0.09365135 0.8982673 0.08099472 0.8981679 0.08784008 0.9049134 0.08137887 0.9109247 0.5427874 0.4311988 0.5471058 0.4408091 0.5341072 0.4450982 0.5020961 0.4639737 0.4970474 0.4473976 0.5087224 0.4477341 0.5137752 0.4631119 0.5087224 0.4477341 0.5211086 0.4473313 0.5261232 0.4616759 0.5327613 0.4809791 0.5208715 0.4846924 0.5137752 0.4631119 0.5208715 0.4846924 0.5092634 0.4880206 0.4785655 0.4670737 0.473896 0.4480986 0.4855615 0.447227 0.4905385 0.465167 0.4855615 0.447227 0.4970474 0.4473976 0.5020961 0.4639737 0.5092634 0.4880206 0.4975466 0.4911976 0.4905385 0.465167 0.4975466 0.4911976 0.4851607 0.4942234 0.4661948 0.4699722 0.4541606 0.4736815 0.4510346 0.4550514 0.4621881 0.4507742 0.473896 0.4480986 0.4785655 0.4670737 0.4785655 0.4670737 0.4851607 0.4942234 0.4720899 0.4968987 0.4720899 0.4968987 0.458865 0.4989033 0.4541606 0.4736815 0.4431157 0.4780139 0.4327919 0.482504 0.4306936 0.466164 0.4406929 0.4603975 0.4510346 0.4550514 0.4541606 0.4736815 0.4431157 0.4780139 0.4541606 0.4736815 0.458865 0.4989033 0.4464471 0.5008671 0.4353435 0.5029491 0.4327919 0.482504 0.4223466 0.4868316 0.4108415 0.4906615 0.4075372 0.475835 0.4199354 0.4714952 0.4306936 0.466164 0.4327919 0.482504 0.4223466 0.4868316 0.4327919 0.482504 0.4353435 0.5029491 0.425051 0.5054514 0.4144826 0.5081981 0.4108415 0.4906615 0.5261232 0.4616759 0.5211086 0.4473313 0.5341072 0.4450982 0.5389558 0.4590744 0.5341072 0.4450982 0.5471058 0.4408091 0.5389558 0.4590744 0.551495 0.4553292 0.5557172 0.472914 0.5389558 0.4590744 0.5446094 0.4769127 0.5327613 0.4809791 0.5560875 0.5696004 0.5408994 0.5831087 0.5269549 0.5469408 0.5401772 0.5387852 0.5515533 0.5288983 0.5668956 0.553945 0.5560875 0.5696004 0.5668956 0.553945 0.5799927 0.5725671 0.5715134 0.5941982 0.5551518 0.6143324 0.5408994 0.5831087 0.5087851 0.5897651 0.4994099 0.5533847 0.51297 0.5517176 0.51297 0.5517176 0.5269549 0.5469408 0.5408994 0.5831087 0.5242227 0.5893856 0.5408994 0.5831087 0.5551518 0.6143324 0.5242227 0.5893856 0.5350707 0.6221498 0.5171404 0.6213359 0.4785229 0.5773777 0.4724082 0.5474576 0.4866847 0.5514344 0.4947825 0.5854963 0.4866847 0.5514344 0.4994099 0.5533847 0.5087851 0.5897651 0.5171404 0.6213359 0.5016791 0.6158546 0.4947825 0.5854963 0.5016791 0.6158546 0.483519 0.6043185 0.443176 0.55669 0.4408811 0.5403829 0.4561659 0.543056 0.4606545 0.5659223 0.4561659 0.543056 0.4724082 0.5474576 0.4785229 0.5773777 0.483519 0.6043185 0.463993 0.5855703 0.4606545 0.5659223 0.463993 0.5855703 0.4443883 0.5695787 0.4277608 0.5544647 0.4127082 0.5580626 0.4154414 0.5439901 0.4277608 0.5544647 0.4276695 0.5410066 0.4408811 0.5403829 0.443176 0.55669 0.4443883 0.5695787 0.426975 0.5658237 0.426975 0.5658237 0.409605 0.5714336 0.4127082 0.5580626 0.5706921 0.5371209 0.5668956 0.553945 0.5515533 0.5288983 0.5596531 0.5179578 0.5668669 0.5072193 0.5746275 0.5194174 0.5706921 0.5371209 0.5746275 0.5194174 0.5834643 0.5299234 0.5808823 0.5524921 0.5799927 0.5725671 0.5668956 0.553945 0.5509197 0.4972903 0.5404915 0.5038143 0.5327613 0.4809791 0.5446094 0.4769127 0.5557172 0.472914 0.5603348 0.4910707 0.5509197 0.4972903 0.5603348 0.4910707 0.5668669 0.5072193 0.5596531 0.5179578 0.5515533 0.5288983 0.5404915 0.5038143 0.4269852 0.524078 0.4162455 0.5266982 0.4144826 0.5081981 0.425051 0.5054514 0.4353435 0.5029491 0.4382255 0.5223969 0.4269852 0.524078 0.4382255 0.5223969 0.4408811 0.5403829 0.4276695 0.5410066 0.4154414 0.5439901 0.4162455 0.5266982 0.4382255 0.5223969 0.4353435 0.5029491 0.4464471 0.5008671 0.4509949 0.5220169 0.4464471 0.5008671 0.458865 0.4989033 0.4652327 0.5223737 0.4724082 0.5474576 0.4561659 0.543056 0.4509949 0.5220169 0.4561659 0.543056 0.4408811 0.5403829 0.4652327 0.5223737 0.458865 0.4989033 0.4720899 0.4968987 0.4789571 0.5227719 0.4720899 0.4968987 0.4851607 0.4942234 0.491899 0.5220529 0.4994099 0.5533847 0.4866847 0.5514344 0.4789571 0.5227719 0.4866847 0.5514344 0.4724082 0.5474576 0.491899 0.5220529 0.4851607 0.4942234 0.4975466 0.4911976 0.4975466 0.4911976 0.5092634 0.4880206 0.5170118 0.5151667 0.5046332 0.5192286 0.5170118 0.5151667 0.5269549 0.5469408 0.5046332 0.5192286 0.51297 0.5517176 0.4994099 0.5533847 0.5289044 0.5099194 0.5170118 0.5151667 0.5092634 0.4880206 0.5208715 0.4846924 0.5327613 0.4809791 0.5404915 0.5038143 0.5289044 0.5099194 0.5404915 0.5038143 0.5515533 0.5288983 0.5401772 0.5387852 0.5269549 0.5469408 0.5170118 0.5151667 0.08784008 0.9049134 0.09365135 0.8982673 0.1017721 0.9006618 0.1017721 0.9006618 0.1101233 0.9021438 0.1117705 0.9105361 0.1117705 0.9105361 0.1143193 0.91868 0.1078583 0.9246914 0.1078583 0.9246914 0.1020467 0.9313375 0.09392607 0.9289429 0.09392607 0.9289429 0.08557492 0.9274608 0.08392786 0.9190688 0.08392786 0.9190688 0.08137887 0.9109247 0.08784008 0.9049134 0.4406929 0.4603975 0.4306936 0.466164 0.4278581 0.4563366 0.0913192 0.9385295 0.0804578 0.9327318 0.08557492 0.9274608 0.0913192 0.9385295 0.09392607 0.9289429 0.1020467 0.9313375 0.4380689 0.4505817 0.4486806 0.4453204 0.4510346 0.4550514 0.5070676 0.4378002 0.5087224 0.4477341 0.4970474 0.4473976 0.1043789 0.8910751 0.1152404 0.8968729 0.1101233 0.9021438 0.1043789 0.8910751 0.1017721 0.9006618 0.09365135 0.8982673 0.5190079 0.4374786 0.5211086 0.4473313 0.5087224 0.4477341 0.4621881 0.4507742 0.4510346 0.4550514 0.4486806 0.4453204 0.1147035 0.9314369 0.1038315 0.9382613 0.1020467 0.9313375 0.1147035 0.9314369 0.1078583 0.9246914 0.1143193 0.91868 0.4715399 0.438424 0.473896 0.4480986 0.4621881 0.4507742 0.4199354 0.4714952 0.4075372 0.475835 0.4056338 0.4654194 0.07446968 0.9219012 0.07446968 0.909276 0.08137887 0.9109247 0.07446968 0.9219012 0.08392786 0.9190688 0.08557492 0.9274608 0.4171951 0.4614908 0.4278581 0.4563366 0.4306936 0.466164 0.4835146 0.437325 0.4855615 0.447227 0.473896 0.4480986 0.1212285 0.9077035 0.1212285 0.9203289 0.1143193 0.91868 0.1212285 0.9077035 0.1117705 0.9105361 0.1101233 0.9021438 0.495329 0.4374864 0.4970474 0.4473976 0.4855615 0.447227 0.1311137 0.586208 0.1114506 0.6058309 0.1048091 0.5868068 0.1311137 0.586208 0.1200412 0.5730597 0.1325482 0.5586921 0.1480032 0.5633798 0.1683883 0.5734288 0.1471179 0.600064 0.1471179 0.600064 0.1249481 0.6237542 0.1114506 0.6058309 0.1487997 0.5529635 0.1325482 0.5586921 0.1250175 0.5399175 0.1390405 0.5224438 0.1250175 0.5399175 0.1140287 0.5174915 0.1232373 0.4953718 0.1376693 0.4711843 0.1556771 0.503268 0.1390405 0.5224438 0.1556771 0.503268 0.169145 0.5390903 0.1145634 0.4947754 0.1140287 0.5174915 0.097328 0.5190744 0.08836549 0.4906882 0.097328 0.5190744 0.07433348 0.5237867 0.08836549 0.4906882 0.06368678 0.496697 0.0560925 0.4754518 0.08836549 0.4906882 0.08281648 0.467364 0.1105136 0.4678273 0.04267734 0.5124853 0.06368678 0.496697 0.07433348 0.5237867 0.05428701 0.535594 0.03988605 0.5487472 0.0286675 0.5314637 0.04267734 0.5124853 0.0286675 0.5314637 0.0148577 0.5238229 0.03230082 0.4962182 0.0560925 0.4754518 0.06368678 0.496697 0.5662371 0.7974854 0.5672606 0.7869291 0.5804749 0.7907161 0.115251 0.8713021 0.104379 0.8781265 0.1025944 0.8712028 0.115251 0.8713021 0.1084058 0.8645566 0.1148669 0.8585453 0.553718 0.7959831 0.5533796 0.7852311 0.5672606 0.7869291 0.4147491 0.7329037 0.4141014 0.7518305 0.4026042 0.7466653 0.5924184 0.7776573 0.5924184 0.7963684 0.5804749 0.7907161 0.5806972 0.7741575 0.5802001 0.7551856 0.5905449 0.7566727 0.4043321 0.7279857 0.4071695 0.7070159 0.416492 0.7102184 0.4373775 0.7387967 0.4368391 0.7582771 0.425226 0.7559031 0.4257756 0.7365947 0.425226 0.7559031 0.4141014 0.7518305 0.4147491 0.7329037 0.416492 0.7102184 0.4267954 0.7131859 0.4257756 0.7365947 0.4267954 0.7131859 0.4378851 0.715444 0.4496365 0.7389279 0.4617124 0.7372057 0.4609753 0.7552437 0.4490031 0.7578521 0.4368391 0.7582771 0.4373775 0.7387967 0.4373775 0.7387967 0.4378851 0.715444 0.4501115 0.7163013 0.4501115 0.7163013 0.4622287 0.7158859 0.4617124 0.7372057 0.4729204 0.7337588 0.4836766 0.7294743 0.4833221 0.7458256 0.4721938 0.75086 0.4609753 0.7552437 0.4617124 0.7372057 0.4729204 0.7337588 0.4617124 0.7372057 0.4622287 0.7158859 0.4730185 0.7136988 0.4829314 0.710565 0.4836766 0.7294743 0.5405345 0.7706547 0.5530386 0.7698662 0.5533796 0.7852311 0.495845 0.7417309 0.4833221 0.7458256 0.4836766 0.7294743 0.4948559 0.7252261 0.4836766 0.7294743 0.4829314 0.710565 0.5428224 0.7527564 0.5534086 0.752819 0.5530386 0.7698662 0.5806972 0.7741575 0.5804749 0.7907161 0.5672606 0.7869291 0.5670023 0.7713463 0.5672606 0.7869291 0.5533796 0.7852311 0.5530386 0.7698662 0.5534086 0.752819 0.566734 0.7537606 0.5670023 0.7713463 0.566734 0.7537606 0.5802001 0.7551856 0.08370959 0.6119435 0.06006884 0.609117 0.06493765 0.593586 0.08385914 0.5932362 0.1048091 0.5868068 0.1114506 0.6058309 0.580642 0.73857 0.5802001 0.7551856 0.566734 0.7537606 0.566734 0.7537606 0.5534086 0.752819 0.5549805 0.7372103 0.5676042 0.7377592 0.5549805 0.7372103 0.5576218 0.7217496 0.5693969 0.7225442 0.5816488 0.7233794 0.580642 0.73857 0.4495681 0.7011778 0.4617004 0.7011371 0.4622287 0.7158859 0.4495681 0.7011778 0.4501115 0.7163013 0.4378851 0.715444 0.4371543 0.6995517 0.4354211 0.6876189 0.4487627 0.6930396 0.4487627 0.6930396 0.462082 0.6895956 0.4617004 0.7011371 0.1084058 0.8645566 0.1025944 0.8712028 0.09447365 0.8688083 0.09447365 0.8688083 0.08612245 0.8673263 0.08447527 0.8589341 0.08447527 0.8589341 0.08192634 0.8507902 0.08838748 0.8447787 0.08838748 0.8447787 0.094199 0.8381326 0.1023197 0.8405272 0.1023197 0.8405272 0.1106707 0.8420091 0.1123179 0.8504012 0.1123179 0.8504012 0.1148669 0.8585453 0.1084058 0.8645566 0.4721938 0.75086 0.4833221 0.7458256 0.484668 0.7564498 0.1049265 0.8309404 0.1157879 0.8367382 0.1106707 0.8420091 0.1049265 0.8309404 0.1023197 0.8405272 0.094199 0.8381326 0.4732573 0.7611763 0.461463 0.7653784 0.4609753 0.7552437 0.4015072 0.7578825 0.4026042 0.7466653 0.4141014 0.7518305 0.09186679 0.8783949 0.08100527 0.8725971 0.08612245 0.8673263 0.09186679 0.8783949 0.09447365 0.8688083 0.1025944 0.8712028 0.5782113 0.8010693 0.5804749 0.7907161 0.5924184 0.7963684 0.4490031 0.7578521 0.4609753 0.7552437 0.461463 0.7653784 0.08154231 0.8380332 0.09241414 0.8312088 0.094199 0.8381326 0.08154231 0.8380332 0.08838748 0.8447787 0.08192634 0.8507902 0.4490264 0.7678779 0.4365991 0.7680075 0.4368391 0.7582771 0.5399062 0.7868261 0.5533796 0.7852311 0.553718 0.7959831 0.121776 0.8475688 0.121776 0.860194 0.1148669 0.8585453 0.121776 0.8475688 0.1123179 0.8504012 0.1106707 0.8420091 0.4966773 0.7530214 0.484668 0.7564498 0.4833221 0.7458256 0.4245259 0.7661074 0.425226 0.7559031 0.4368391 0.7582771 0.07501715 0.8617666 0.07501727 0.8491412 0.08192634 0.8507902 0.07501715 0.8617666 0.08447527 0.8589341 0.08612245 0.8673263 0.4129279 0.7623213 0.4141014 0.7518305 0.425226 0.7559031 0.5717624 0.7074965 0.573565 0.6961618 0.5808061 0.6998243 0.5717624 0.7074965 0.5825172 0.7087321 0.5816488 0.7233794 0.5693969 0.7225442 0.5576218 0.7217496 0.5615779 0.7058241 0.5717624 0.7074965 0.5615779 0.7058241 0.5657207 0.6970496 0.09068161 0.5587401 0.07433348 0.5237867 0.097328 0.5190744 0.1104212 0.5498029 0.097328 0.5190744 0.1140287 0.5174915 0.1104212 0.5498029 0.1250175 0.5399175 0.1325482 0.5586921 0.1200412 0.5730597 0.1048091 0.5868068 0.09068161 0.5587401 0.0706579 0.5676875 0.05402553 0.5743271 0.03988605 0.5487472 0.05428701 0.535594 0.07433348 0.5237867 0.09068161 0.5587401 0.09068161 0.5587401 0.1048091 0.5868068 0.08385914 0.5932362 0.0706579 0.5676875 0.08385914 0.5932362 0.06493765 0.593586 0.02323347 0.5553504 0.0130825 0.5571497 0.01397275 0.5450679 0.01397275 0.5450679 0.0148577 0.5238229 0.0286675 0.5314637 0.02442282 0.5456739 0.0286675 0.5314637 0.03988605 0.5487472 0.0346561 0.5572043 0.0341615 0.5618547 0.02323347 0.5553504 0.05079442 0.5983847 0.05205994 0.5859013 0.05580335 0.5903787 0.05206841 0.6032486 0.05580335 0.5903787 0.06493765 0.593586 0.06006884 0.609117 0.03852719 0.6237542 0.03826904 0.6124081 0.05206841 0.6032486 0.03826904 0.6124081 0.04222583 0.6073194 0.04609286 0.5755154 0.04362922 0.5745556 0.0341615 0.5618547 0.0346561 0.5572043 0.03988605 0.5487472 0.05402553 0.5743271 0.05402553 0.5743271 0.06493765 0.593586 0.05580335 0.5903787 0.04609286 0.5755154 0.05580335 0.5903787 0.05205994 0.5859013 0.427438 0.6425907 0.4241098 0.6535302 0.4194936 0.6489516 0.4608818 0.6447564 0.4652959 0.6395819 0.4722028 0.6470831 0.4682329 0.6517646 0.4644997 0.6566933 0.4571372 0.6499656 0.4312735 0.6477243 0.4282568 0.6583929 0.4241098 0.6535302 0.584777 0.6962881 0.5808061 0.6998243 0.573565 0.6961618 0.5743113 0.6899994 0.573565 0.6961618 0.5657207 0.6970496 0.476255 0.6438612 0.4722028 0.6470831 0.4652959 0.6395819 0.4228674 0.6374952 0.4194936 0.6489516 0.4149905 0.6469362 0.4186214 0.6625052 0.4181246 0.6784765 0.410921 0.6752678 0.5893112 0.7089241 0.5899821 0.7246525 0.5816488 0.7233794 0.5893112 0.7089241 0.5825172 0.7087321 0.5808061 0.6998243 0.4128955 0.6598588 0.4149905 0.6469362 0.4194936 0.6489516 0.555202 0.7035897 0.5615779 0.7058241 0.5576218 0.7217496 0.4847297 0.6748125 0.4768097 0.6782867 0.4746448 0.6602097 0.4808645 0.656975 0.4746448 0.6602097 0.4722028 0.6470831 0.555202 0.7035897 0.5632819 0.6917501 0.5657207 0.6970496 0.02278375 0.5589319 0.01291495 0.5614215 0.0130825 0.5571497 0.02278375 0.5589319 0.02323347 0.5553504 0.0341615 0.5618547 0.4332522 0.6497106 0.4306498 0.6602293 0.4282568 0.6583929 0.455599 0.6523612 0.4571372 0.6499656 0.4644997 0.6566933 0.04175585 0.5746349 0.03314739 0.5639739 0.0341615 0.5618547 0.04362922 0.5745556 0.05205994 0.5859013 0.04970687 0.5846248 0.4334087 0.6731092 0.4381455 0.6850781 0.4354211 0.6876189 0.4303999 0.6716365 0.4282568 0.6583929 0.4306498 0.6602293 0.04971396 0.5963421 0.04970687 0.5846248 0.05205994 0.5859013 0.05079442 0.5983847 0.04222583 0.6073194 0.04256099 0.6048368 0.4599034 0.6866838 0.462082 0.6895956 0.4487627 0.6930396 0.4487627 0.6930396 0.4354211 0.6876189 0.4381455 0.6850781 0.4303999 0.6716365 0.4354211 0.6876189 0.4261729 0.6828321 0.424889 0.6671991 0.4261729 0.6828321 0.4181246 0.6784765 0.4186214 0.6625052 0.4194936 0.6489516 0.4241098 0.6535302 0.424889 0.6671991 0.4241098 0.6535302 0.4282568 0.6583929 0.4268404 0.6965539 0.4267954 0.7131859 0.416492 0.7102184 0.4175099 0.6931151 0.4181246 0.6784765 0.4261729 0.6828321 0.4268404 0.6965539 0.4261729 0.6828321 0.4354211 0.6876189 0.4371543 0.6995517 0.4378851 0.715444 0.4267954 0.7131859 0.5899721 0.7397926 0.5905449 0.7566727 0.5802001 0.7551856 0.580642 0.73857 0.5816488 0.7233794 0.5899821 0.7246525 0.4092149 0.6902281 0.410921 0.6752678 0.4181246 0.6784765 0.4175099 0.6931151 0.416492 0.7102184 0.4071695 0.7070159 0.4682329 0.6517646 0.4722028 0.6470831 0.4746448 0.6602097 0.4690913 0.6656367 0.4746448 0.6602097 0.4768097 0.6782867 0.4690913 0.6656367 0.4642571 0.6705069 0.4644997 0.6566933 0.4694116 0.6834667 0.4768097 0.6782867 0.4801132 0.6943272 0.4713031 0.6981399 0.4801132 0.6943272 0.4829314 0.710565 0.4730185 0.7136988 0.4622287 0.7158859 0.4617004 0.7011371 0.5494887 0.7206354 0.5576218 0.7217496 0.5549805 0.7372103 0.5456588 0.7366308 0.5549805 0.7372103 0.5534086 0.752819 0.4924888 0.7070776 0.4829314 0.710565 0.4801132 0.6943272 0.4888114 0.6909565 0.4801132 0.6943272 0.4768097 0.6782867 0.1673588 0.4938536 0.1556771 0.503268 0.1376693 0.4711843 0.0787304 0.4543313 0.08281648 0.467364 0.0560925 0.4754518 0.1077688 0.4532893 0.1105136 0.4678273 0.08281648 0.467364 0.4383426 0.816087 0.4488684 0.8195692 0.4433574 0.831391 0.4383426 0.816087 0.4350996 0.8305012 0.4252993 0.8275976 0.4266691 0.8136067 0.4281323 0.7978047 0.4414292 0.7996814 0.4383426 0.816087 0.4414292 0.7996814 0.4529227 0.8019745 0.4334372 0.842409 0.4444947 0.8418894 0.4440349 0.8561543 0.4322543 0.8561543 0.4218742 0.8561543 0.4234583 0.8406479 0.4234583 0.8406479 0.4252993 0.8275976 0.4350996 0.8305012 0.4350996 0.8305012 0.4433574 0.831391 0.4444947 0.8418894 0.2988308 0.9571284 0.2987438 0.9721167 0.2883477 0.9681931 0.285365 0.9570358 0.2844507 0.9380994 0.298103 0.9380995 0.2988308 0.9571284 0.298103 0.9380995 0.3124938 0.9380995 0.3129381 0.9573375 0.3127177 0.9726902 0.2987438 0.9721167 0.358437 0.9423959 0.3748251 0.9423714 0.3745201 0.9524424 0.3572324 0.9524448 0.3745201 0.9524424 0.3742995 0.9639604 0.3562607 0.9639555 0.3395903 0.9639509 0.3413562 0.9517737 0.3572324 0.9524448 0.3413562 0.9517737 0.3465425 0.9436976 0.4146672 0.8389254 0.417012 0.8250043 0.4252993 0.8275976 0.4146672 0.8389254 0.4234583 0.8406479 0.4218742 0.8561543 0.4146672 0.8389254 0.4128152 0.8561543 0.4024041 0.8561543 0.4146672 0.8389254 0.4054009 0.8360164 0.4089655 0.8240298 0.4266691 0.8136067 0.4252993 0.8275976 0.417012 0.8250043 0.4161838 0.8117429 0.417012 0.8250043 0.4089655 0.8240298 0.4064907 0.8120532 0.4035495 0.7971606 0.4151453 0.7968085 0.4161838 0.8117429 0.4151453 0.7968085 0.4281323 0.7978047 0.3353306 0.8719814 0.335314 0.8787196 0.3301491 0.8779994 0.3296324 0.8717057 0.3301491 0.8779994 0.3255088 0.8764175 0.3235678 0.8717294 0.3202008 0.8632994 0.3278818 0.8626622 0.3296324 0.8717057 0.3278818 0.8626622 0.335354 0.8624445 0.4409971 0.977099 0.4416227 0.9867175 0.4307761 0.985023 0.4297666 0.9761295 0.4289584 0.9648066 0.4404864 0.9648066 0.3172455 0.8728908 0.3121437 0.8641749 0.3202008 0.8632994 0.3235678 0.8717294 0.3255088 0.8764175 0.3224865 0.878813 0.3172455 0.8728908 0.3224865 0.878813 0.3188154 0.8809102 0.3118643 0.8743785 0.3053565 0.8651395 0.3121437 0.8641749 0.3085152 0.8753092 0.3016437 0.8660771 0.3053565 0.8651395 0.3118643 0.8743785 0.3188154 0.8809102 0.3159735 0.8824008 0.4119706 0.9827186 0.4142175 0.9804224 0.420975 0.9831221 0.4205489 0.9870215 0.420975 0.9831221 0.4307761 0.985023 0.3289321 0.8821066 0.3224865 0.878813 0.3255088 0.8764175 0.3289321 0.8821066 0.3301491 0.8779994 0.335314 0.8787196 0.3289321 0.8821066 0.3353033 0.8830834 0.3352949 0.8864627 0.326972 0.8851172 0.3188154 0.8809102 0.3224865 0.878813 0.3251442 0.8877313 0.3159735 0.8824008 0.3188154 0.8809102 0.326972 0.8851172 0.3352949 0.8864627 0.3352866 0.8898302 0.4052074 0.9747014 0.4023024 0.9648066 0.4075879 0.9648066 0.4101639 0.9743929 0.4142175 0.9804224 0.4119706 0.9827186 0.3353837 0.8503356 0.335354 0.8624445 0.3278818 0.8626622 0.3251336 0.8509419 0.3278818 0.8626622 0.3202008 0.8632994 0.3151854 0.8521524 0.3202008 0.8632994 0.3121437 0.8641749 0.3058711 0.8532993 0.3121437 0.8641749 0.3053565 0.8651395 0.2986159 0.8543174 0.3053565 0.8651395 0.3016437 0.8660771 0.4305208 0.9893046 0.4307761 0.985023 0.4416227 0.9867175 0.4188454 0.9750815 0.417172 0.9648066 0.4289584 0.9648066 0.4297666 0.9761295 0.4307761 0.985023 0.420975 0.9831221 0.4188454 0.9750815 0.420975 0.9831221 0.4142175 0.9804224 0.4101639 0.9743929 0.4075879 0.9648066 0.417172 0.9648066 0.3860674 0.9639635 0.3742995 0.9639604 0.3745201 0.9524424 0.3860674 0.9524427 0.3745201 0.9524424 0.3748251 0.9423714 0.4290043 0.7859469 0.4281323 0.7978047 0.4151453 0.7968085 0.4140307 0.785221 0.4151453 0.7968085 0.4035495 0.7971606 0.4550997 0.7896749 0.4529227 0.8019745 0.4414292 0.7996814 0.4433331 0.7876685 0.4414292 0.7996814 0.4281323 0.7978047 0.3235725 0.9728472 0.3127177 0.9726902 0.3129381 0.9573375 0.3129381 0.9573375 0.3124938 0.9380995 0.3239383 0.9380994 0.1537744 0.8574765 0.1499432 0.8569388 0.1520736 0.8510703 0.1537744 0.8574765 0.1553394 0.8529579 0.1577109 0.8543475 0.1537744 0.8574765 0.1574819 0.8574467 0.1579277 0.8614848 0.1537744 0.8574765 0.154148 0.8623211 0.1499432 0.8632518 0.1558538 0.8668711 0.1526072 0.8689753 0.1499432 0.8632518 0.1558538 0.8668711 0.154148 0.8623211 0.1579277 0.8614848 0.1558538 0.8668711 0.1592276 0.8653337 0.1607427 0.868047 0.1558538 0.8668711 0.1591793 0.8703076 0.1570149 0.8733969 0.1614226 0.8565091 0.1574819 0.8574467 0.1577109 0.8543475 0.1606167 0.8528004 0.1648631 0.8513768 0.1657449 0.8553614 0.1614226 0.8565091 0.1657449 0.8553614 0.1666718 0.8595495 0.1621412 0.8605523 0.1579277 0.8614848 0.1574819 0.8574467 0.1657449 0.8553614 0.1648631 0.8513768 0.1693136 0.8508756 0.1701478 0.854578 0.1693136 0.8508756 0.1726008 0.8510521 0.174116 0.8537653 0.175416 0.8576143 0.1712024 0.8585467 0.1701478 0.854578 0.1712024 0.8585467 0.1666718 0.8595495 0.1592276 0.8653337 0.1579277 0.8614848 0.1621412 0.8605523 0.163196 0.8645208 0.1621412 0.8605523 0.1666718 0.8595495 0.1675987 0.8637377 0.1684806 0.8677222 0.16403 0.8682233 0.163196 0.8645208 0.16403 0.8682233 0.1607427 0.868047 0.1719207 0.86259 0.1675987 0.8637377 0.1666718 0.8595495 0.1712024 0.8585467 0.175416 0.8576143 0.1758615 0.8616524 0.1719207 0.86259 0.1758615 0.8616524 0.1756328 0.8647516 0.1727269 0.8662987 0.1684806 0.8677222 0.1675987 0.8637377 0.1774901 0.8522278 0.174116 0.8537653 0.1726008 0.8510521 0.1774901 0.8522278 0.1741642 0.8487916 0.1763286 0.8457022 0.1774901 0.8522278 0.1807366 0.8501237 0.1834003 0.8558471 0.1774901 0.8522278 0.1791954 0.8567779 0.175416 0.8576143 0.1795691 0.8616226 0.1758615 0.8616524 0.175416 0.8576143 0.1795691 0.8616226 0.1791954 0.8567779 0.1834003 0.8558471 0.1795691 0.8616226 0.1834003 0.8621602 0.1812698 0.8680289 0.1795691 0.8616226 0.1780042 0.8661413 0.1756328 0.8647516 0.169395 0.8472527 0.1741642 0.8487916 0.1726008 0.8510521 0.169395 0.8472527 0.1693136 0.8508756 0.1648631 0.8513768 0.169395 0.8472527 0.1640332 0.8476274 0.1630575 0.8432179 0.1701633 0.8432148 0.1763286 0.8457022 0.1741642 0.8487916 0.159014 0.8495501 0.1640332 0.8476274 0.1648631 0.8513768 0.159014 0.8495501 0.1606167 0.8528004 0.1577109 0.8543475 0.1553394 0.8529579 0.1520736 0.8510703 0.1566137 0.8462134 0.159014 0.8495501 0.1566137 0.8462134 0.1630575 0.8432179 0.1780042 0.8661413 0.1812698 0.8680289 0.1767299 0.8728857 0.1743295 0.869549 0.1767299 0.8728857 0.1702862 0.875881 0.1743295 0.869549 0.1693103 0.8714717 0.1684806 0.8677222 0.1743295 0.869549 0.1727269 0.8662987 0.1756328 0.8647516 0.1639486 0.8718464 0.1693103 0.8714717 0.1702862 0.875881 0.1631804 0.8758843 0.1570149 0.8733969 0.1591793 0.8703076 0.1639486 0.8718464 0.1591793 0.8703076 0.1607427 0.868047 0.1639486 0.8718464 0.16403 0.8682233 0.1684806 0.8677222 0.3264278 0.8266553 0.3263142 0.8364235 0.3103732 0.8338678 0.3099676 0.8250856 0.3094514 0.8138113 0.3263252 0.8138113 0.2976437 0.8236692 0.2961943 0.8138113 0.3094514 0.8138113 0.3099676 0.8250856 0.3103732 0.8338678 0.2993964 0.8313651 0.2976437 0.8236692 0.2993964 0.8313651 0.2930892 0.8287704 0.2895178 0.822804 0.2871197 0.8138114 0.2961943 0.8138113 0.2904197 0.8317698 0.2930892 0.8287704 0.2993964 0.8313651 0.2983635 0.8363246 0.2993964 0.8313651 0.3103732 0.8338678 0.3535962 0.7918394 0.3647091 0.7885971 0.3644006 0.7940048 0.3535288 0.7969748 0.3478074 0.7997418 0.3459562 0.7967506 0.3094415 0.8390561 0.3103732 0.8338678 0.3263142 0.8364235 0.3804935 0.791354 0.3644006 0.7940048 0.3647091 0.7885971 0.284069 0.8236306 0.281539 0.8138114 0.2871197 0.8138114 0.2895178 0.822804 0.2930892 0.8287704 0.2904197 0.8317698 0.3459562 0.7967506 0.3478074 0.7997418 0.3441559 0.8055683 0.3396276 0.8046315 0.3441559 0.8055683 0.3417258 0.8142355 0.3501265 0.8142355 0.3417258 0.8142355 0.3441559 0.8055683 0.3515181 0.8045569 0.3441559 0.8055683 0.3478074 0.7997418 0.3535288 0.7969748 0.3644006 0.7940048 0.363496 0.802932 0.3515181 0.8045569 0.363496 0.802932 0.3628998 0.8142355 0.3790071 0.8142355 0.3628998 0.8142355 0.363496 0.802932 0.3795284 0.8012383 0.363496 0.802932 0.3644006 0.7940048 0.4383426 0.8962219 0.4350996 0.8818078 0.4433574 0.8809178 0.4383426 0.8962219 0.4488684 0.8927397 0.4529228 0.9103346 0.4414292 0.9126275 0.4281323 0.9145042 0.4266691 0.8987022 0.4383426 0.8962219 0.4266691 0.8987022 0.4252993 0.8847113 0.4334372 0.8698999 0.4322543 0.8561543 0.4440349 0.8561543 0.4444947 0.8704195 0.4433574 0.8809178 0.4350996 0.8818078 0.4350996 0.8818078 0.4252993 0.8847113 0.4234583 0.871661 0.4234583 0.871661 0.4218742 0.8561543 0.4322543 0.8561543 0.2988308 0.9190705 0.285365 0.919163 0.2883477 0.908006 0.2987437 0.9040822 0.3127177 0.9035087 0.3129381 0.9188616 0.2988308 0.9190705 0.3129381 0.9188616 0.3124938 0.9380995 0.298103 0.9380995 0.2844507 0.9380994 0.285365 0.919163 0.374514 0.9754784 0.3748134 0.9855495 0.3584253 0.9855162 0.3572262 0.9754666 0.3584253 0.9855162 0.3465316 0.984208 0.3413496 0.9761291 0.3395903 0.9639509 0.3562607 0.9639555 0.3572262 0.9754666 0.3562607 0.9639555 0.3742995 0.9639604 0.4146672 0.8733835 0.4234583 0.871661 0.4252993 0.8847113 0.4146672 0.8733835 0.417012 0.8873046 0.4089655 0.8882791 0.4146672 0.8733835 0.4054009 0.8762925 0.4024041 0.8561543 0.4146672 0.8733835 0.4128152 0.8561543 0.4218742 0.8561543 0.417012 0.8873046 0.4252993 0.8847113 0.4266691 0.8987022 0.4161838 0.900566 0.4266691 0.8987022 0.4281323 0.9145042 0.4151453 0.9155004 0.4035495 0.9151484 0.4064907 0.9002559 0.4161838 0.900566 0.4064907 0.9002559 0.4089655 0.8882791 0.3601827 0.9102582 0.3623582 0.9151443 0.3592517 0.9184836 0.3592517 0.9184836 0.3536002 0.9266141 0.3445871 0.9126074 0.3547397 0.9102957 0.3445871 0.9126074 0.3471927 0.8975778 0.3547397 0.9102957 0.3566769 0.9030229 0.3610255 0.9055481 0.3915908 0.9124622 0.3826642 0.9265244 0.3769627 0.9184289 0.3769627 0.9184289 0.3738358 0.915109 0.3759809 0.9102094 0.3814242 0.9102132 0.3759809 0.9102094 0.3751092 0.9055047 0.3814242 0.9102132 0.379442 0.9029527 0.3888922 0.8974491 0.3680815 0.9101095 0.3759809 0.9102094 0.3738358 0.915109 0.3680815 0.9101095 0.3680999 0.9161044 0.3623582 0.9151443 0.3680815 0.9101095 0.3601827 0.9102582 0.3610255 0.9055481 0.3680815 0.9101095 0.3680632 0.904214 0.3751092 0.9055047 0.3681172 0.921768 0.3681454 0.9308585 0.3536002 0.9266141 0.3681172 0.921768 0.3592517 0.9184836 0.3623582 0.9151443 0.3681172 0.921768 0.3680999 0.9161044 0.3738358 0.915109 0.3681172 0.921768 0.3769627 0.9184289 0.3826642 0.9265244 0.3680071 0.8860065 0.3888922 0.8974491 0.379442 0.9029527 0.3680462 0.8987012 0.379442 0.9029527 0.3751092 0.9055047 0.3680462 0.8987012 0.3680632 0.904214 0.3610255 0.9055481 0.3566769 0.9030229 0.3471927 0.8975778 0.3680071 0.8860065 0.3404824 0.8780248 0.335314 0.8787196 0.3353306 0.8719814 0.3410301 0.8717338 0.3353306 0.8719814 0.335354 0.8624445 0.3428249 0.862699 0.3505026 0.8633738 0.3470944 0.8717871 0.3410301 0.8717338 0.3470944 0.8717871 0.3451302 0.8764657 0.4404864 0.9648066 0.4289584 0.9648066 0.4297666 0.9534834 0.4409971 0.9525139 0.4297666 0.9534834 0.4307761 0.9445899 0.3534109 0.8729798 0.3470944 0.8717871 0.3505026 0.8633738 0.3585557 0.8642888 0.3653378 0.8652868 0.3587845 0.8744937 0.3534109 0.8729798 0.3587845 0.8744937 0.3518016 0.880991 0.348141 0.878876 0.3451302 0.8764657 0.3470944 0.8717871 0.3621293 0.8754413 0.3587845 0.8744937 0.3653378 0.8652868 0.4205489 0.9425916 0.4305207 0.9403081 0.4307761 0.9445899 0.4209749 0.9464909 0.4142175 0.9491905 0.4119706 0.9468943 0.354636 0.8824957 0.3518016 0.880991 0.3587845 0.8744937 0.3416791 0.8821375 0.3404824 0.8780248 0.3451302 0.8764657 0.348141 0.878876 0.3518016 0.880991 0.3436243 0.8851582 0.3416791 0.8821375 0.3436243 0.8851582 0.3352949 0.8864627 0.3416791 0.8821375 0.3353033 0.8830834 0.335314 0.8787196 0.3454394 0.8877813 0.3436243 0.8851582 0.3518016 0.880991 0.4119706 0.9468943 0.4142175 0.9491905 0.4101639 0.9552199 0.4052073 0.9549115 0.4101639 0.9552199 0.4075879 0.9648066 0.3352866 0.8898302 0.3352949 0.8864627 0.3436243 0.8851582 0.3428249 0.862699 0.335354 0.8624445 0.3353837 0.8503356 0.3456309 0.8509923 0.3555728 0.8522513 0.3505026 0.8633738 0.3648814 0.8534446 0.3721317 0.854498 0.3653378 0.8652868 0.3585557 0.8642888 0.3505026 0.8633738 0.3555728 0.8522513 0.4416227 0.9428957 0.4307761 0.9445899 0.4305207 0.9403081 0.369046 0.8662428 0.3653378 0.8652868 0.3721317 0.854498 0.4188454 0.9545314 0.4297666 0.9534834 0.4289584 0.9648066 0.417172 0.9648066 0.4075879 0.9648066 0.4101639 0.9552199 0.4188454 0.9545314 0.4101639 0.9552199 0.4142175 0.9491905 0.4209749 0.9464909 0.4307761 0.9445899 0.4297666 0.9534834 0.374514 0.9754784 0.3742995 0.9639604 0.3860674 0.9639635 0.3860612 0.9754844 0.3860479 0.9855642 0.3748134 0.9855495 0.4151453 0.9155004 0.4281323 0.9145042 0.4290043 0.9263619 0.4140307 0.9270879 0.4005611 0.9265804 0.4035495 0.9151484 0.4414292 0.9126275 0.4529228 0.9103346 0.4550997 0.922634 0.4433331 0.9246404 0.4290043 0.9263619 0.4281323 0.9145042 0.3129381 0.9188616 0.3127177 0.9035087 0.3235725 0.9033517 0.3239383 0.9380994 0.3124938 0.9380995 0.3129381 0.9188616 0.1559766 0.9144924 0.1593021 0.9179287 0.157138 0.9210181 0.1559766 0.9144924 0.1527302 0.9165965 0.1500661 0.9108732 0.1559766 0.9144924 0.1542711 0.9099424 0.1580505 0.9091059 0.1559766 0.9144924 0.1593506 0.9129549 0.1608658 0.9156683 0.1538974 0.9050977 0.1542711 0.9099424 0.1500661 0.9108732 0.1538974 0.9050977 0.1500663 0.9045601 0.1521967 0.8986914 0.1538974 0.9050977 0.1554623 0.900579 0.1578338 0.9019686 0.1538974 0.9050977 0.157605 0.9050679 0.1580505 0.9091059 0.1633188 0.912142 0.1641532 0.9158445 0.1608658 0.9156683 0.1593506 0.9129549 0.1580505 0.9091059 0.1622644 0.9081733 0.1633188 0.912142 0.1622644 0.9081733 0.1667948 0.9071708 0.1677217 0.9113588 0.1686037 0.9153433 0.1641532 0.9158445 0.17285 0.9139197 0.1686037 0.9153433 0.1677217 0.9113588 0.1720438 0.9102111 0.1677217 0.9113588 0.1667948 0.9071708 0.1713253 0.906168 0.175539 0.9052354 0.1759845 0.9092735 0.1720438 0.9102111 0.1759845 0.9092735 0.1757556 0.9123727 0.1622644 0.9081733 0.1580505 0.9091059 0.157605 0.9050679 0.1615456 0.9041302 0.157605 0.9050679 0.1578338 0.9019686 0.1607395 0.9004216 0.164986 0.898998 0.1658677 0.9029825 0.1615456 0.9041302 0.1658677 0.9029825 0.1667948 0.9071708 0.1702706 0.9021993 0.1713253 0.906168 0.1667948 0.9071708 0.1658677 0.9029825 0.164986 0.898998 0.1694364 0.8984968 0.1702706 0.9021993 0.1694364 0.8984968 0.1727237 0.8986732 0.1742389 0.9013864 0.175539 0.9052354 0.1713253 0.906168 0.1796921 0.9092436 0.1781272 0.9137623 0.1757556 0.9123727 0.1796921 0.9092436 0.1759845 0.9092735 0.175539 0.9052354 0.1796921 0.9092436 0.1793185 0.9043989 0.1835234 0.9034681 0.1796921 0.9092436 0.1835234 0.9097812 0.1813929 0.9156499 0.177613 0.8998489 0.1793185 0.9043989 0.175539 0.9052354 0.177613 0.8998489 0.1742389 0.9013864 0.1727237 0.8986732 0.177613 0.8998489 0.1742874 0.8964126 0.1764515 0.8933232 0.177613 0.8998489 0.1808593 0.8977449 0.1835234 0.9034681 0.1744527 0.9171701 0.17285 0.9139197 0.1757556 0.9123727 0.1781272 0.9137623 0.1813929 0.9156499 0.176853 0.9205067 0.1744527 0.9171701 0.176853 0.9205067 0.1704093 0.9235022 0.1744527 0.9171701 0.1694334 0.9190928 0.1686037 0.9153433 0.1640716 0.9194676 0.1641532 0.9158445 0.1686037 0.9153433 0.1640716 0.9194676 0.1694334 0.9190928 0.1704093 0.9235022 0.1633033 0.9235056 0.157138 0.9210181 0.1593021 0.9179287 0.1640716 0.9194676 0.1593021 0.9179287 0.1608658 0.9156683 0.1702862 0.8908359 0.1764515 0.8933232 0.1742874 0.8964126 0.1695179 0.8948737 0.1742874 0.8964126 0.1727237 0.8986732 0.1695179 0.8948737 0.1694364 0.8984968 0.164986 0.898998 0.1695179 0.8948737 0.1641561 0.8952484 0.1631802 0.8908392 0.1591369 0.8971713 0.1567364 0.8938346 0.1631802 0.8908392 0.1591369 0.8971713 0.1641561 0.8952484 0.164986 0.898998 0.1591369 0.8971713 0.1607395 0.9004216 0.1578338 0.9019686 0.1554623 0.900579 0.1521967 0.8986914 0.1567364 0.8938346 0.3263252 0.8138113 0.3094514 0.8138113 0.3099676 0.8025371 0.3264278 0.8009671 0.3099676 0.8025371 0.3103731 0.7937548 0.2976438 0.8039535 0.3099676 0.8025371 0.3094514 0.8138113 0.2961943 0.8138113 0.2871197 0.8138114 0.2895178 0.8048189 0.2976438 0.8039535 0.2895178 0.8048189 0.2930892 0.7988522 0.299396 0.7962575 0.3103731 0.7937548 0.3099676 0.8025371 0.299396 0.7962575 0.2930892 0.7988522 0.2904197 0.7958529 0.3459562 0.8317204 0.3478074 0.8287293 0.3535288 0.831496 0.3535962 0.8366317 0.3535288 0.831496 0.3644006 0.8344662 0.2983633 0.7912982 0.3094412 0.7885664 0.3103731 0.7937548 0.326314 0.791199 0.3103731 0.7937548 0.3094412 0.7885664 0.3647091 0.8398739 0.3644006 0.8344662 0.3804935 0.837117 0.284069 0.8039923 0.2895178 0.8048189 0.2871197 0.8138114 0.3396276 0.8238394 0.3370348 0.8142355 0.3417258 0.8142355 0.3441559 0.8229027 0.3478074 0.8287293 0.3459562 0.8317204 0.2904197 0.7958529 0.2930892 0.7988522 0.2895178 0.8048189 0.3441559 0.8229027 0.3417258 0.8142355 0.3501265 0.8142355 0.3515181 0.8239143 0.3501265 0.8142355 0.3628998 0.8142355 0.363496 0.8255389 0.3644006 0.8344662 0.3535288 0.831496 0.3515181 0.8239143 0.3535288 0.831496 0.3478074 0.8287293 0.3795284 0.8272328 0.3804935 0.837117 0.3644006 0.8344662 0.363496 0.8255389 0.3628998 0.8142355 0.3790071 0.8142355 0.2350251 0.7141584 0.2453528 0.7142541 0.2449963 0.720949 0.2449963 0.720949 0.2448546 0.7286806 0.2332032 0.7262004 0.2332032 0.7262004 0.2226789 0.7244013 0.2246709 0.7189179 0.2341925 0.7197078 0.2246709 0.7189179 0.227873 0.7152005 0.232582 0.7347226 0.2332032 0.7262004 0.2448546 0.7286806 0.2452415 0.739031 0.2447252 0.7496865 0.231516 0.7433879 0.232582 0.7347226 0.231516 0.7433879 0.2235816 0.7380537 0.221697 0.7313548 0.2226789 0.7244013 0.2332032 0.7262004 0.2295716 0.749052 0.231516 0.7433879 0.2447252 0.7496865 0.2425954 0.757278 0.2399255 0.7625132 0.227289 0.7527817 0.2295716 0.749052 0.227289 0.7527817 0.2163771 0.7415627 0.2295716 0.749052 0.2191031 0.7395025 0.2235816 0.7380537 0.2249419 0.7557613 0.227289 0.7527817 0.2399255 0.7625132 0.4859558 0.4086633 0.4708161 0.4105347 0.4709833 0.4058216 0.4859558 0.4086633 0.4867086 0.4050016 0.498337 0.4030574 0.2141093 0.7437168 0.2163771 0.7415627 0.227289 0.7527817 0.2624018 0.7468419 0.261892 0.7586008 0.2447252 0.7496865 0.2452415 0.739031 0.2448546 0.7286806 0.2617544 0.7348623 0.4559777 0.3891764 0.4742953 0.390027 0.4722064 0.3988997 0.4533934 0.3981238 0.4722064 0.3988997 0.4709833 0.4058216 0.4867086 0.4050016 0.4709833 0.4058216 0.4722064 0.3988997 0.4903318 0.3992875 0.4722064 0.3988997 0.4742953 0.390027 0.4936432 0.3916667 0.5112757 0.3930917 0.5061963 0.3992494 0.4903318 0.3992875 0.5061963 0.3992494 0.498337 0.4030574 0.4936432 0.3916667 0.4742953 0.390027 0.4771752 0.3800191 0.4771752 0.3800191 0.4802203 0.3716675 0.4927176 0.3759603 0.4935566 0.3831056 0.4927176 0.3759603 0.5025404 0.3802762 0.5083362 0.3859918 0.5112757 0.3930917 0.4936432 0.3916667 0.4520561 0.4052907 0.4709833 0.4058216 0.4708161 0.4105347 0.2373054 0.766502 0.2399255 0.7625132 0.25713 0.773935 0.2598682 0.7674158 0.25713 0.773935 0.2399255 0.7625132 0.2425954 0.757278 0.2447252 0.7496865 0.261892 0.7586008 0.4927176 0.3759603 0.4802203 0.3716675 0.4830597 0.3674998 0.2340567 0.7021274 0.2464821 0.698896 0.2455034 0.7032824 0.2341098 0.7059513 0.2225319 0.710389 0.2212631 0.7072666 0.4941154 0.3722402 0.505396 0.3789094 0.5025404 0.3802762 0.2341098 0.7059513 0.2455034 0.7032824 0.2452833 0.7083406 0.2347107 0.7097617 0.2452833 0.7083406 0.2453528 0.7142541 0.2347107 0.7097617 0.2350251 0.7141584 0.227873 0.7152005 0.2247458 0.7128947 0.2225319 0.710389 0.2341098 0.7059513 0.2608205 0.7015521 0.2455034 0.7032824 0.2464821 0.698896 0.4683299 0.3658208 0.4830597 0.3674998 0.4802203 0.3716675 0.2611072 0.7252296 0.2617544 0.7348623 0.2448546 0.7286806 0.2449963 0.720949 0.2453528 0.7142541 0.260756 0.7165596 0.260486 0.7084285 0.260756 0.7165596 0.2453528 0.7142541 0.260486 0.7084285 0.2452833 0.7083406 0.2455034 0.7032824 0.4647412 0.3705357 0.4802203 0.3716675 0.4771752 0.3800191 0.460237 0.3791111 0.4771752 0.3800191 0.4742953 0.390027 0.2247458 0.7128947 0.227873 0.7152005 0.2246709 0.7189179 0.2181151 0.7180613 0.2246709 0.7189179 0.2226789 0.7244013 0.2148743 0.7232038 0.209837 0.7225359 0.213755 0.7169486 0.2181151 0.7180613 0.213755 0.7169486 0.2225319 0.710389 0.2147662 0.730058 0.2148743 0.7232038 0.2226789 0.7244013 0.221697 0.7313548 0.2235816 0.7380537 0.2191031 0.7395025 0.2147662 0.730058 0.2191031 0.7395025 0.2163771 0.7415627 0.2102814 0.730185 0.209837 0.7225359 0.2148743 0.7232038 0.2109267 0.7147945 0.2212631 0.7072666 0.2225319 0.710389 0.2109267 0.7147945 0.213755 0.7169486 0.209837 0.7225359 0.5150639 0.3862982 0.5189998 0.3935231 0.5112757 0.3930917 0.5083362 0.3859918 0.5025404 0.3802762 0.505396 0.3789094 0.2064753 0.7223534 0.209837 0.7225359 0.2102814 0.730185 0.2073962 0.7315093 0.2102814 0.730185 0.2163771 0.7415627 0.5006512 0.4047051 0.498337 0.4030574 0.5061963 0.3992494 0.5128361 0.3996781 0.5061963 0.3992494 0.5112757 0.3930917 0.2449962 0.8554487 0.2453528 0.8621435 0.2350251 0.8622392 0.2341924 0.85669 0.2350251 0.8622392 0.227873 0.8611972 0.2246709 0.8574799 0.2226789 0.8519965 0.2332033 0.8501969 0.2332033 0.8501969 0.2448546 0.847717 0.2449962 0.8554487 0.2325821 0.841675 0.2452415 0.8373667 0.2448546 0.847717 0.2332033 0.8501969 0.2226789 0.8519965 0.221697 0.8450428 0.2325821 0.841675 0.221697 0.8450428 0.2235814 0.8383438 0.231516 0.8330097 0.2447251 0.826711 0.2452415 0.8373667 0.2295716 0.8273456 0.2425954 0.8191198 0.2447251 0.826711 0.2295716 0.8273456 0.231516 0.8330097 0.2235814 0.8383438 0.2295716 0.8273456 0.2191031 0.8368952 0.2163771 0.834835 0.2272887 0.823616 0.2399254 0.8138844 0.2425954 0.8191198 0.2249419 0.8206362 0.2373054 0.8098956 0.2399254 0.8138844 0.2272887 0.823616 0.2163771 0.834835 0.2141093 0.832681 0.4859557 0.2960975 0.5006512 0.3000557 0.498337 0.3017034 0.4859557 0.2960975 0.4867086 0.2997593 0.4709833 0.2989394 0.2624017 0.8295557 0.2452415 0.8373667 0.2447251 0.826711 0.2617544 0.8415352 0.2448546 0.847717 0.2452415 0.8373667 0.4722067 0.3058612 0.4742956 0.3147339 0.4559779 0.3155847 0.4533936 0.3066372 0.4520559 0.2994704 0.4709833 0.2989394 0.4722067 0.3058612 0.4709833 0.2989394 0.4867086 0.2997593 0.4903318 0.3054733 0.4867086 0.2997593 0.498337 0.3017034 0.5061964 0.3055113 0.5112758 0.3116688 0.4936432 0.3130941 0.4903318 0.3054733 0.4936432 0.3130941 0.4742956 0.3147339 0.4771752 0.3247417 0.4742956 0.3147339 0.4936432 0.3130941 0.4936432 0.3130941 0.5112758 0.3116688 0.5083363 0.3187689 0.4935568 0.3216552 0.5083363 0.3187689 0.5025406 0.3244845 0.4927177 0.3288006 0.4802204 0.3330934 0.4771752 0.3247417 0.4708162 0.2942264 0.4709833 0.2989394 0.4520559 0.2994704 0.2571299 0.8024626 0.2399254 0.8138844 0.2373054 0.8098956 0.2598683 0.8089816 0.2425954 0.8191198 0.2399254 0.8138844 0.2618919 0.8177969 0.2447251 0.826711 0.2425954 0.8191198 0.4830598 0.337261 0.4802204 0.3330934 0.4927177 0.3288006 0.4941155 0.3325206 0.4927177 0.3288006 0.5025406 0.3244845 0.2212629 0.8691309 0.2225319 0.8660086 0.2341098 0.8704463 0.2340567 0.8742702 0.2341098 0.8704463 0.2455034 0.8731151 0.2452831 0.8680571 0.2455034 0.8731151 0.2341098 0.8704463 0.2341098 0.8704463 0.2225319 0.8660086 0.2247458 0.8635028 0.2347108 0.8666356 0.2247458 0.8635028 0.227873 0.8611972 0.2347108 0.8666356 0.2350251 0.8622392 0.2453528 0.8621435 0.2464821 0.8775018 0.2455034 0.8731151 0.2608206 0.8748453 0.4683302 0.3389402 0.4647415 0.3342252 0.4802204 0.3330934 0.2611072 0.8511681 0.2449962 0.8554487 0.2448546 0.847717 0.2607559 0.8598382 0.2453528 0.8621435 0.2449962 0.8554487 0.2604859 0.8679689 0.2452831 0.8680571 0.2453528 0.8621435 0.2604859 0.8679689 0.2608206 0.8748453 0.2455034 0.8731151 0.4771752 0.3247417 0.4802204 0.3330934 0.4647415 0.3342252 0.4602375 0.32565 0.4559779 0.3155847 0.4742956 0.3147339 0.2246709 0.8574799 0.227873 0.8611972 0.2247458 0.8635028 0.2181151 0.8583362 0.2247458 0.8635028 0.2225319 0.8660086 0.213755 0.8594489 0.209837 0.8538616 0.2148742 0.8531938 0.2181151 0.8583362 0.2148742 0.8531938 0.2226789 0.8519965 0.2147663 0.8463394 0.221697 0.8450428 0.2226789 0.8519965 0.2148742 0.8531938 0.209837 0.8538616 0.2102813 0.8462127 0.2147663 0.8463394 0.2102813 0.8462127 0.2163771 0.834835 0.2191031 0.8368952 0.2235814 0.8383438 0.221697 0.8450428 0.2109267 0.8616032 0.213755 0.8594489 0.2225319 0.8660086 0.5053961 0.3258514 0.5025406 0.3244845 0.5083363 0.3187689 0.5150639 0.3184624 0.5083363 0.3187689 0.5112758 0.3116688 0.2109267 0.8616032 0.2064753 0.854044 0.209837 0.8538616 0.2102813 0.8462127 0.209837 0.8538616 0.2064753 0.854044 0.5128362 0.3050826 0.5189998 0.3112375 0.5112758 0.3116688 0.5061964 0.3055113 0.498337 0.3017034 0.5006512 0.3000557 0.2073962 0.8448883 0.2141093 0.832681 0.2163771 0.834835</float_array>
          <technique_common>
            <accessor source="#Roundcube-mesh-map-0-array" count="9930" stride="2">
              <param name="S" type="float"/>
              <param name="T" type="float"/>
            </accessor>
          </technique_common>
        </source>
        <vertices id="Roundcube-mesh-vertices">
          <input semantic="POSITION" source="#Roundcube-mesh-positions"/>
        </vertices>
        <triangles material="Material-material" count="3310">
          <input semantic="VERTEX" source="#Roundcube-mesh-vertices" offset="0"/>
          <input semantic="NORMAL" source="#Roundcube-mesh-normals" offset="1"/>
          <input semantic="TEXCOORD" source="#Roundcube-mesh-map-0" offset="2" set="0"/>
          <p>0 0 0 408 1 1 158 2 2 158 2 3 152 3 4 0 0 5 0 0 6 411 4 7 139 5 8 139 5 9 153 6 10 0 0 11 195 7 12 149 8 13 1 9 14 1 9 15 412 10 16 141 11 17 141 11 18 138 12 19 1 9 20 1 9 21 425 13 22 195 7 23 145 14 24 139 5 25 2 15 26 139 5 27 136 16 28 2 15 29 136 16 30 157 17 31 2 15 32 2 15 33 414 18 34 145 14 35 3 19 36 425 13 37 138 12 38 138 12 39 137 20 40 3 19 41 3 19 42 416 21 43 148 22 44 148 22 45 194 23 46 3 19 47 4 24 48 444 25 49 239 26 50 239 26 51 153 6 52 4 24 53 4 24 54 410 27 55 242 28 56 242 28 57 283 29 58 4 24 59 5 30 60 447 31 61 242 28 62 242 28 63 145 14 64 5 30 65 5 30 66 414 18 67 241 32 68 241 32 69 282 33 70 5 30 71 239 26 72 281 34 73 6 35 74 281 34 75 237 36 76 6 35 77 6 35 78 409 37 79 158 2 80 158 2 81 239 26 82 6 35 83 193 38 84 280 39 85 7 40 86 7 40 87 441 41 88 236 42 89 236 42 90 149 8 91 7 40 92 7 40 93 427 43 94 193 38 95 8 44 96 446 45 97 279 46 98 279 46 99 156 47 100 8 44 101 8 44 102 479 48 103 155 49 104 155 49 105 159 50 106 8 44 107 192 51 108 278 52 109 9 53 110 9 53 111 443 54 112 147 55 113 147 55 114 143 56 115 9 53 116 9 53 117 496 57 118 192 51 119 10 58 120 413 59 121 186 60 122 186 60 123 166 61 124 10 58 125 10 58 126 420 62 127 163 63 128 10 58 129 418 64 130 185 65 131 168 66 132 164 67 133 11 68 134 164 67 135 161 69 136 11 68 137 11 68 138 422 70 139 179 71 140 179 71 141 168 66 142 11 68 143 161 69 144 163 63 145 12 72 146 12 72 147 420 62 148 162 73 149 162 73 150 170 74 151 12 72 152 170 74 153 161 69 154 12 72 155 277 75 156 167 76 157 13 77 158 167 76 159 165 78 160 13 77 161 13 77 162 486 79 163 173 80 164 173 80 165 277 75 166 13 77 167 14 81 168 450 82 169 173 80 170 173 80 171 171 83 172 14 81 173 14 81 174 492 84 175 169 85 176 14 81 177 449 86 178 276 87 179 15 88 180 453 89 181 248 90 182 15 88 183 417 91 184 168 66 185 15 88 186 421 92 187 247 93 188 247 93 189 275 94 190 15 88 191 16 95 192 422 70 193 170 74 194 170 74 195 176 96 196 16 95 197 16 95 198 430 97 199 197 98 200 197 98 201 202 99 202 16 95 203 17 100 204 441 41 205 274 101 206 274 101 207 174 102 208 17 100 209 17 100 210 424 103 211 178 104 212 17 100 213 412 10 214 236 42 215 18 105 216 451 106 217 273 107 218 273 107 219 243 108 220 18 105 221 243 108 222 177 109 223 18 105 224 18 105 225 424 103 226 174 102 227 147 55 228 272 110 229 19 111 230 19 111 231 453 89 232 182 112 233 19 111 234 487 113 235 184 114 236 19 111 237 480 115 238 147 55 239 137 20 240 185 65 241 20 116 242 185 65 243 164 67 244 20 116 245 20 116 246 417 91 247 183 117 248 183 117 249 137 20 250 20 116 251 186 60 252 141 11 253 21 118 254 21 118 255 412 10 256 178 104 257 178 104 258 177 109 259 21 118 260 21 118 261 419 119 262 186 60 263 22 120 264 445 121 265 271 122 266 271 122 267 192 51 268 22 120 269 22 120 270 496 57 271 188 123 272 188 123 273 156 47 274 22 120 275 23 124 276 442 125 277 270 126 278 270 126 279 193 38 280 23 124 281 23 124 282 427 43 283 190 127 284 190 127 285 237 36 286 23 124 287 24 128 288 411 4 289 187 129 290 187 129 291 194 23 292 24 128 293 24 128 294 426 130 295 189 131 296 189 131 297 136 16 298 24 128 299 25 132 300 409 37 301 190 127 302 190 127 303 195 7 304 25 132 305 25 132 306 425 13 307 187 129 308 187 129 309 152 3 310 25 132 311 26 133 312 430 97 313 207 134 314 207 134 315 198 135 316 26 133 317 198 135 318 218 136 319 26 133 320 218 136 321 220 137 322 26 133 323 27 138 324 428 139 325 200 140 326 200 140 327 199 141 328 27 138 329 27 138 330 434 142 331 216 143 332 216 143 333 219 144 334 27 138 335 28 145 336 452 146 337 247 93 338 247 93 339 205 147 340 28 145 341 28 145 342 428 139 343 252 148 344 252 148 345 269 149 346 28 145 347 29 150 348 421 92 349 179 71 350 179 71 351 202 99 352 29 150 353 29 150 354 429 151 355 200 140 356 200 140 357 205 147 358 29 150 359 30 152 360 423 153 361 210 154 362 30 152 363 432 155 364 209 156 365 209 156 366 207 134 367 30 152 368 207 134 369 176 96 370 30 152 371 31 157 372 434 142 373 213 158 374 213 158 375 232 159 376 31 157 377 232 159 378 225 160 379 31 157 380 31 157 381 438 161 382 233 162 383 196 163 384 268 164 385 32 165 386 32 165 387 458 166 388 253 167 389 253 167 390 206 168 391 32 165 392 32 165 393 504 169 394 196 163 395 33 170 396 458 166 397 267 171 398 267 171 399 169 85 400 33 170 401 33 170 402 492 84 403 203 172 404 203 172 405 253 167 406 33 170 407 34 173 408 460 174 409 255 175 410 255 175 411 215 176 412 34 173 413 215 176 414 258 177 415 34 173 416 34 173 417 463 178 418 266 179 419 35 180 420 456 181 421 196 163 422 196 163 423 221 182 424 35 180 425 35 180 426 508 183 427 212 184 428 212 184 429 265 185 430 35 180 431 36 186 432 457 187 433 252 148 434 252 148 435 219 144 436 36 186 437 36 186 438 436 188 439 255 175 440 255 175 441 264 189 442 36 186 443 37 190 444 429 151 445 197 98 446 197 98 447 220 137 448 37 190 449 37 190 450 435 191 451 213 158 452 213 158 453 199 141 454 37 190 455 38 192 456 463 178 457 263 193 458 263 193 459 227 194 460 38 192 461 38 192 462 514 195 463 226 196 464 226 196 465 229 197 466 38 192 467 227 194 468 262 198 469 39 199 470 39 199 471 464 200 472 235 201 473 235 201 474 234 202 475 39 199 476 39 199 477 514 195 478 227 194 479 232 159 480 218 136 481 40 203 482 40 203 483 433 204 484 211 205 485 40 203 486 437 206 487 230 207 488 40 203 489 439 208 490 232 159 491 41 209 492 436 188 493 216 143 494 216 143 495 233 162 496 41 209 497 41 209 498 438 161 499 228 210 500 41 209 501 440 211 502 215 176 503 261 212 504 212 184 505 42 213 506 42 213 507 508 183 508 214 214 509 214 214 510 224 215 511 42 213 512 42 213 513 461 216 514 261 212 515 43 217 516 464 200 517 259 218 518 259 218 519 230 207 520 43 217 521 43 217 522 437 206 523 256 219 524 256 219 525 260 220 526 43 217 527 44 221 528 521 222 529 235 201 530 235 201 531 260 220 532 44 221 533 44 221 534 461 216 535 224 215 536 224 215 537 223 223 538 44 221 539 211 205 540 254 224 541 45 225 542 45 225 543 459 226 544 261 212 545 261 212 546 256 219 547 45 225 548 45 225 549 437 206 550 211 205 551 257 227 552 225 160 553 46 228 554 46 228 555 439 208 556 259 218 557 259 218 558 262 198 559 46 228 560 46 228 561 462 229 562 257 227 563 47 230 564 440 211 565 228 210 566 228 210 567 257 227 568 47 230 569 47 230 570 462 229 571 263 193 572 263 193 573 258 177 574 47 230 575 222 231 576 201 232 577 48 233 578 48 233 579 457 187 580 264 189 581 264 189 582 217 234 583 48 233 584 48 233 585 512 235 586 222 231 587 49 236 588 431 237 589 251 238 590 251 238 591 265 185 592 49 236 593 265 185 594 254 224 595 49 236 596 49 236 597 433 204 598 198 135 599 231 239 600 217 234 601 50 240 602 50 240 603 460 174 604 266 179 605 266 179 606 229 197 607 50 240 608 50 240 609 519 241 610 231 239 611 51 242 612 432 155 613 210 154 614 210 154 615 244 243 616 51 242 617 51 242 618 449 86 619 267 171 620 267 171 621 208 244 622 51 242 623 251 238 624 209 156 625 52 245 626 52 245 627 432 155 628 208 244 629 208 244 630 268 164 631 52 245 632 52 245 633 456 181 634 251 238 635 204 246 636 181 247 637 53 248 638 181 247 639 269 149 640 53 248 641 53 248 642 457 187 643 201 232 644 53 248 645 503 249 646 204 246 647 54 250 648 474 251 649 150 252 650 150 252 651 250 253 652 54 250 653 54 250 654 455 254 655 270 126 656 270 126 657 146 255 658 54 250 659 55 256 660 415 257 661 189 131 662 189 131 663 249 258 664 55 256 665 55 256 666 454 259 667 271 122 668 271 122 669 240 260 670 55 256 671 56 261 672 416 21 673 183 117 674 183 117 675 248 90 676 56 261 677 248 90 678 272 110 679 56 261 680 56 261 681 443 54 682 238 262 683 57 263 684 493 264 685 180 265 686 180 265 687 167 76 688 57 263 689 57 263 690 448 266 691 273 107 692 273 107 693 246 267 694 57 263 695 58 268 696 470 269 697 175 270 698 175 270 699 246 267 700 58 268 701 58 268 702 451 106 703 274 101 704 274 101 705 144 271 706 58 268 707 172 272 708 182 112 709 59 273 710 59 273 711 453 89 712 275 94 713 59 273 714 452 146 715 181 247 716 59 273 717 491 274 718 172 272 719 162 73 720 245 275 721 60 276 722 60 276 723 450 82 724 276 87 725 276 87 726 244 243 727 60 276 728 60 276 729 423 153 730 162 73 731 61 277 732 419 119 733 243 108 734 61 277 735 448 266 736 277 75 737 61 277 738 450 82 739 245 275 740 245 275 741 166 61 742 61 277 743 62 278 744 426 130 745 148 22 746 148 22 747 238 262 748 62 278 749 238 262 750 278 52 751 62 278 752 62 278 753 454 259 754 249 258 755 63 279 756 414 18 757 157 17 758 157 17 759 240 260 760 63 279 761 63 279 762 445 121 763 279 46 764 279 46 765 241 32 766 63 279 767 250 253 768 191 280 769 64 281 770 191 280 771 144 271 772 64 281 773 144 271 774 280 39 775 64 281 776 64 281 777 455 254 778 250 253 779 154 282 780 140 283 781 65 284 782 65 284 783 474 251 784 146 255 785 146 255 786 281 34 787 65 284 788 65 284 789 444 25 790 154 282 791 66 285 792 473 286 793 160 287 794 160 287 795 282 33 796 66 285 797 66 285 798 446 45 799 159 50 800 159 50 801 151 288 802 66 285 803 67 289 804 472 290 805 154 282 806 154 282 807 283 29 808 67 289 809 67 289 810 447 31 811 160 287 812 160 287 813 142 291 814 67 289 815 68 292 816 465 293 817 296 294 818 296 294 819 287 295 820 68 292 821 68 292 822 468 296 823 295 297 824 295 297 825 300 298 826 68 292 827 294 299 828 329 300 829 69 301 830 69 301 831 495 302 832 286 303 833 286 303 834 288 304 835 69 301 836 69 301 837 469 305 838 294 299 839 287 295 840 290 306 841 70 307 842 70 307 843 475 308 844 299 309 845 299 309 846 284 310 847 70 307 848 284 310 849 287 295 850 70 307 851 71 311 852 495 302 853 328 312 854 328 312 855 293 313 856 71 311 857 71 311 858 477 314 859 285 315 860 285 315 861 286 303 862 71 311 863 72 316 864 525 317 865 407 318 866 407 318 867 366 319 868 72 316 869 72 316 870 467 320 871 296 294 872 296 294 873 363 321 874 72 316 875 73 322 876 528 323 877 406 324 878 406 324 879 365 325 880 73 322 881 73 322 882 475 308 883 290 306 884 290 306 885 366 319 886 73 322 887 405 326 888 363 321 889 74 327 890 363 321 891 300 298 892 74 327 893 74 327 894 466 328 895 361 329 896 361 329 897 405 326 898 74 327 899 404 330 900 327 331 901 75 332 902 75 332 903 498 333 904 294 299 905 294 299 906 360 334 907 75 332 908 75 332 909 522 335 910 404 330 911 76 336 912 527 337 913 301 338 914 301 338 915 155 49 916 76 336 917 76 336 918 479 48 919 298 339 920 298 339 921 403 340 922 76 336 923 402 341 924 326 342 925 77 343 926 77 343 927 496 57 928 143 56 929 143 56 930 292 344 931 77 343 932 77 343 933 524 345 934 402 341 935 78 346 936 471 347 937 321 348 938 78 346 939 482 349 940 305 350 941 78 346 942 485 351 943 307 352 944 307 352 945 322 353 946 78 346 947 306 354 948 309 355 949 79 356 950 309 355 951 317 357 952 79 356 953 79 356 954 489 358 955 303 359 956 303 359 957 306 354 958 79 356 959 305 350 960 303 359 961 80 360 962 303 359 963 311 361 964 80 360 965 311 361 966 304 362 967 80 360 968 80 360 969 485 351 970 305 350 971 308 363 972 401 364 973 81 365 974 401 364 975 312 366 976 81 365 977 81 365 978 486 79 979 165 78 980 165 78 981 308 363 982 81 365 983 82 367 984 531 368 985 400 369 986 82 367 987 530 370 988 310 371 989 82 367 990 492 84 991 171 83 992 171 83 993 312 366 994 82 367 995 83 372 996 534 373 997 399 374 998 399 374 999 371 375 1000 83 372 1001 83 372 1002 488 376 1003 309 355 1004 83 372 1005 481 377 1006 372 378 1007 84 379 1008 489 358 1009 336 380 1010 336 380 1011 331 381 1012 84 379 1013 84 379 1014 502 382 1015 314 383 1016 314 383 1017 311 361 1018 84 379 1019 85 384 1020 522 335 1021 360 334 1022 85 384 1023 469 305 1024 316 385 1025 85 384 1026 494 386 1027 313 387 1028 313 387 1029 398 388 1030 85 384 1031 86 389 1032 532 390 1033 313 387 1034 86 389 1035 494 386 1036 315 391 1037 315 391 1038 367 392 1039 86 389 1040 367 392 1041 397 393 1042 86 389 1043 396 394 1044 292 344 1045 87 395 1046 87 395 1047 480 115 1048 184 114 1049 87 395 1050 487 113 1051 319 396 1052 87 395 1053 534 373 1054 396 394 1055 321 348 1056 285 315 1057 88 397 1058 285 315 1059 320 398 1060 88 397 1061 88 397 1062 481 377 1063 306 354 1064 306 354 1065 321 348 1066 88 397 1067 288 304 1068 322 353 1069 89 399 1070 89 399 1071 483 400 1072 315 391 1073 315 391 1074 316 385 1075 89 399 1076 89 399 1077 469 305 1078 288 304 1079 90 401 1080 526 402 1081 298 339 1082 298 339 1083 188 123 1084 90 401 1085 90 401 1086 496 57 1087 326 342 1088 326 342 1089 395 403 1090 90 401 1091 91 404 1092 523 405 1093 361 329 1094 361 329 1095 325 406 1096 91 404 1097 91 404 1098 498 333 1099 327 331 1100 327 331 1101 394 407 1102 91 404 1103 92 408 1104 468 296 1105 284 310 1106 284 310 1107 324 409 1108 92 408 1109 92 408 1110 497 410 1111 328 312 1112 328 312 1113 323 411 1114 92 408 1115 93 412 1116 466 328 1117 295 297 1118 295 297 1119 323 411 1120 93 412 1121 93 412 1122 495 302 1123 329 300 1124 329 300 1125 325 406 1126 93 412 1127 94 413 1128 502 382 1129 350 414 1130 350 414 1131 348 415 1132 94 413 1133 348 415 1134 332 416 1135 94 413 1136 332 416 1137 338 417 1138 94 413 1139 95 418 1140 500 419 1141 349 420 1142 349 420 1143 346 421 1144 95 418 1145 95 418 1146 510 422 1147 333 423 1148 333 423 1149 334 424 1150 95 418 1151 96 425 1152 533 426 1153 393 427 1154 393 427 1155 376 428 1156 96 425 1157 96 425 1158 500 419 1159 337 429 1160 337 429 1161 371 375 1162 96 425 1163 97 430 1164 488 376 1165 337 429 1166 337 429 1167 334 424 1168 97 430 1169 97 430 1170 501 431 1171 336 380 1172 336 380 1173 317 357 1174 97 430 1175 98 432 1176 490 433 1177 314 383 1178 314 383 1179 338 417 1180 98 432 1181 338 417 1182 340 434 1183 98 432 1184 98 432 1185 507 435 1186 341 436 1187 99 437 1188 510 422 1189 358 438 1190 99 437 1191 517 439 1192 352 440 1193 352 440 1194 357 441 1195 99 437 1196 357 441 1197 344 442 1198 99 437 1199 392 443 1200 330 444 1201 100 445 1202 100 445 1203 504 169 1204 206 168 1205 206 168 1206 377 446 1207 100 445 1208 100 445 1209 539 447 1210 392 443 1211 101 448 1212 539 447 1213 377 446 1214 377 446 1215 203 172 1216 101 448 1217 101 448 1218 492 84 1219 310 371 1220 310 371 1221 391 449 1222 101 448 1223 102 450 1224 541 451 1225 390 452 1226 102 450 1227 544 453 1228 382 454 1229 382 454 1230 345 455 1231 102 450 1232 345 455 1233 379 456 1234 102 450 1235 103 457 1236 537 458 1237 389 459 1238 389 459 1239 343 460 1240 103 457 1241 103 457 1242 508 183 1243 221 182 1244 221 182 1245 330 444 1246 103 457 1247 104 461 1248 538 462 1249 388 463 1250 388 463 1251 379 456 1252 104 461 1253 104 461 1254 513 464 1255 349 420 1256 349 420 1257 376 428 1258 104 461 1259 105 465 1260 501 431 1261 333 423 1262 333 423 1263 344 442 1264 105 465 1265 105 465 1266 511 466 1267 350 414 1268 350 414 1269 331 381 1270 105 465 1271 106 467 1272 544 453 1273 355 468 1274 355 468 1275 226 196 1276 106 467 1277 106 467 1278 514 195 1279 353 469 1280 353 469 1281 387 470 1282 106 467 1283 386 471 1284 353 469 1285 107 472 1286 107 472 1287 514 195 1288 234 202 1289 234 202 1290 359 473 1291 107 472 1292 107 472 1293 545 474 1294 386 471 1295 348 415 1296 357 441 1297 108 475 1298 108 475 1299 518 476 1300 356 477 1301 108 475 1302 516 478 1303 342 479 1304 108 475 1305 509 480 1306 348 415 1307 109 481 1308 513 464 1309 345 455 1310 109 481 1311 520 482 1312 354 483 1313 109 481 1314 517 439 1315 358 438 1316 358 438 1317 346 421 1318 109 481 1319 343 460 1320 385 484 1321 110 485 1322 110 485 1323 542 486 1324 351 487 1325 351 487 1326 214 214 1327 110 485 1328 110 485 1329 508 183 1330 343 460 1331 111 488 1332 545 474 1333 384 489 1334 384 489 1335 380 490 1336 111 488 1337 111 488 1338 516 478 1339 356 477 1340 356 477 1341 383 491 1342 111 488 1343 112 492 1344 521 222 1345 223 223 1346 223 223 1347 351 487 1348 112 492 1349 112 492 1350 542 486 1351 384 489 1352 384 489 1353 359 473 1354 112 492 1355 378 493 1356 342 479 1357 113 494 1358 113 494 1359 516 478 1360 380 490 1361 380 490 1362 385 484 1363 113 494 1364 113 494 1365 540 495 1366 378 493 1367 352 440 1368 381 496 1369 114 497 1370 114 497 1371 543 498 1372 386 471 1373 386 471 1374 383 491 1375 114 497 1376 114 497 1377 518 476 1378 352 440 1379 115 499 1380 520 482 1381 382 454 1382 382 454 1383 387 470 1384 115 499 1385 115 499 1386 543 498 1387 381 496 1388 381 496 1389 354 483 1390 115 499 1391 335 500 1392 222 231 1393 116 501 1394 116 501 1395 512 235 1396 347 502 1397 347 502 1398 388 463 1399 116 501 1400 116 501 1401 538 462 1402 335 500 1403 117 503 1404 506 504 1405 332 416 1406 117 503 1407 509 480 1408 378 493 1409 378 493 1410 389 459 1411 117 503 1412 389 459 1413 375 505 1414 117 503 1415 347 502 1416 231 239 1417 118 506 1418 118 506 1419 519 241 1420 355 468 1421 355 468 1422 390 452 1423 118 506 1424 118 506 1425 541 451 1426 347 502 1427 119 507 1428 507 435 1429 339 508 1430 339 508 1431 391 449 1432 119 507 1433 119 507 1434 530 370 1435 368 509 1436 368 509 1437 341 436 1438 119 507 1439 340 434 1440 375 505 1441 120 510 1442 120 510 1443 537 458 1444 392 443 1445 392 443 1446 339 508 1447 120 510 1448 120 510 1449 507 435 1450 340 434 1451 318 511 1452 204 246 1453 121 512 1454 121 512 1455 503 249 1456 335 500 1457 121 512 1458 538 462 1459 393 427 1460 393 427 1461 318 511 1462 121 512 1463 122 513 1464 474 251 1465 291 514 1466 291 514 1467 394 407 1468 122 513 1469 122 513 1470 536 515 1471 374 516 1472 374 516 1473 150 252 1474 122 513 1475 123 517 1476 476 518 1477 364 519 1478 364 519 1479 395 403 1480 123 517 1481 123 517 1482 535 520 1483 373 521 1484 373 521 1485 324 409 1486 123 517 1487 124 522 1488 477 314 1489 362 523 1490 124 522 1491 524 345 1492 396 394 1493 396 394 1494 372 378 1495 124 522 1496 372 378 1497 320 398 1498 124 522 1499 125 524 1500 493 264 1501 370 525 1502 370 525 1503 397 393 1504 125 524 1505 125 524 1506 529 526 1507 308 363 1508 308 363 1509 180 265 1510 125 524 1511 126 527 1512 470 269 1513 289 528 1514 289 528 1515 398 388 1516 126 527 1517 126 527 1518 532 390 1519 370 525 1520 370 525 1521 175 270 1522 126 527 1523 319 396 1524 172 272 1525 127 529 1526 127 529 1527 491 274 1528 318 511 1529 127 529 1530 533 426 1531 399 374 1532 127 529 1533 534 373 1534 319 396 1535 369 530 1536 304 362 1537 128 531 1538 128 531 1539 490 433 1540 368 509 1541 368 509 1542 400 369 1543 128 531 1544 128 531 1545 531 368 1546 369 530 1547 129 532 1548 483 400 1549 307 352 1550 307 352 1551 369 530 1552 129 532 1553 129 532 1554 531 368 1555 401 364 1556 129 532 1557 529 526 1558 367 392 1559 130 533 1560 497 410 1561 373 521 1562 130 533 1563 535 520 1564 402 341 1565 402 341 1566 362 523 1567 130 533 1568 362 523 1569 293 313 1570 130 533 1571 131 534 1572 475 308 1573 365 325 1574 365 325 1575 403 340 1576 131 534 1577 131 534 1578 526 402 1579 364 519 1580 364 519 1581 299 309 1582 131 534 1583 191 280 1584 374 516 1585 132 535 1586 132 535 1587 536 515 1588 404 330 1589 404 330 1590 289 528 1591 132 535 1592 289 528 1593 191 280 1594 132 535 1595 140 283 1596 297 536 1597 133 537 1598 133 537 1599 525 317 1600 405 326 1601 405 326 1602 291 514 1603 133 537 1604 133 537 1605 474 251 1606 140 283 1607 134 538 1608 473 286 1609 151 288 1610 151 288 1611 301 338 1612 134 538 1613 134 538 1614 527 337 1615 406 324 1616 406 324 1617 302 539 1618 134 538 1619 135 540 1620 472 290 1621 142 291 1622 142 291 1623 302 539 1624 135 540 1625 135 540 1626 528 323 1627 407 318 1628 407 318 1629 297 536 1630 135 540 1631 607 541 1632 623 542 1633 546 543 1634 546 543 1635 660 544 1636 615 545 1637 615 545 1638 608 546 1639 546 543 1640 546 543 1641 655 547 1642 607 541 1643 547 548 1644 648 549 1645 629 550 1646 629 550 1647 583 551 1648 547 548 1649 547 548 1650 653 552 1651 591 553 1652 591 553 1653 638 554 1654 547 548 1655 548 555 1656 665 556 1657 586 557 1658 586 557 1659 635 558 1660 548 555 1661 548 555 1662 658 559 1663 589 560 1664 589 560 1665 614 561 1666 548 555 1667 549 562 1668 664 563 1669 618 564 1670 618 564 1671 611 565 1672 549 562 1673 611 565 1674 620 566 1675 549 562 1676 620 566 1677 635 558 1678 549 562 1679 617 567 1680 596 568 1681 550 569 1682 550 569 1683 666 570 1684 581 571 1685 581 571 1686 623 542 1687 550 569 1688 623 542 1689 617 567 1690 550 569 1691 595 572 1692 630 573 1693 551 574 1694 630 573 1695 633 575 1696 551 574 1697 551 574 1698 662 576 1699 632 577 1700 551 574 1701 656 578 1702 595 572 1703 552 579 1704 654 580 1705 615 545 1706 615 545 1707 598 581 1708 552 579 1709 552 579 1710 659 582 1711 637 583 1712 637 583 1713 583 551 1714 552 579 1715 597 584 1716 619 585 1717 553 586 1718 619 585 1719 608 546 1720 553 586 1721 553 586 1722 654 580 1723 629 550 1724 553 586 1725 648 549 1726 597 584 1727 592 587 1728 628 588 1729 554 589 1730 554 589 1731 652 590 1732 593 591 1733 593 591 1734 612 592 1735 554 589 1736 612 592 1737 592 587 1738 554 589 1739 555 593 1740 653 552 1741 626 594 1742 626 594 1743 628 588 1744 555 593 1745 555 593 1746 646 595 1747 625 596 1748 625 596 1749 591 553 1750 555 593 1751 590 597 1752 606 598 1753 556 599 1754 606 598 1755 640 600 1756 556 599 1757 556 599 1758 667 601 1759 617 567 1760 556 599 1761 661 602 1762 590 597 1763 557 603 1764 651 604 1765 595 572 1766 595 572 1767 639 605 1768 557 603 1769 639 605 1770 585 606 1771 557 603 1772 557 603 1773 645 607 1774 612 592 1775 558 608 1776 666 570 1777 634 609 1778 634 609 1779 614 561 1780 558 608 1781 558 608 1782 659 582 1783 598 581 1784 558 608 1785 660 544 1786 581 571 1787 559 610 1788 658 559 1789 620 566 1790 620 566 1791 630 573 1792 559 610 1793 559 610 1794 651 604 1795 593 591 1796 593 591 1797 636 611 1798 559 610 1799 639 605 1800 587 612 1801 560 613 1802 560 613 1803 655 547 1804 619 585 1805 560 613 1806 649 614 1807 627 615 1808 627 615 1809 639 605 1810 560 613 1811 561 616 1812 656 578 1813 632 577 1814 632 577 1815 590 597 1816 561 616 1817 561 616 1818 661 602 1819 607 541 1820 607 541 1821 587 612 1822 561 616 1823 562 617 1824 657 618 1825 611 565 1826 562 617 1827 663 619 1828 621 620 1829 562 617 1830 668 621 1831 606 598 1832 606 598 1833 633 575 1834 562 617 1835 563 622 1836 663 619 1837 584 623 1838 584 623 1839 609 624 1840 563 622 1841 563 622 1842 674 625 1843 616 626 1844 616 626 1845 621 620 1846 563 622 1847 618 564 1848 599 627 1849 564 628 1850 599 627 1851 622 629 1852 564 628 1853 564 628 1854 669 630 1855 584 623 1856 564 628 1857 663 619 1858 618 564 1859 586 557 1860 588 631 1861 565 632 1862 588 631 1863 582 633 1864 565 632 1865 565 632 1866 670 634 1867 599 627 1868 565 632 1869 664 563 1870 586 557 1871 634 609 1872 613 635 1873 566 636 1874 566 636 1875 672 637 1876 610 638 1877 610 638 1878 588 631 1879 566 636 1880 566 636 1881 665 556 1882 634 609 1883 596 568 1884 579 639 1885 567 640 1886 567 640 1887 673 641 1888 580 642 1889 580 642 1890 613 635 1891 567 640 1892 567 640 1893 666 570 1894 596 568 1895 568 643 1896 668 621 1897 616 626 1898 616 626 1899 603 644 1900 568 643 1901 603 644 1902 579 639 1903 568 643 1904 579 639 1905 640 600 1906 568 643 1907 569 645 1908 669 630 1909 643 646 1910 569 645 1911 675 647 1912 601 648 1913 601 648 1914 600 649 1915 569 645 1916 600 649 1917 609 624 1918 569 645 1919 570 650 1920 670 634 1921 602 651 1922 570 650 1923 676 652 1924 604 653 1925 570 650 1926 675 647 1927 643 646 1928 643 646 1929 622 629 1930 570 650 1931 571 654 1932 671 655 1933 578 656 1934 578 656 1935 642 657 1936 571 654 1937 571 654 1938 676 652 1939 602 651 1940 602 651 1941 582 633 1942 571 654 1943 610 638 1944 605 658 1945 572 659 1946 572 659 1947 678 660 1948 631 661 1949 631 661 1950 578 656 1951 572 659 1952 572 659 1953 671 655 1954 610 638 1955 580 642 1956 641 662 1957 573 663 1958 573 663 1959 679 664 1960 594 665 1961 573 663 1962 678 660 1963 605 658 1964 573 663 1965 672 637 1966 580 642 1967 574 666 1968 674 625 1969 600 649 1970 600 649 1971 624 667 1972 574 666 1973 574 666 1974 679 664 1975 641 662 1976 574 666 1977 673 641 1978 603 644 1979 601 648 1980 604 653 1981 575 668 1982 604 653 1983 642 657 1984 575 668 1985 575 668 1986 677 669 1987 644 670 1988 575 668 1989 680 671 1990 601 648 1991 594 665 1992 624 667 1993 576 672 1994 576 672 1995 680 671 1996 644 670 1997 576 672 1998 677 669 1999 631 661 2000 631 661 2001 594 665 2002 576 672 2003 626 594 2004 637 583 2005 577 673 2006 577 673 2007 659 582 2008 589 560 2009 589 560 2010 636 611 2011 577 673 2012 577 673 2013 652 590 2014 626 594 2015 681 674 2016 1146 675 2017 827 676 2018 827 676 2019 826 677 2020 681 674 2021 681 674 2022 1131 678 2023 856 679 2024 856 679 2025 866 680 2026 681 674 2027 682 681 2028 1147 682 2029 856 679 2030 856 679 2031 830 683 2032 682 681 2033 682 681 2034 1133 684 2035 857 685 2036 857 685 2037 865 686 2038 682 681 2039 864 687 2040 857 685 2041 683 688 2042 683 688 2043 1133 684 2044 833 689 2045 833 689 2046 858 690 2047 683 688 2048 683 688 2049 1149 691 2050 864 687 2051 863 692 2052 858 690 2053 684 693 2054 684 693 2055 1135 694 2056 836 695 2057 836 695 2058 859 696 2059 684 693 2060 684 693 2061 1150 697 2062 863 692 2063 862 698 2064 859 696 2065 685 699 2066 685 699 2067 1137 700 2068 839 701 2069 839 701 2070 860 702 2071 685 699 2072 685 699 2073 1151 703 2074 862 698 2075 686 704 2076 1151 703 2077 860 702 2078 860 702 2079 842 705 2080 686 704 2081 686 704 2082 1129 706 2083 827 676 2084 827 676 2085 861 707 2086 686 704 2087 687 708 2088 1128 709 2089 825 710 2090 825 710 2091 885 711 2092 687 708 2093 687 708 2094 1159 712 2095 879 713 2096 687 708 2097 1158 714 2098 886 715 2099 841 716 2100 840 717 2101 688 718 2102 688 718 2103 1145 719 2104 849 720 2105 849 720 2106 843 721 2107 688 718 2108 688 718 2109 1128 709 2110 841 716 2111 838 722 2112 837 723 2113 689 724 2114 689 724 2115 1144 725 2116 850 726 2117 850 726 2118 840 717 2119 689 724 2120 689 724 2121 1138 727 2122 838 722 2123 690 728 2124 1134 729 2125 834 730 2126 834 730 2127 851 731 2128 690 728 2129 851 731 2130 837 723 2131 690 728 2132 837 723 2133 835 732 2134 690 728 2135 691 733 2136 1132 734 2137 831 735 2138 831 735 2139 852 736 2140 691 733 2141 691 733 2142 1143 737 2143 834 730 2144 834 730 2145 832 738 2146 691 733 2147 692 739 2148 1130 740 2149 828 741 2150 828 741 2151 853 742 2152 692 739 2153 692 739 2154 1142 743 2155 831 735 2156 831 735 2157 829 744 2158 692 739 2159 825 710 2160 843 721 2161 693 745 2162 693 745 2163 1140 746 2164 854 747 2165 693 745 2166 1141 748 2167 828 741 2168 693 745 2169 1130 740 2170 825 710 2171 694 749 2172 1156 750 2173 871 751 2174 871 751 2175 861 707 2176 694 749 2177 694 749 2178 1146 675 2179 855 752 2180 855 752 2181 878 753 2182 694 749 2183 877 754 2184 870 755 2185 695 756 2186 695 756 2187 1150 697 2188 862 698 2189 695 756 2190 1151 703 2191 871 751 2192 871 751 2193 877 754 2194 695 756 2195 876 757 2196 869 758 2197 696 759 2198 696 759 2199 1149 691 2200 863 692 2201 863 692 2202 870 755 2203 696 759 2204 696 759 2205 1155 760 2206 876 757 2207 875 761 2208 868 762 2209 697 763 2210 697 763 2211 1148 764 2212 864 687 2213 864 687 2214 869 758 2215 697 763 2216 697 763 2217 1154 765 2218 875 761 2219 698 766 2220 1152 767 2221 867 768 2222 867 768 2223 865 686 2224 698 766 2225 865 686 2226 868 762 2227 698 766 2228 698 766 2229 1153 769 2230 874 770 2231 699 771 2232 1157 772 2233 855 752 2234 855 752 2235 866 680 2236 699 771 2237 699 771 2238 1147 682 2239 867 768 2240 867 768 2241 873 773 2242 699 771 2243 700 774 2244 1140 746 2245 872 775 2246 872 775 2247 873 773 2248 700 774 2249 700 774 2250 1152 767 2251 844 776 2252 844 776 2253 854 747 2254 700 774 2255 701 777 2256 1141 748 2257 844 776 2258 844 776 2259 874 770 2260 701 777 2261 701 777 2262 1153 769 2263 845 778 2264 845 778 2265 853 742 2266 701 777 2267 852 736 2268 845 778 2269 702 779 2270 702 779 2271 1153 769 2272 875 761 2273 875 761 2274 846 780 2275 702 779 2276 702 779 2277 1143 737 2278 852 736 2279 851 731 2280 846 780 2281 703 781 2282 703 781 2283 1154 765 2284 876 757 2285 876 757 2286 847 782 2287 703 781 2288 703 781 2289 1144 725 2290 851 731 2291 850 726 2292 847 782 2293 704 783 2294 704 783 2295 1155 760 2296 877 754 2297 704 783 2298 1156 750 2299 848 784 2300 848 784 2301 850 726 2302 704 783 2303 705 785 2304 1145 719 2305 848 784 2306 848 784 2307 878 753 2308 705 785 2309 705 785 2310 1157 772 2311 872 775 2312 872 775 2313 849 720 2314 705 785 2315 884 786 2316 879 713 2317 706 787 2318 879 713 2319 880 788 2320 706 787 2321 880 788 2322 881 789 2323 706 787 2324 881 789 2325 882 790 2326 706 787 2327 882 790 2328 883 791 2329 706 787 2330 883 791 2331 884 786 2332 706 787 2333 888 792 2334 832 738 2335 707 793 2336 707 793 2337 1134 729 2338 887 794 2339 707 793 2340 1161 795 2341 881 789 2342 707 793 2343 1160 796 2344 888 792 2345 708 797 2346 1138 727 2347 841 716 2348 841 716 2349 886 715 2350 708 797 2351 708 797 2352 1158 714 2353 884 786 2354 708 797 2355 1163 798 2356 889 799 2357 887 794 2358 835 732 2359 709 800 2360 835 732 2361 890 801 2362 709 800 2363 709 800 2364 1162 802 2365 882 790 2366 709 800 2367 1161 795 2368 887 794 2369 885 711 2370 829 744 2371 710 803 2372 710 803 2373 1132 734 2374 888 792 2375 710 803 2376 1160 796 2377 880 788 2378 710 803 2379 1159 712 2380 885 711 2381 711 804 2382 1136 805 2383 838 722 2384 838 722 2385 889 799 2386 711 804 2387 711 804 2388 1163 798 2389 883 791 2390 711 804 2391 1162 802 2392 890 801 2393 712 806 2394 1187 807 2395 945 808 2396 945 808 2397 917 809 2398 712 806 2399 917 809 2400 918 810 2401 712 806 2402 712 806 2403 1184 811 2404 925 812 2405 923 813 2406 918 810 2407 713 814 2408 713 814 2409 1170 815 2410 899 816 2411 899 816 2412 919 817 2413 713 814 2414 713 814 2415 1185 818 2416 923 813 2417 922 819 2418 919 817 2419 714 820 2420 714 820 2421 1172 821 2422 902 822 2423 714 820 2424 1174 823 2425 920 824 2426 714 820 2427 1186 825 2428 922 819 2429 715 826 2430 1186 825 2431 920 824 2432 920 824 2433 905 827 2434 715 826 2435 715 826 2436 1165 828 2437 892 829 2438 892 829 2439 921 830 2440 715 826 2441 716 831 2442 1164 832 2443 891 833 2444 891 833 2445 934 834 2446 716 831 2447 716 831 2448 1190 835 2449 928 836 2450 716 831 2451 1189 837 2452 935 838 2453 904 839 2454 903 840 2455 717 841 2456 717 841 2457 1180 842 2458 910 843 2459 910 843 2460 906 844 2461 717 841 2462 717 841 2463 1164 832 2464 904 839 2465 901 845 2466 900 846 2467 718 847 2468 718 847 2469 1179 848 2470 911 849 2471 911 849 2472 903 840 2473 718 847 2474 718 847 2475 1173 850 2476 901 845 2477 719 851 2478 1169 852 2479 897 853 2480 897 853 2481 912 854 2482 719 851 2483 912 854 2484 900 846 2485 719 851 2486 900 846 2487 898 855 2488 719 851 2489 720 856 2490 1168 857 2491 895 858 2492 895 858 2493 913 859 2494 720 856 2495 720 856 2496 1178 860 2497 897 853 2498 897 853 2499 896 861 2500 720 856 2501 721 862 2502 1166 863 2503 893 864 2504 893 864 2505 914 865 2506 721 862 2507 721 862 2508 1177 866 2509 895 858 2510 895 858 2511 894 867 2512 721 862 2513 891 833 2514 906 844 2515 722 868 2516 722 868 2517 1175 869 2518 915 870 2519 915 870 2520 893 864 2521 722 868 2522 722 868 2523 1166 863 2524 891 833 2525 945 808 2526 927 871 2527 723 872 2528 723 872 2529 1202 873 2530 916 874 2531 915 870 2532 926 875 2533 724 876 2534 926 875 2535 940 877 2536 724 876 2537 724 876 2538 1195 878 2539 907 879 2540 907 879 2541 915 870 2542 724 876 2543 725 880 2544 1178 860 2545 908 881 2546 908 881 2547 967 882 2548 725 880 2549 967 882 2550 966 883 2551 725 880 2552 725 880 2553 1179 848 2554 912 854 2555 933 884 2556 928 836 2557 726 885 2558 928 836 2559 929 886 2560 726 885 2561 929 886 2562 930 887 2563 726 885 2564 930 887 2565 931 888 2566 726 885 2567 931 888 2568 932 889 2569 726 885 2570 932 889 2571 933 884 2572 726 885 2573 937 890 2574 896 861 2575 727 891 2576 727 891 2577 1169 852 2578 936 892 2579 727 891 2580 1192 893 2581 930 887 2582 727 891 2583 1191 894 2584 937 890 2585 728 895 2586 1173 850 2587 904 839 2588 904 839 2589 935 838 2590 728 895 2591 728 895 2592 1189 837 2593 933 884 2594 728 895 2595 1194 896 2596 938 897 2597 936 892 2598 898 855 2599 729 898 2600 729 898 2601 1171 899 2602 939 900 2603 729 898 2604 1193 901 2605 931 888 2606 729 898 2607 1192 893 2608 936 892 2609 934 834 2610 894 867 2611 730 902 2612 730 902 2613 1168 857 2614 937 890 2615 730 902 2616 1191 894 2617 929 886 2618 730 902 2619 1190 835 2620 934 834 2621 731 903 2622 1171 899 2623 901 845 2624 901 845 2625 938 897 2626 731 903 2627 731 903 2628 1194 896 2629 932 889 2630 731 903 2631 1193 901 2632 939 900 2633 732 904 2634 1198 905 2635 944 906 2636 732 904 2637 1196 907 2638 942 908 2639 942 908 2640 940 877 2641 732 904 2642 732 904 2643 1188 909 2644 941 910 2645 922 819 2646 946 911 2647 733 912 2648 946 911 2649 925 812 2650 733 912 2651 733 912 2652 1184 811 2653 923 813 2654 733 912 2655 1185 818 2656 922 819 2657 734 913 2658 1201 914 2659 924 915 2660 734 913 2661 1202 873 2662 927 871 2663 927 871 2664 946 911 2665 734 913 2666 946 911 2667 921 830 2668 734 913 2669 951 916 2670 947 917 2671 735 918 2672 947 917 2673 952 919 2674 735 918 2675 735 918 2676 1201 914 2677 892 829 2678 892 829 2679 951 916 2680 735 918 2681 953 920 2682 948 921 2683 736 922 2684 736 922 2685 1199 923 2686 950 924 2687 950 924 2688 916 874 2689 736 922 2690 736 922 2691 1202 873 2692 953 920 2693 737 925 2694 1206 926 2695 949 927 2696 737 925 2697 1182 928 2698 953 920 2699 953 920 2700 924 915 2701 737 925 2702 924 915 2703 952 919 2704 737 925 2705 738 929 2706 1203 930 2707 954 931 2708 954 931 2709 960 932 2710 738 929 2711 960 932 2712 957 933 2713 738 929 2714 738 929 2715 1204 934 2716 958 935 2717 944 906 2718 956 936 2719 739 937 2720 956 936 2721 958 935 2722 739 937 2723 958 935 2724 955 938 2725 739 937 2726 739 937 2727 1196 907 2728 944 906 2729 943 939 2730 909 940 2731 740 941 2732 740 941 2733 1203 930 2734 956 936 2735 740 941 2736 1198 905 2737 941 910 2738 740 941 2739 1188 909 2740 943 939 2741 741 942 2742 1195 878 2743 942 908 2744 741 942 2745 1196 907 2746 955 938 2747 741 942 2748 1204 934 2749 972 943 2750 972 943 2751 973 944 2752 741 942 2753 742 945 2754 1205 946 2755 961 947 2756 742 945 2757 1200 948 2758 960 932 2759 742 945 2760 1181 949 2761 962 950 2762 742 945 2763 1206 926 2764 947 917 2765 743 951 2766 1206 926 2767 962 950 2768 962 950 2769 965 952 2770 743 951 2771 743 951 2772 1208 953 2773 968 954 2774 968 954 2775 949 927 2776 743 951 2777 744 955 2778 1182 928 2779 968 954 2780 968 954 2781 967 882 2782 744 955 2783 967 882 2784 963 956 2785 744 955 2786 963 956 2787 948 921 2788 744 955 2789 964 957 2790 965 952 2791 745 958 2792 745 958 2793 1181 949 2794 954 931 2795 954 931 2796 909 940 2797 745 958 2798 745 958 2799 1207 959 2800 964 957 2801 746 960 2802 1180 842 2803 911 849 2804 911 849 2805 966 883 2806 746 960 2807 746 960 2808 1208 953 2809 964 957 2810 964 957 2811 969 961 2812 746 960 2813 747 962 2814 1175 869 2815 910 843 2816 910 843 2817 969 961 2818 747 962 2819 747 962 2820 1207 959 2821 943 939 2822 943 939 2823 926 875 2824 747 962 2825 972 943 2826 957 933 2827 748 963 2828 748 963 2829 1200 948 2830 959 964 2831 748 963 2832 1209 965 2833 972 943 2834 908 881 2835 913 859 2836 749 966 2837 749 966 2838 1177 866 2839 970 967 2840 970 967 2841 971 968 2842 749 966 2843 907 879 2844 973 944 2845 750 969 2846 750 969 2847 1209 965 2848 970 967 2849 970 967 2850 914 865 2851 750 969 2852 750 969 2853 1176 970 2854 907 879 2855 751 971 2856 1172 821 2857 899 816 2858 899 816 2859 975 972 2860 751 971 2861 752 973 2862 1174 823 2863 902 822 2864 902 822 2865 974 974 2866 752 973 2867 753 975 2868 1228 976 2869 1018 977 2870 1018 977 2871 1008 978 2872 753 975 2873 753 975 2874 1213 979 2875 978 980 2876 978 980 2877 979 981 2878 753 975 2879 754 982 2880 1229 983 2881 1017 984 2882 1017 984 2883 1009 985 2884 754 982 2885 754 982 2886 1215 986 2887 982 987 2888 982 987 2889 1008 978 2890 754 982 2891 1009 985 2892 1016 988 2893 755 989 2894 755 989 2895 1231 990 2896 1010 991 2897 1010 991 2898 985 992 2899 755 989 2900 755 989 2901 1215 986 2902 1009 985 2903 1010 991 2904 1015 993 2905 756 994 2906 756 994 2907 1232 995 2908 1011 996 2909 1011 996 2910 988 997 2911 756 994 2912 756 994 2913 1217 998 2914 1010 991 2915 1011 996 2916 1014 999 2917 757 1000 2918 757 1000 2919 1233 1001 2920 1012 1002 2921 1012 1002 2922 991 1003 2923 757 1000 2924 757 1000 2925 1219 1004 2926 1011 996 2927 758 1005 2928 1233 1001 2929 1013 1006 2930 1013 1006 2931 979 981 2932 758 1005 2933 758 1005 2934 1211 1007 2935 994 1008 2936 994 1008 2937 1012 1002 2938 758 1005 2939 759 1009 2940 1210 1010 2941 1038 1011 2942 759 1009 2943 1240 1012 2944 1031 1013 2945 759 1009 2946 1241 1014 2947 1037 1015 2948 1037 1015 2949 977 1016 2950 759 1009 2951 992 1017 2952 993 1018 2953 760 1019 2954 760 1019 2955 1210 1010 2956 995 1020 2957 995 1020 2958 1001 1021 2959 760 1019 2960 760 1019 2961 1227 1022 2962 992 1017 2963 989 1023 2964 990 1024 2965 761 1025 2966 761 1025 2967 1220 1026 2968 992 1017 2969 992 1017 2970 1002 1027 2971 761 1025 2972 761 1025 2973 1226 1028 2974 989 1023 2975 762 1029 2976 1216 1030 2977 987 1031 2978 987 1031 2979 989 1023 2980 762 1029 2981 989 1023 2982 1003 1032 2983 762 1029 2984 1003 1032 2985 986 1033 2986 762 1029 2987 763 1034 2988 1214 1035 2989 984 1036 2990 984 1036 2991 986 1033 2992 763 1034 2993 763 1034 2994 1225 1037 2995 1004 1038 2996 1004 1038 2997 983 1039 2998 763 1034 2999 764 1040 3000 1212 1041 3001 981 1042 3002 981 1042 3003 983 1039 3004 764 1040 3005 764 1040 3006 1224 1043 3007 1005 1044 3008 1005 1044 3009 980 1045 3010 764 1040 3011 995 1020 3012 977 1016 3013 765 1046 3014 765 1046 3015 1212 1041 3016 980 1045 3017 765 1046 3018 1223 1047 3019 1006 1048 3020 765 1046 3021 1222 1049 3022 995 1020 3023 766 1050 3024 1238 1051 3025 1030 1052 3026 1030 1052 3027 1007 1053 3028 766 1050 3029 766 1050 3030 1228 976 3031 1013 1006 3032 1013 1006 3033 1023 1054 3034 766 1050 3035 1022 1055 3036 1029 1056 3037 767 1057 3038 1029 1056 3039 1023 1054 3040 767 1057 3041 767 1057 3042 1233 1001 3043 1014 999 3044 767 1057 3045 1232 995 3046 1022 1055 3047 1021 1058 3048 1028 1059 3049 768 1060 3050 768 1060 3051 1237 1061 3052 1022 1055 3053 1022 1055 3054 1015 993 3055 768 1060 3056 768 1060 3057 1231 990 3058 1021 1058 3059 1020 1062 3060 1027 1063 3061 769 1064 3062 769 1064 3063 1236 1065 3064 1021 1058 3065 1021 1058 3066 1016 988 3067 769 1064 3068 769 1064 3069 1230 1066 3070 1020 1062 3071 770 1067 3072 1234 1068 3073 1026 1069 3074 770 1067 3075 1235 1070 3076 1020 1062 3077 1020 1062 3078 1017 984 3079 770 1067 3080 1017 984 3081 1019 1071 3082 770 1067 3083 771 1072 3084 1239 1073 3085 1025 1074 3086 1025 1074 3087 1019 1071 3088 771 1072 3089 771 1072 3090 1229 983 3091 1018 977 3092 1018 977 3093 1007 1053 3094 771 1072 3095 772 1075 3096 1222 1049 3097 1006 1048 3098 1006 1048 3099 996 1076 3100 772 1075 3101 772 1075 3102 1234 1068 3103 1025 1074 3104 1025 1074 3105 1024 1077 3106 772 1075 3107 773 1078 3108 1223 1047 3109 1005 1044 3110 1005 1044 3111 997 1079 3112 773 1078 3113 773 1078 3114 1235 1070 3115 1026 1069 3116 1026 1069 3117 996 1076 3118 773 1078 3119 997 1079 3120 1004 1038 3121 774 1080 3122 774 1080 3123 1225 1037 3124 998 1081 3125 998 1081 3126 1027 1063 3127 774 1080 3128 774 1080 3129 1235 1070 3130 997 1079 3131 998 1081 3132 1003 1032 3133 775 1082 3134 775 1082 3135 1226 1028 3136 999 1083 3137 999 1083 3138 1028 1059 3139 775 1082 3140 775 1082 3141 1236 1065 3142 998 1081 3143 999 1083 3144 1002 1027 3145 776 1084 3146 1002 1027 3147 1000 1085 3148 776 1084 3149 776 1084 3150 1238 1051 3151 1029 1056 3152 776 1084 3153 1237 1061 3154 999 1083 3155 777 1086 3156 1227 1022 3157 1001 1021 3158 1001 1021 3159 1024 1077 3160 777 1086 3161 777 1086 3162 1239 1073 3163 1030 1052 3164 1030 1052 3165 1000 1085 3166 777 1086 3167 1031 1013 3168 1036 1087 3169 778 787 3170 1036 1087 3171 1035 1088 3172 778 787 3173 1035 1088 3174 1034 1089 3175 778 787 3176 1034 1089 3177 1033 1090 3178 778 787 3179 1033 1090 3180 1032 1091 3181 778 787 3182 1032 1091 3183 1031 1013 3184 778 787 3185 984 1036 3186 1040 1092 3187 779 1093 3188 779 1093 3189 1242 1094 3190 1033 1090 3191 779 1093 3192 1243 1095 3193 1039 1096 3194 779 1093 3195 1216 1030 3196 984 1036 3197 780 1097 3198 1220 1026 3199 1041 1098 3200 780 1097 3201 1245 1099 3202 1036 1087 3203 780 1097 3204 1240 1012 3205 1038 1011 3206 1038 1011 3207 993 1018 3208 780 1097 3209 987 1031 3210 1039 1096 3211 781 1100 3212 781 1100 3213 1243 1095 3214 1034 1089 3215 781 1100 3216 1244 1101 3217 1042 1102 3218 1042 1102 3219 987 1031 3220 781 1100 3221 981 1042 3222 1037 1015 3223 782 1103 3224 782 1103 3225 1241 1014 3226 1032 1091 3227 782 1103 3228 1242 1094 3229 1040 1092 3230 782 1103 3231 1214 1035 3232 981 1042 3233 783 1104 3234 1218 1105 3235 1042 1102 3236 783 1104 3237 1244 1101 3238 1035 1088 3239 783 1104 3240 1245 1099 3241 1041 1098 3242 1041 1098 3243 990 1024 3244 783 1104 3245 784 1106 3246 1269 1107 3247 1077 1108 3248 784 1106 3249 1266 1109 3250 1070 1110 3251 1070 1110 3252 1069 1111 3253 784 1106 3254 1069 1111 3255 1097 1112 3256 784 1106 3257 1070 1110 3258 1075 1113 3259 785 1114 3260 785 1114 3261 1267 1115 3262 1071 1116 3263 1071 1116 3264 1051 1117 3265 785 1114 3266 785 1114 3267 1252 1118 3268 1070 1110 3269 1071 1116 3270 1074 1119 3271 786 1120 3272 786 1120 3273 1268 1121 3274 1072 1122 3275 786 1120 3276 1256 1123 3277 1054 1124 3278 786 1120 3279 1254 1125 3280 1071 1116 3281 787 1126 3282 1268 1121 3283 1073 1127 3284 1073 1127 3285 1044 1128 3286 787 1126 3287 787 1126 3288 1247 1129 3289 1057 1130 3290 1057 1130 3291 1072 1122 3292 787 1126 3293 788 1131 3294 1246 1132 3295 1087 1133 3296 788 1131 3297 1271 1134 3298 1080 1135 3299 788 1131 3300 1272 1136 3301 1086 1137 3302 1086 1137 3303 1043 1138 3304 788 1131 3305 1055 1139 3306 1056 1140 3307 789 1141 3308 789 1141 3309 1246 1132 3310 1058 1142 3311 1058 1142 3312 1062 1143 3313 789 1141 3314 789 1141 3315 1262 1144 3316 1055 1139 3317 1052 1145 3318 1053 1146 3319 790 1147 3320 790 1147 3321 1255 1148 3322 1055 1139 3323 1055 1139 3324 1063 1149 3325 790 1147 3326 790 1147 3327 1261 1150 3328 1052 1145 3329 791 1151 3330 1251 1152 3331 1050 1153 3332 1050 1153 3333 1052 1145 3334 791 1151 3335 1052 1145 3336 1064 1154 3337 791 1151 3338 1064 1154 3339 1049 1155 3340 791 1151 3341 792 1156 3342 1250 1157 3343 1048 1158 3344 1048 1158 3345 1049 1155 3346 792 1156 3347 792 1156 3348 1260 1159 3349 1065 1160 3350 1065 1160 3351 1047 1161 3352 792 1156 3353 793 1162 3354 1248 1163 3355 1046 1164 3356 1046 1164 3357 1047 1161 3358 793 1162 3359 793 1162 3360 1259 1165 3361 1066 1166 3362 1066 1166 3363 1045 1167 3364 793 1162 3365 1058 1142 3366 1043 1138 3367 794 1168 3368 794 1168 3369 1248 1163 3370 1045 1167 3371 1045 1167 3372 1067 1169 3373 794 1168 3374 794 1168 3375 1257 1170 3376 1058 1142 3377 795 1171 3378 1284 1172 3379 1079 1173 3380 1079 1173 3381 1097 1112 3382 795 1171 3383 1078 1174 3384 1067 1169 3385 796 1175 3386 1067 1169 3387 1059 1176 3388 796 1175 3389 796 1175 3390 1277 1177 3391 1092 1178 3392 1092 1178 3393 1078 1174 3394 796 1175 3395 797 1179 3396 1260 1159 3397 1064 1154 3398 797 1179 3399 1261 1150 3400 1118 1180 3401 1118 1180 3402 1119 1181 3403 797 1179 3404 1119 1181 3405 1060 1182 3406 797 1179 3407 1080 1135 3408 1085 1183 3409 798 1184 3410 1085 1183 3411 1084 1185 3412 798 1184 3413 1084 1185 3414 1083 1186 3415 798 1184 3416 1083 1186 3417 1082 1187 3418 798 1184 3419 1082 1187 3420 1081 1188 3421 798 1184 3422 1081 1188 3423 1080 1135 3424 798 1184 3425 1048 1158 3426 1089 1189 3427 799 1190 3428 799 1190 3429 1273 1191 3430 1082 1187 3431 799 1190 3432 1274 1192 3433 1088 1193 3434 799 1190 3435 1251 1152 3436 1048 1158 3437 800 1194 3438 1255 1148 3439 1090 1195 3440 800 1194 3441 1276 1196 3442 1085 1183 3443 800 1194 3444 1271 1134 3445 1087 1133 3446 1087 1133 3447 1056 1140 3448 800 1194 3449 1050 1153 3450 1088 1193 3451 801 1197 3452 801 1197 3453 1274 1192 3454 1083 1186 3455 801 1197 3456 1275 1198 3457 1091 1199 3458 801 1197 3459 1253 1200 3460 1050 1153 3461 1046 1164 3462 1086 1137 3463 802 1201 3464 802 1201 3465 1272 1136 3466 1081 1188 3467 802 1201 3468 1273 1191 3469 1089 1189 3470 802 1201 3471 1250 1157 3472 1046 1164 3473 803 1202 3474 1253 1200 3475 1091 1199 3476 803 1202 3477 1275 1198 3478 1084 1185 3479 803 1202 3480 1276 1196 3481 1090 1195 3482 1090 1195 3483 1053 1146 3484 803 1202 3485 804 1203 3486 1280 1204 3487 1093 1205 3488 804 1203 3489 1270 1206 3490 1092 1178 3491 1092 1178 3492 1094 1207 3493 804 1203 3494 804 1203 3495 1278 1208 3496 1096 1209 3497 1098 1210 3498 1074 1119 3499 805 1211 3500 805 1211 3501 1267 1115 3502 1075 1113 3503 805 1211 3504 1266 1109 3505 1077 1108 3506 1077 1108 3507 1098 1210 3508 805 1211 3509 806 1212 3510 1283 1213 3511 1073 1127 3512 1073 1127 3513 1098 1210 3514 806 1212 3515 1098 1210 3516 1079 1173 3517 806 1212 3518 806 1212 3519 1284 1172 3520 1076 1214 3521 1099 1215 3522 1103 1216 3523 807 1217 3524 1103 1216 3525 1044 1128 3526 807 1217 3527 807 1217 3528 1283 1213 3529 1104 1218 3530 1104 1218 3531 1099 1215 3532 807 1217 3533 1100 1219 3534 1105 1220 3535 808 1221 3536 808 1221 3537 1284 1172 3538 1068 1222 3539 1068 1222 3540 1102 1223 3541 808 1221 3542 808 1221 3543 1281 1224 3544 1100 1219 3545 809 1225 3546 1288 1226 3547 1104 1218 3548 1104 1218 3549 1076 1214 3550 809 1225 3551 1076 1214 3552 1105 1220 3553 809 1225 3554 809 1225 3555 1264 1227 3556 1101 1228 3557 810 1229 3558 1285 1230 3559 1110 1231 3560 810 1229 3561 1286 1232 3562 1109 1233 3563 1109 1233 3564 1112 1234 3565 810 1229 3566 1112 1234 3567 1106 1235 3568 810 1229 3569 1108 1236 3570 1096 1209 3571 811 1237 3572 811 1237 3573 1278 1208 3574 1107 1238 3575 1107 1238 3576 1110 1231 3577 811 1237 3578 1110 1231 3579 1108 1236 3580 811 1237 3581 1061 1239 3582 1095 1240 3583 812 1241 3584 812 1241 3585 1270 1206 3586 1093 1205 3587 812 1241 3588 1280 1204 3589 1108 1236 3590 812 1241 3591 1285 1230 3592 1061 1239 3593 813 1242 3594 1277 1177 3595 1125 1243 3596 1125 1243 3597 1124 1244 3598 813 1242 3599 813 1242 3600 1286 1232 3601 1107 1238 3602 813 1242 3603 1278 1208 3604 1094 1207 3605 814 1245 3606 1287 1246 3607 1099 1215 3608 814 1245 3609 1288 1226 3610 1114 1247 3611 814 1245 3612 1263 1248 3613 1112 1234 3614 814 1245 3615 1282 1249 3616 1113 1250 3617 815 1251 3618 1288 1226 3619 1101 1228 3620 1101 1228 3621 1120 1252 3622 815 1251 3623 815 1251 3624 1290 1253 3625 1117 1254 3626 1117 1254 3627 1114 1247 3628 815 1251 3629 816 1255 3630 1264 1227 3631 1100 1219 3632 1100 1219 3633 1115 1256 3634 816 1255 3635 1115 1256 3636 1119 1181 3637 816 1255 3638 1119 1181 3639 1120 1252 3640 816 1255 3641 1117 1254 3642 1116 1257 3643 817 1258 3644 817 1258 3645 1289 1259 3646 1061 1239 3647 1061 1239 3648 1106 1235 3649 817 1258 3650 817 1258 3651 1263 1248 3652 1117 1254 3653 818 1260 3654 1262 1144 3655 1121 1261 3656 1121 1261 3657 1116 1257 3658 818 1260 3659 818 1260 3660 1290 1253 3661 1118 1180 3662 1118 1180 3663 1063 1149 3664 818 1260 3665 819 1262 3666 1257 1170 3667 1078 1174 3668 1078 1174 3669 1095 1240 3670 819 1262 3671 819 1262 3672 1289 1259 3673 1121 1261 3674 1121 1261 3675 1062 1143 3676 819 1262 3677 1109 1233 3678 1124 1244 3679 820 1263 3680 820 1263 3681 1291 1264 3682 1123 1265 3683 820 1263 3684 1282 1249 3685 1109 1233 3686 1123 1265 3687 1122 1266 3688 821 1267 3689 821 1267 3690 1259 1165 3691 1065 1160 3692 1065 1160 3693 1060 1182 3694 821 1267 3695 1125 1243 3696 1059 1176 3697 822 1268 3698 822 1268 3699 1258 1269 3700 1066 1166 3701 1066 1166 3702 1122 1266 3703 822 1268 3704 822 1268 3705 1291 1264 3706 1125 1243 3707 823 1270 3708 1254 1125 3709 1126 1271 3710 824 1272 3711 1256 1123 3712 1127 1273 3713 1126 1271 3714 1054 1124 3715 824 1272 3716 1292 1274 3717 1540 1275 3718 1376 1276 3719 1292 1274 3720 1541 1277 3721 1377 1278 3722 1377 1278 3723 1378 1279 3724 1292 1274 3725 1292 1274 3726 1542 1280 3727 1375 1281 3728 1293 1282 3729 1579 1283 3730 1385 1284 3731 1385 1284 3732 1380 1285 3733 1293 1282 3734 1380 1285 3735 1376 1276 3736 1293 1282 3737 1376 1276 3738 1382 1286 3739 1293 1282 3740 1294 1287 3741 1545 1288 3742 1389 1289 3743 1389 1289 3744 1386 1290 3745 1294 1287 3746 1294 1287 3747 1581 1291 3748 1383 1292 3749 1383 1292 3750 1387 1293 3751 1294 1287 3752 1375 1281 3753 1379 1294 3754 1295 1295 3755 1295 1295 3756 1577 787 3757 1384 1296 3758 1384 1296 3759 1382 1286 3760 1295 1295 3761 1295 1295 3762 1540 1275 3763 1375 1281 3764 1296 1297 3765 1541 1277 3766 1380 1285 3767 1296 1297 3768 1580 1298 3769 1388 1299 3770 1296 1297 3771 1583 1300 3772 1389 1289 3773 1296 1297 3774 1545 1288 3775 1381 1301 3776 1377 1278 3777 1381 1301 3778 1297 1302 3779 1297 1302 3780 1545 1288 3781 1387 1293 3782 1387 1293 3783 1390 1303 3784 1297 1302 3785 1297 1302 3786 1543 1304 3787 1377 1278 3788 1407 1305 3789 1391 1306 3790 1298 1307 3791 1298 1307 3792 1548 1308 3793 1399 1309 3794 1399 1309 3795 1394 1310 3796 1298 1307 3797 1298 1307 3798 1600 1311 3799 1407 1305 3800 1299 1312 3801 1546 1313 3802 1396 1314 3803 1396 1314 3804 1400 1315 3805 1299 1312 3806 1300 1316 3807 1547 1317 3808 1399 1309 3809 1399 1309 3810 1410 1318 3811 1300 1316 3812 1300 1316 3813 1549 1319 3814 1398 1320 3815 1398 1320 3816 1406 1321 3817 1300 1316 3818 1301 1322 3819 1550 1323 3820 1398 1320 3821 1398 1320 3822 1402 1324 3823 1301 1322 3824 1402 1324 3825 1411 1325 3826 1301 1322 3827 1301 1322 3828 1546 1313 3829 1408 1326 3830 1302 1327 3831 1548 1308 3832 1391 1306 3833 1302 1327 3834 1596 1328 3835 1409 1329 3836 1302 1327 3837 1598 1330 3838 1401 1331 3839 1401 1331 3840 1410 1318 3841 1302 1327 3842 1303 1332 3843 1549 1319 3844 1401 1331 3845 1401 1331 3846 1393 1333 3847 1303 1332 3848 1303 1332 3849 1601 1334 3850 1395 1335 3851 1395 1335 3852 1402 1324 3853 1303 1332 3854 1392 1336 3855 1394 1310 3856 1304 1337 3857 1304 1337 3858 1547 1317 3859 1403 1338 3860 1403 1338 3861 1406 1321 3862 1305 1339 3863 1305 1339 3864 1550 1323 3865 1405 1340 3866 1405 1340 3867 1408 1326 3868 1306 1341 3869 1408 1326 3870 1397 1342 3871 1306 1341 3872 1307 1343 3873 1593 1344 3874 1396 1314 3875 1396 1314 3876 1411 1325 3877 1307 1343 3878 1307 1343 3879 1551 1345 3880 1395 1335 3881 1395 1335 3882 1404 1346 3883 1307 1343 3884 1412 787 3885 1379 1294 3886 1308 1294 3887 1308 1294 3888 1542 1280 3889 1413 1280 3890 1414 1347 3891 1390 1303 3892 1309 1348 3893 1309 1348 3894 1544 1349 3895 1415 1350 3896 1413 1280 3897 1378 1279 3898 1310 1351 3899 1310 1351 3900 1543 1304 3901 1414 1347 3902 1415 1350 3903 1383 1292 3904 1311 1352 3905 1383 1292 3906 1416 1353 3907 1311 1352 3908 1312 1354 3909 1552 1355 3910 1423 1356 3911 1312 1354 3912 1554 1357 3913 1443 1358 3914 1312 1354 3915 1556 1359 3916 1422 1360 3917 1312 1354 3918 1553 1361 3919 1426 1362 3920 1313 1363 3921 1553 1361 3922 1422 1360 3923 1313 1363 3924 1556 1359 3925 1431 1364 3926 1313 1363 3927 1568 1365 3928 1444 1366 3929 1313 1363 3930 1565 1367 3931 1436 1368 3932 1314 1369 3933 1554 1357 3934 1417 1370 3935 1417 1370 3936 1442 1371 3937 1314 1369 3938 1314 1369 3939 1557 1372 3940 1430 1373 3941 1430 1373 3942 1443 1358 3943 1314 1369 3944 1442 1371 3945 1441 1374 3946 1315 1375 3947 1315 1375 3948 1558 1376 3949 1429 1377 3950 1429 1377 3951 1428 1378 3952 1315 1375 3953 1315 1375 3954 1557 1372 3955 1442 1371 3956 1431 1364 3957 1430 1373 3958 1316 1379 3959 1316 1379 3960 1557 1372 3961 1419 1380 3962 1419 1380 3963 1421 1381 3964 1316 1379 3965 1316 1379 3966 1568 1365 3967 1431 1364 3968 1317 1382 3969 1557 1372 3970 1428 1378 3971 1428 1378 3972 1425 1383 3973 1317 1382 3974 1317 1382 3975 1566 1384 3976 1420 1385 3977 1420 1385 3978 1419 1380 3979 1317 1382 3980 1318 1386 3981 1558 1376 3982 1434 1387 3983 1318 1386 3984 1559 1388 3985 1427 1389 3986 1318 1386 3987 1561 1390 3988 1439 1391 3989 1318 1386 3990 1560 1392 3991 1429 1377 3992 1319 1393 3993 1560 1392 3994 1439 1391 3995 1319 1393 3996 1561 1390 3997 1438 1394 3998 1319 1393 3999 1563 1395 4000 1433 1396 4001 1319 1393 4002 1566 1384 4003 1425 1383 4004 1320 1397 4005 1558 1376 4006 1441 1374 4007 1320 1397 4008 1555 1398 4009 1418 1399 4010 1320 1397 4011 1562 1400 4012 1424 1401 4013 1424 1401 4014 1434 1387 4015 1320 1397 4016 1321 1402 4017 1555 1398 4018 1417 1370 4019 1321 1402 4020 1554 1357 4021 1423 1356 4022 1423 1356 4023 1437 1403 4024 1321 1402 4025 1321 1402 4026 1562 1400 4027 1418 1399 4028 1433 1396 4029 1440 1404 4030 1322 1405 4031 1322 1405 4032 1564 1406 4033 1435 1407 4034 1322 1405 4035 1567 1408 4036 1420 1385 4037 1322 1405 4038 1566 1384 4039 1433 1396 4040 1323 1409 4041 1564 1406 4042 1432 1410 4043 1432 1410 4044 1444 1366 4045 1323 1409 4046 1323 1409 4047 1568 1365 4048 1421 1381 4049 1323 1409 4050 1567 1408 4051 1435 1407 4052 1324 1411 4053 1569 1412 4054 1446 1413 4055 1446 1413 4056 1448 1414 4057 1324 1411 4058 1325 1415 4059 1621 1416 4060 1446 1413 4061 1446 1413 4062 1450 1417 4063 1325 1415 4064 1325 1415 4065 1570 1418 4066 1445 1419 4067 1445 1419 4068 1449 1420 4069 1325 1415 4070 1454 1421 4071 1450 1417 4072 1326 1422 4073 1326 1422 4074 1569 1412 4075 1455 1423 4076 1326 1422 4077 1571 1424 4078 1453 1425 4079 1453 1425 4080 1454 1421 4081 1326 1422 4082 1455 1423 4083 1447 1426 4084 1327 1427 4085 1452 1428 4086 1455 1423 4087 1327 1427 4088 1328 1429 4089 1622 1430 4090 1445 1419 4091 1445 1419 4092 1454 1421 4093 1328 1429 4094 1454 1421 4095 1451 1431 4096 1328 1429 4097 1328 1429 4098 1625 1432 4099 1456 1433 4100 1457 1434 4101 1451 1431 4102 1329 1435 4103 1329 1435 4104 1572 1436 4105 1453 1425 4106 1453 1425 4107 1458 1437 4108 1329 1435 4109 1329 1435 4110 1627 1438 4111 1457 1434 4112 1459 1439 4113 1458 1437 4114 1330 1440 4115 1330 1440 4116 1571 1424 4117 1452 1428 4118 1331 1441 4119 1573 1442 4120 1460 1443 4121 1331 1441 4122 1575 1444 4123 1463 1445 4124 1463 1445 4125 1462 1446 4126 1331 1441 4127 1331 1441 4128 1574 1447 4129 1461 1448 4130 1332 1449 4131 1579 1283 4132 1467 1450 4133 1467 1450 4134 1461 1448 4135 1332 1449 4136 1461 1448 4137 1465 1451 4138 1332 1449 4139 1465 1451 4140 1385 1284 4141 1332 1449 4142 1333 1452 4143 1582 1453 4144 1469 1454 4145 1469 1454 4146 1468 1455 4147 1333 1452 4148 1333 1452 4149 1581 1291 4150 1386 1290 4151 1386 1290 4152 1470 1456 4153 1333 1452 4154 1464 1457 4155 1460 1443 4156 1334 1458 4157 1334 1458 4158 1573 1442 4159 1467 1450 4160 1467 1450 4161 1384 1296 4162 1334 1458 4163 1334 1458 4164 1577 787 4165 1464 1457 4166 1335 1459 4167 1574 1447 4168 1466 1460 4169 1335 1459 4170 1582 1453 4171 1470 1456 4172 1335 1459 4173 1583 1300 4174 1388 1299 4175 1335 1459 4176 1580 1298 4177 1465 1451 4178 1466 1460 4179 1462 1446 4180 1336 1461 4181 1336 1461 4182 1576 1462 4183 1471 1463 4184 1471 1463 4185 1469 1454 4186 1336 1461 4187 1336 1461 4188 1582 1453 4189 1466 1460 4190 1473 1464 4191 1472 1465 4192 1337 1466 4193 1472 1465 4194 1475 1467 4195 1337 1466 4196 1337 1466 4197 1587 1468 4198 1474 1469 4199 1337 1466 4200 1585 1470 4201 1473 1464 4202 1478 1471 4203 1479 1472 4204 1338 1473 4205 1479 1472 4206 1481 1474 4207 1338 1473 4208 1338 1473 4209 1589 1475 4210 1480 1476 4211 1338 1473 4212 1591 1477 4213 1478 1471 4214 1339 1478 4215 1588 1479 4216 1482 1480 4217 1339 1478 4218 1584 1481 4219 1473 1464 4220 1339 1478 4221 1585 1470 4222 1483 1482 4223 1339 1478 4224 1589 1475 4225 1481 1474 4226 1340 1483 4227 1586 1484 4228 1472 1465 4229 1340 1483 4230 1584 1481 4231 1482 1480 4232 1340 1483 4233 1588 1479 4234 1479 1472 4235 1340 1483 4236 1590 1485 4237 1476 1486 4238 1477 1487 4239 1480 1476 4240 1341 1488 4241 1341 1488 4242 1589 1475 4243 1483 1482 4244 1341 1488 4245 1585 1470 4246 1474 1469 4247 1474 1469 4248 1477 1487 4249 1341 1488 4250 1484 1489 4251 1407 1305 4252 1342 1490 4253 1342 1490 4254 1600 1311 4255 1485 1491 4256 1485 1491 4257 1490 1492 4258 1342 1490 4259 1342 1490 4260 1595 1493 4261 1484 1489 4262 1400 1315 4263 1487 1494 4264 1343 1495 4265 1343 1495 4266 1592 1496 4267 1488 1497 4268 1344 1498 4269 1594 1499 4270 1495 1500 4271 1495 1500 4272 1489 1501 4273 1344 1498 4274 1344 1498 4275 1597 1502 4276 1497 1503 4277 1497 1503 4278 1490 1492 4279 1344 1498 4280 1345 1504 4281 1599 1505 4282 1496 1506 4283 1345 1504 4284 1592 1496 4285 1498 1507 4286 1498 1507 4287 1492 1508 4288 1345 1504 4289 1492 1508 4290 1489 1501 4291 1345 1504 4292 1346 1509 4293 1595 1493 4294 1497 1503 4295 1497 1503 4296 1491 1510 4297 1346 1509 4298 1346 1509 4299 1598 1330 4300 1409 1329 4301 1346 1509 4302 1596 1328 4303 1484 1489 4304 1347 1511 4305 1597 1502 4306 1492 1508 4307 1492 1508 4308 1486 1512 4309 1347 1511 4310 1347 1511 4311 1601 1334 4312 1393 1333 4313 1393 1333 4314 1491 1510 4315 1347 1511 4316 1485 1491 4317 1392 1336 4318 1348 1513 4319 1348 1513 4320 1594 1499 4321 1485 1491 4322 1349 1514 4323 1599 1505 4324 1495 1500 4325 1495 1500 4326 1493 1515 4327 1349 1514 4328 1488 1497 4329 1496 1506 4330 1350 1516 4331 1496 1506 4332 1494 1517 4333 1350 1516 4334 1351 1518 4335 1593 1344 4336 1404 1346 4337 1404 1346 4338 1486 1512 4339 1351 1518 4340 1351 1518 4341 1602 1519 4342 1498 1507 4343 1498 1507 4344 1487 1494 4345 1351 1518 4346 1464 1457 4347 1412 787 4348 1352 1457 4349 1352 1457 4350 1575 1444 4351 1464 1457 4352 1471 1463 4353 1500 1520 4354 1353 1521 4355 1353 1521 4356 1578 1522 4357 1471 1463 4358 1463 1445 4359 1499 1444 4360 1354 1523 4361 1354 1523 4362 1576 1462 4363 1463 1445 4364 1468 1455 4365 1501 1524 4366 1355 1525 4367 1416 1353 4368 1468 1455 4369 1355 1525 4370 1356 1526 4371 1603 1527 4372 1511 1528 4373 1356 1526 4374 1604 1529 4375 1507 1530 4376 1356 1526 4377 1607 1531 4378 1528 1532 4379 1356 1526 4380 1605 1533 4381 1508 1534 4382 1357 1535 4383 1604 1529 4384 1521 1536 4385 1357 1535 4386 1616 1537 4387 1529 1538 4388 1357 1535 4389 1619 1539 4390 1516 1540 4391 1357 1535 4392 1607 1531 4393 1507 1530 4394 1358 1541 4395 1605 1533 4396 1528 1532 4397 1528 1532 4398 1515 1542 4399 1358 1541 4400 1358 1541 4401 1608 1543 4402 1527 1544 4403 1527 1544 4404 1502 1545 4405 1358 1541 4406 1526 1546 4407 1527 1544 4408 1359 1547 4409 1359 1547 4410 1608 1543 4411 1513 1548 4412 1513 1548 4413 1514 1549 4414 1359 1547 4415 1359 1547 4416 1609 1550 4417 1526 1546 4418 1515 1542 4419 1516 1540 4420 1360 1551 4421 1360 1551 4422 1619 1539 4423 1506 1552 4424 1506 1552 4425 1504 1553 4426 1360 1551 4427 1360 1551 4428 1608 1543 4429 1515 1542 4430 1361 1554 4431 1608 1543 4432 1504 1553 4433 1504 1553 4434 1505 1555 4435 1361 1554 4436 1361 1554 4437 1617 1556 4438 1510 1557 4439 1510 1557 4440 1513 1548 4441 1361 1554 4442 1362 1558 4443 1609 1550 4444 1514 1549 4445 1362 1558 4446 1611 1559 4447 1524 1560 4448 1362 1558 4449 1612 1561 4450 1512 1562 4451 1362 1558 4452 1610 1563 4453 1519 1564 4454 1363 1565 4455 1611 1559 4456 1510 1557 4457 1363 1565 4458 1617 1556 4459 1518 1566 4460 1363 1565 4461 1614 1567 4462 1523 1568 4463 1363 1565 4464 1612 1561 4465 1524 1560 4466 1364 1569 4467 1609 1550 4468 1519 1564 4469 1519 1564 4470 1509 1570 4471 1364 1569 4472 1364 1569 4473 1613 1571 4474 1503 1572 4475 1364 1569 4476 1606 1573 4477 1526 1546 4478 1365 1574 4479 1606 1573 4480 1503 1572 4481 1365 1574 4482 1613 1571 4483 1522 1575 4484 1522 1575 4485 1508 1534 4486 1365 1574 4487 1365 1574 4488 1605 1533 4489 1502 1545 4490 1525 1576 4491 1518 1566 4492 1366 1577 4493 1366 1577 4494 1617 1556 4495 1505 1555 4496 1366 1577 4497 1618 1578 4498 1520 1579 4499 1366 1577 4500 1615 1580 4501 1525 1576 4502 1367 1581 4503 1615 1580 4504 1520 1579 4505 1367 1581 4506 1618 1578 4507 1506 1552 4508 1367 1581 4509 1619 1539 4510 1529 1538 4511 1529 1538 4512 1517 1582 4513 1367 1581 4514 1448 1414 4515 1531 1583 4516 1368 1584 4517 1368 1584 4518 1620 1585 4519 1532 1586 4520 1369 1587 4521 1621 1416 4522 1449 1420 4523 1449 1420 4524 1530 1588 4525 1369 1587 4526 1369 1587 4527 1623 1589 4528 1533 1590 4529 1533 1590 4530 1531 1583 4531 1369 1587 4532 1533 1590 4533 1537 1591 4534 1370 1592 4535 1537 1591 4536 1536 1593 4537 1370 1592 4538 1370 1592 4539 1624 1594 4540 1538 1595 4541 1370 1592 4542 1620 1585 4543 1533 1590 4544 1532 1586 4545 1538 1595 4546 1371 1596 4547 1538 1595 4548 1535 1597 4549 1371 1596 4550 1372 1598 4551 1622 1430 4552 1456 1433 4553 1372 1598 4554 1625 1432 4555 1534 1599 4556 1534 1599 4557 1537 1591 4558 1372 1598 4559 1537 1591 4560 1530 1588 4561 1372 1598 4562 1534 1599 4563 1457 1434 4564 1373 1600 4565 1373 1600 4566 1627 1438 4567 1539 1601 4568 1539 1601 4569 1536 1593 4570 1373 1600 4571 1373 1600 4572 1626 1602 4573 1534 1599 4574 1374 1603 4575 1624 1594 4576 1539 1601 4577 1539 1601 4578 1459 1439 4579 1374 1603 4580 1686 1604 4581 1676 1605 4582 1628 1606 4583 1676 1605 4584 1671 1607 4585 1628 1606 4586 1671 1607 4587 1700 1608 4588 1628 1606 4589 1628 1606 4590 1748 1609 4591 1686 1604 4592 1629 1610 4593 1741 1611 4594 1675 1612 4595 1675 1612 4596 1674 1613 4597 1629 1610 4598 1629 1610 4599 1750 1614 4600 1688 1615 4601 1688 1615 4602 1671 1607 4603 1629 1610 4604 1630 1616 4605 1742 1617 4606 1692 1618 4607 1692 1618 4608 1690 1619 4609 1630 1616 4610 1630 1616 4611 1753 1620 4612 1687 1621 4613 1630 1616 4614 1750 1614 4615 1674 1613 4616 1631 1622 4617 1743 1623 4618 1677 1624 4619 1631 1622 4620 1744 1625 4621 1683 1626 4622 1631 1622 4623 1756 1627 4624 1701 1628 4625 1701 1628 4626 1690 1619 4627 1631 1622 4628 1632 1629 4629 1742 1617 4630 1675 1612 4631 1675 1612 4632 1699 1630 4633 1632 1629 4634 1678 1631 4635 1682 1632 4636 1633 1633 4637 1633 1633 4638 1744 1625 4639 1693 1634 4640 1683 1626 4641 1682 1632 4642 1634 1635 4643 1634 1635 4644 1745 1636 4645 1670 1637 4646 1670 1637 4647 1673 1638 4648 1634 1635 4649 1634 1635 4650 1756 1627 4651 1683 1626 4652 1670 1637 4653 1681 1639 4654 1635 1640 4655 1681 1639 4656 1680 1641 4657 1635 1640 4658 1635 1640 4659 1754 1642 4660 1672 1643 4661 1672 1643 4662 1670 1637 4663 1635 1640 4664 1693 1634 4665 1677 1624 4666 1636 1644 4667 1677 1624 4668 1698 1645 4669 1636 1644 4670 1637 1646 4671 1743 1623 4672 1692 1618 4673 1692 1618 4674 1694 1647 4675 1637 1646 4676 1680 1641 4677 1695 1648 4678 1638 1649 4679 1638 1649 4680 1747 1650 4681 1691 1651 4682 1691 1651 4683 1685 1652 4684 1638 1649 4685 1638 1649 4686 1754 1642 4687 1680 1641 4688 1691 1651 4689 1703 1653 4690 1639 1654 4691 1639 1654 4692 1740 1655 4693 1686 1604 4694 1639 1654 4695 1748 1609 4696 1702 1656 4697 1702 1656 4698 1691 1651 4699 1639 1654 4700 1668 1657 4701 1695 1648 4702 1640 1658 4703 1640 1658 4704 1746 1659 4705 1679 1660 4706 1641 1661 4707 1741 1611 4708 1676 1605 4709 1676 1605 4710 1669 1662 4711 1641 1661 4712 1642 1663 4713 1740 1655 4714 1703 1653 4715 1642 1663 4716 1747 1650 4717 1668 1657 4718 1679 1660 4719 1681 1639 4720 1643 1664 4721 1643 1664 4722 1745 1636 4723 1678 1631 4724 1702 1656 4725 1700 1608 4726 1644 1665 4727 1644 1665 4728 1749 1666 4729 1697 1667 4730 1697 1667 4731 1696 1668 4732 1644 1665 4733 1644 1665 4734 1751 1669 4735 1702 1656 4736 1645 1670 4737 1749 1666 4738 1688 1615 4739 1688 1615 4740 1687 1621 4741 1645 1670 4742 1645 1670 4743 1753 1620 4744 1684 1671 4745 1684 1671 4746 1697 1667 4747 1645 1670 4748 1646 1672 4749 1751 1669 4750 1696 1668 4751 1646 1672 4752 1752 1673 4753 1689 1674 4754 1646 1672 4755 1755 1675 4756 1672 1643 4757 1672 1643 4758 1685 1652 4759 1646 1672 4760 1689 1674 4761 1684 1671 4762 1647 1676 4763 1647 1676 4764 1753 1620 4765 1701 1628 4766 1701 1628 4767 1673 1638 4768 1647 1676 4769 1647 1676 4770 1755 1675 4771 1689 1674 4772 1712 1677 4773 1722 1678 4774 1648 1679 4775 1648 1679 4776 1765 1680 4777 1736 1681 4778 1736 1681 4779 1707 1682 4780 1648 1679 4781 1707 1682 4782 1712 1677 4783 1648 1679 4784 1649 1683 4785 1758 1684 4786 1707 1682 4787 1707 1682 4788 1724 1685 4789 1649 1683 4790 1649 1683 4791 1767 1686 4792 1710 1687 4793 1710 1687 4794 1711 1688 4795 1649 1683 4796 1650 1689 4797 1759 1690 4798 1710 1687 4799 1650 1689 4800 1767 1686 4801 1723 1691 4802 1650 1689 4803 1770 1692 4804 1726 1693 4805 1726 1693 4806 1728 1694 4807 1650 1689 4808 1651 1695 4809 1760 1696 4810 1726 1693 4811 1726 1693 4812 1737 1697 4813 1651 1695 4814 1651 1695 4815 1773 1698 4816 1719 1699 4817 1651 1695 4818 1761 1700 4819 1713 1701 4820 1652 1702 4821 1759 1690 4822 1730 1703 4823 1735 1704 4824 1711 1688 4825 1652 1702 4826 1718 1705 4827 1714 1706 4828 1653 1707 4829 1653 1707 4830 1761 1700 4831 1718 1705 4832 1718 1705 4833 1719 1699 4834 1654 1708 4835 1654 1708 4836 1773 1698 4837 1709 1709 4838 1709 1709 4839 1706 1710 4840 1654 1708 4841 1654 1708 4842 1762 1711 4843 1718 1705 4844 1717 1712 4845 1706 1710 4846 1655 1713 4847 1706 1710 4848 1708 1714 4849 1655 1713 4850 1655 1713 4851 1771 1715 4852 1716 1716 4853 1716 1716 4854 1717 1712 4855 1655 1713 4856 1713 1701 4857 1729 1717 4858 1656 1718 4859 1734 1719 4860 1713 1701 4861 1656 1718 4862 1657 1720 4863 1760 1696 4864 1734 1719 4865 1730 1703 4866 1728 1694 4867 1657 1720 4868 1731 1721 4869 1716 1716 4870 1658 1722 4871 1658 1722 4872 1771 1715 4873 1721 1723 4874 1721 1723 4875 1727 1724 4876 1658 1722 4877 1658 1722 4878 1764 1725 4879 1731 1721 4880 1739 1726 4881 1727 1724 4882 1659 1727 4883 1727 1724 4884 1738 1728 4885 1659 1727 4886 1659 1727 4887 1765 1680 4888 1722 1678 4889 1659 1727 4890 1757 1729 4891 1739 1726 4892 1731 1721 4893 1704 1730 4894 1660 1731 4895 1660 1731 4896 1763 1732 4897 1731 1721 4898 1661 1733 4899 1758 1684 4900 1735 1704 4901 1705 1734 4902 1712 1677 4903 1661 1733 4904 1662 1735 4905 1757 1729 4906 1705 1734 4907 1662 1735 4908 1764 1725 4909 1739 1726 4910 1717 1712 4911 1715 1736 4912 1663 1737 4913 1663 1737 4914 1762 1711 4915 1717 1712 4916 1736 1681 4917 1738 1728 4918 1664 1738 4919 1664 1738 4920 1768 1739 4921 1732 1740 4922 1732 1740 4923 1733 1741 4924 1664 1738 4925 1664 1738 4926 1766 1742 4927 1736 1681 4928 1665 1743 4929 1766 1742 4930 1733 1741 4931 1733 1741 4932 1720 1744 4933 1665 1743 4934 1665 1743 4935 1770 1692 4936 1723 1691 4937 1723 1691 4938 1724 1685 4939 1665 1743 4940 1666 1745 4941 1768 1739 4942 1721 1723 4943 1721 1723 4944 1708 1714 4945 1666 1745 4946 1666 1745 4947 1772 1746 4948 1725 1747 4949 1666 1745 4950 1769 1748 4951 1732 1740 4952 1720 1744 4953 1725 1747 4954 1667 1749 4955 1667 1749 4956 1772 1746 4957 1709 1709 4958 1709 1709 4959 1737 1697 4960 1667 1749 4961 1667 1749 4962 1770 1692 4963 1720 1744 4964 0 0 4965 153 6 4966 408 1 4967 158 2 4968 409 37 4969 152 3 4970 0 0 4971 152 3 4972 411 4 4973 139 5 4974 410 27 4975 153 6 4976 195 7 4977 427 43 4978 149 8 4979 1 9 4980 149 8 4981 412 10 4982 141 11 4983 413 59 4984 138 12 4985 1 9 4986 138 12 4987 425 13 4988 145 14 4989 410 27 4990 139 5 4991 139 5 4992 411 4 4993 136 16 4994 136 16 4995 415 257 4996 157 17 4997 2 15 4998 157 17 4999 414 18 5000 3 19 5001 194 23 5002 425 13 5003 138 12 5004 413 59 5005 137 20 5006 3 19 5007 137 20 5008 416 21 5009 148 22 5010 426 130 5011 194 23 5012 4 24 5013 283 29 5014 444 25 5015 239 26 5016 408 1 5017 153 6 5018 4 24 5019 153 6 5020 410 27 5021 242 28 5022 447 31 5023 283 29 5024 5 30 5025 282 33 5026 447 31 5027 242 28 5028 410 27 5029 145 14 5030 5 30 5031 145 14 5032 414 18 5033 241 32 5034 446 45 5035 282 33 5036 239 26 5037 444 25 5038 281 34 5039 281 34 5040 442 125 5041 237 36 5042 6 35 5043 237 36 5044 409 37 5045 158 2 5046 408 1 5047 239 26 5048 193 38 5049 455 254 5050 280 39 5051 7 40 5052 280 39 5053 441 41 5054 236 42 5055 412 10 5056 149 8 5057 7 40 5058 149 8 5059 427 43 5060 8 44 5061 159 50 5062 446 45 5063 279 46 5064 445 121 5065 156 47 5066 8 44 5067 156 47 5068 479 48 5069 155 49 5070 478 1750 5071 159 50 5072 192 51 5073 454 259 5074 278 52 5075 9 53 5076 278 52 5077 443 54 5078 147 55 5079 480 115 5080 143 56 5081 9 53 5082 143 56 5083 496 57 5084 10 58 5085 185 65 5086 413 59 5087 186 60 5088 419 119 5089 166 61 5090 10 58 5091 166 61 5092 420 62 5093 10 58 5094 163 63 5095 418 64 5096 168 66 5097 417 91 5098 164 67 5099 164 67 5100 418 64 5101 161 69 5102 11 68 5103 161 69 5104 422 70 5105 179 71 5106 421 92 5107 168 66 5108 161 69 5109 418 64 5110 163 63 5111 12 72 5112 163 63 5113 420 62 5114 162 73 5115 423 153 5116 170 74 5117 170 74 5118 422 70 5119 161 69 5120 277 75 5121 448 266 5122 167 76 5123 167 76 5124 484 1751 5125 165 78 5126 13 77 5127 165 78 5128 486 79 5129 173 80 5130 450 82 5131 277 75 5132 14 81 5133 276 87 5134 450 82 5135 173 80 5136 486 79 5137 171 83 5138 14 81 5139 171 83 5140 492 84 5141 14 81 5142 169 85 5143 449 86 5144 15 88 5145 275 94 5146 453 89 5147 15 88 5148 248 90 5149 417 91 5150 15 88 5151 168 66 5152 421 92 5153 247 93 5154 452 146 5155 275 94 5156 16 95 5157 202 99 5158 422 70 5159 170 74 5160 423 153 5161 176 96 5162 16 95 5163 176 96 5164 430 97 5165 197 98 5166 429 151 5167 202 99 5168 17 100 5169 236 42 5170 441 41 5171 274 101 5172 451 106 5173 174 102 5174 17 100 5175 174 102 5176 424 103 5177 17 100 5178 178 104 5179 412 10 5180 18 105 5181 174 102 5182 451 106 5183 273 107 5184 448 266 5185 243 108 5186 243 108 5187 419 119 5188 177 109 5189 18 105 5190 177 109 5191 424 103 5192 147 55 5193 443 54 5194 272 110 5195 19 111 5196 272 110 5197 453 89 5198 19 111 5199 182 112 5200 487 113 5201 19 111 5202 184 114 5203 480 115 5204 137 20 5205 413 59 5206 185 65 5207 185 65 5208 418 64 5209 164 67 5210 20 116 5211 164 67 5212 417 91 5213 183 117 5214 416 21 5215 137 20 5216 186 60 5217 413 59 5218 141 11 5219 21 118 5220 141 11 5221 412 10 5222 178 104 5223 424 103 5224 177 109 5225 21 118 5226 177 109 5227 419 119 5228 22 120 5229 156 47 5230 445 121 5231 271 122 5232 454 259 5233 192 51 5234 22 120 5235 192 51 5236 496 57 5237 188 123 5238 479 48 5239 156 47 5240 23 124 5241 237 36 5242 442 125 5243 270 126 5244 455 254 5245 193 38 5246 23 124 5247 193 38 5248 427 43 5249 190 127 5250 409 37 5251 237 36 5252 24 128 5253 136 16 5254 411 4 5255 187 129 5256 425 13 5257 194 23 5258 24 128 5259 194 23 5260 426 130 5261 189 131 5262 415 257 5263 136 16 5264 25 132 5265 152 3 5266 409 37 5267 190 127 5268 427 43 5269 195 7 5270 25 132 5271 195 7 5272 425 13 5273 187 129 5274 411 4 5275 152 3 5276 26 133 5277 220 137 5278 430 97 5279 207 134 5280 431 237 5281 198 135 5282 198 135 5283 433 204 5284 218 136 5285 218 136 5286 435 191 5287 220 137 5288 27 138 5289 219 144 5290 428 139 5291 200 140 5292 429 151 5293 199 141 5294 27 138 5295 199 141 5296 434 142 5297 216 143 5298 436 188 5299 219 144 5300 28 145 5301 269 149 5302 452 146 5303 247 93 5304 421 92 5305 205 147 5306 28 145 5307 205 147 5308 428 139 5309 252 148 5310 457 187 5311 269 149 5312 29 150 5313 205 147 5314 421 92 5315 179 71 5316 422 70 5317 202 99 5318 29 150 5319 202 99 5320 429 151 5321 200 140 5322 428 139 5323 205 147 5324 30 152 5325 176 96 5326 423 153 5327 30 152 5328 210 154 5329 432 155 5330 209 156 5331 431 237 5332 207 134 5333 207 134 5334 430 97 5335 176 96 5336 31 157 5337 233 162 5338 434 142 5339 213 158 5340 435 191 5341 232 159 5342 232 159 5343 439 208 5344 225 160 5345 31 157 5346 225 160 5347 438 161 5348 196 163 5349 456 181 5350 268 164 5351 32 165 5352 268 164 5353 458 166 5354 253 167 5355 505 1752 5356 206 168 5357 32 165 5358 206 168 5359 504 169 5360 33 170 5361 253 167 5362 458 166 5363 267 171 5364 449 86 5365 169 85 5366 33 170 5367 169 85 5368 492 84 5369 203 172 5370 505 1752 5371 253 167 5372 34 173 5373 266 179 5374 460 174 5375 255 175 5376 436 188 5377 215 176 5378 215 176 5379 440 211 5380 258 177 5381 34 173 5382 258 177 5383 463 178 5384 35 180 5385 265 185 5386 456 181 5387 196 163 5388 504 169 5389 221 182 5390 35 180 5391 221 182 5392 508 183 5393 212 184 5394 459 226 5395 265 185 5396 36 186 5397 264 189 5398 457 187 5399 252 148 5400 428 139 5401 219 144 5402 36 186 5403 219 144 5404 436 188 5405 255 175 5406 460 174 5407 264 189 5408 37 190 5409 199 141 5410 429 151 5411 197 98 5412 430 97 5413 220 137 5414 37 190 5415 220 137 5416 435 191 5417 213 158 5418 434 142 5419 199 141 5420 38 192 5421 229 197 5422 463 178 5423 263 193 5424 462 229 5425 227 194 5426 38 192 5427 227 194 5428 514 195 5429 226 196 5430 519 241 5431 229 197 5432 227 194 5433 462 229 5434 262 198 5435 39 199 5436 262 198 5437 464 200 5438 235 201 5439 521 222 5440 234 202 5441 39 199 5442 234 202 5443 514 195 5444 232 159 5445 435 191 5446 218 136 5447 40 203 5448 218 136 5449 433 204 5450 40 203 5451 211 205 5452 437 206 5453 40 203 5454 230 207 5455 439 208 5456 41 209 5457 215 176 5458 436 188 5459 216 143 5460 434 142 5461 233 162 5462 41 209 5463 233 162 5464 438 161 5465 41 209 5466 228 210 5467 440 211 5468 261 212 5469 459 226 5470 212 184 5471 42 213 5472 212 184 5473 508 183 5474 214 214 5475 515 1753 5476 224 215 5477 42 213 5478 224 215 5479 461 216 5480 43 217 5481 260 220 5482 464 200 5483 259 218 5484 439 208 5485 230 207 5486 43 217 5487 230 207 5488 437 206 5489 256 219 5490 461 216 5491 260 220 5492 44 221 5493 223 223 5494 521 222 5495 235 201 5496 464 200 5497 260 220 5498 44 221 5499 260 220 5500 461 216 5501 224 215 5502 515 1753 5503 223 223 5504 211 205 5505 433 204 5506 254 224 5507 45 225 5508 254 224 5509 459 226 5510 261 212 5511 461 216 5512 256 219 5513 45 225 5514 256 219 5515 437 206 5516 257 227 5517 438 161 5518 225 160 5519 46 228 5520 225 160 5521 439 208 5522 259 218 5523 464 200 5524 262 198 5525 46 228 5526 262 198 5527 462 229 5528 47 230 5529 258 177 5530 440 211 5531 228 210 5532 438 161 5533 257 227 5534 47 230 5535 257 227 5536 462 229 5537 263 193 5538 463 178 5539 258 177 5540 222 231 5541 503 249 5542 201 232 5543 48 233 5544 201 232 5545 457 187 5546 264 189 5547 460 174 5548 217 234 5549 48 233 5550 217 234 5551 512 235 5552 49 236 5553 198 135 5554 431 237 5555 251 238 5556 456 181 5557 265 185 5558 265 185 5559 459 226 5560 254 224 5561 49 236 5562 254 224 5563 433 204 5564 231 239 5565 512 235 5566 217 234 5567 50 240 5568 217 234 5569 460 174 5570 266 179 5571 463 178 5572 229 197 5573 50 240 5574 229 197 5575 519 241 5576 51 242 5577 208 244 5578 432 155 5579 210 154 5580 423 153 5581 244 243 5582 51 242 5583 244 243 5584 449 86 5585 267 171 5586 458 166 5587 208 244 5588 251 238 5589 431 237 5590 209 156 5591 52 245 5592 209 156 5593 432 155 5594 208 244 5595 458 166 5596 268 164 5597 52 245 5598 268 164 5599 456 181 5600 204 246 5601 491 274 5602 181 247 5603 181 247 5604 452 146 5605 269 149 5606 53 248 5607 269 149 5608 457 187 5609 53 248 5610 201 232 5611 503 249 5612 54 250 5613 146 255 5614 474 251 5615 150 252 5616 499 1754 5617 250 253 5618 54 250 5619 250 253 5620 455 254 5621 270 126 5622 442 125 5623 146 255 5624 55 256 5625 240 260 5626 415 257 5627 189 131 5628 426 130 5629 249 258 5630 55 256 5631 249 258 5632 454 259 5633 271 122 5634 445 121 5635 240 260 5636 56 261 5637 238 262 5638 416 21 5639 183 117 5640 417 91 5641 248 90 5642 248 90 5643 453 89 5644 272 110 5645 56 261 5646 272 110 5647 443 54 5648 57 263 5649 246 267 5650 493 264 5651 180 265 5652 484 1751 5653 167 76 5654 57 263 5655 167 76 5656 448 266 5657 273 107 5658 451 106 5659 246 267 5660 58 268 5661 144 271 5662 470 269 5663 175 270 5664 493 264 5665 246 267 5666 58 268 5667 246 267 5668 451 106 5669 274 101 5670 441 41 5671 144 271 5672 172 272 5673 487 113 5674 182 112 5675 59 273 5676 182 112 5677 453 89 5678 59 273 5679 275 94 5680 452 146 5681 59 273 5682 181 247 5683 491 274 5684 162 73 5685 420 62 5686 245 275 5687 60 276 5688 245 275 5689 450 82 5690 276 87 5691 449 86 5692 244 243 5693 60 276 5694 244 243 5695 423 153 5696 61 277 5697 166 61 5698 419 119 5699 61 277 5700 243 108 5701 448 266 5702 61 277 5703 277 75 5704 450 82 5705 245 275 5706 420 62 5707 166 61 5708 62 278 5709 249 258 5710 426 130 5711 148 22 5712 416 21 5713 238 262 5714 238 262 5715 443 54 5716 278 52 5717 62 278 5718 278 52 5719 454 259 5720 63 279 5721 241 32 5722 414 18 5723 157 17 5724 415 257 5725 240 260 5726 63 279 5727 240 260 5728 445 121 5729 279 46 5730 446 45 5731 241 32 5732 250 253 5733 499 1754 5734 191 280 5735 191 280 5736 470 269 5737 144 271 5738 144 271 5739 441 41 5740 280 39 5741 64 281 5742 280 39 5743 455 254 5744 154 282 5745 472 290 5746 140 283 5747 65 284 5748 140 283 5749 474 251 5750 146 255 5751 442 125 5752 281 34 5753 65 284 5754 281 34 5755 444 25 5756 66 285 5757 151 288 5758 473 286 5759 160 287 5760 447 31 5761 282 33 5762 66 285 5763 282 33 5764 446 45 5765 159 50 5766 478 1750 5767 151 288 5768 67 289 5769 142 291 5770 472 290 5771 154 282 5772 444 25 5773 283 29 5774 67 289 5775 283 29 5776 447 31 5777 160 287 5778 473 286 5779 142 291 5780 68 292 5781 300 298 5782 465 293 5783 296 294 5784 467 320 5785 287 295 5786 68 292 5787 287 295 5788 468 296 5789 295 297 5790 466 328 5791 300 298 5792 294 299 5793 498 333 5794 329 300 5795 69 301 5796 329 300 5797 495 302 5798 286 303 5799 471 347 5800 288 304 5801 69 301 5802 288 304 5803 469 305 5804 287 295 5805 467 320 5806 290 306 5807 70 307 5808 290 306 5809 475 308 5810 299 309 5811 476 518 5812 284 310 5813 284 310 5814 468 296 5815 287 295 5816 71 311 5817 286 303 5818 495 302 5819 328 312 5820 497 410 5821 293 313 5822 71 311 5823 293 313 5824 477 314 5825 285 315 5826 471 347 5827 286 303 5828 72 316 5829 363 321 5830 525 317 5831 407 318 5832 528 323 5833 366 319 5834 72 316 5835 366 319 5836 467 320 5837 296 294 5838 465 293 5839 363 321 5840 73 322 5841 366 319 5842 528 323 5843 406 324 5844 527 337 5845 365 325 5846 73 322 5847 365 325 5848 475 308 5849 290 306 5850 467 320 5851 366 319 5852 405 326 5853 525 317 5854 363 321 5855 363 321 5856 465 293 5857 300 298 5858 74 327 5859 300 298 5860 466 328 5861 361 329 5862 523 405 5863 405 326 5864 404 330 5865 536 515 5866 327 331 5867 75 332 5868 327 331 5869 498 333 5870 294 299 5871 469 305 5872 360 334 5873 75 332 5874 360 334 5875 522 335 5876 76 336 5877 403 340 5878 527 337 5879 301 338 5880 478 1750 5881 155 49 5882 76 336 5883 155 49 5884 479 48 5885 298 339 5886 526 402 5887 403 340 5888 402 341 5889 535 520 5890 326 342 5891 77 343 5892 326 342 5893 496 57 5894 143 56 5895 480 115 5896 292 344 5897 77 343 5898 292 344 5899 524 345 5900 78 346 5901 322 353 5902 471 347 5903 78 346 5904 321 348 5905 482 349 5906 78 346 5907 305 350 5908 485 351 5909 307 352 5910 483 400 5911 322 353 5912 306 354 5913 481 377 5914 309 355 5915 309 355 5916 488 376 5917 317 357 5918 79 356 5919 317 357 5920 489 358 5921 303 359 5922 482 349 5923 306 354 5924 305 350 5925 482 349 5926 303 359 5927 303 359 5928 489 358 5929 311 361 5930 311 361 5931 490 433 5932 304 362 5933 80 360 5934 304 362 5935 485 351 5936 308 363 5937 529 526 5938 401 364 5939 401 364 5940 531 368 5941 312 366 5942 81 365 5943 312 366 5944 486 79 5945 165 78 5946 484 1751 5947 308 363 5948 82 367 5949 312 366 5950 531 368 5951 82 367 5952 400 369 5953 530 370 5954 82 367 5955 310 371 5956 492 84 5957 171 83 5958 486 79 5959 312 366 5960 83 372 5961 372 378 5962 534 373 5963 399 374 5964 533 426 5965 371 375 5966 83 372 5967 371 375 5968 488 376 5969 83 372 5970 309 355 5971 481 377 5972 84 379 5973 311 361 5974 489 358 5975 336 380 5976 501 431 5977 331 381 5978 84 379 5979 331 381 5980 502 382 5981 314 383 5982 490 433 5983 311 361 5984 85 384 5985 398 388 5986 522 335 5987 85 384 5988 360 334 5989 469 305 5990 85 384 5991 316 385 5992 494 386 5993 313 387 5994 532 390 5995 398 388 5996 86 389 5997 397 393 5998 532 390 5999 86 389 6000 313 387 6001 494 386 6002 315 391 6003 483 400 6004 367 392 6005 367 392 6006 529 526 6007 397 393 6008 396 394 6009 524 345 6010 292 344 6011 87 395 6012 292 344 6013 480 115 6014 87 395 6015 184 114 6016 487 113 6017 87 395 6018 319 396 6019 534 373 6020 321 348 6021 471 347 6022 285 315 6023 285 315 6024 477 314 6025 320 398 6026 88 397 6027 320 398 6028 481 377 6029 306 354 6030 482 349 6031 321 348 6032 288 304 6033 471 347 6034 322 353 6035 89 399 6036 322 353 6037 483 400 6038 315 391 6039 494 386 6040 316 385 6041 89 399 6042 316 385 6043 469 305 6044 90 401 6045 395 403 6046 526 402 6047 298 339 6048 479 48 6049 188 123 6050 90 401 6051 188 123 6052 496 57 6053 326 342 6054 535 520 6055 395 403 6056 91 404 6057 394 407 6058 523 405 6059 361 329 6060 466 328 6061 325 406 6062 91 404 6063 325 406 6064 498 333 6065 327 331 6066 536 515 6067 394 407 6068 92 408 6069 323 411 6070 468 296 6071 284 310 6072 476 518 6073 324 409 6074 92 408 6075 324 409 6076 497 410 6077 328 312 6078 495 302 6079 323 411 6080 93 412 6081 325 406 6082 466 328 6083 295 297 6084 468 296 6085 323 411 6086 93 412 6087 323 411 6088 495 302 6089 329 300 6090 498 333 6091 325 406 6092 94 413 6093 338 417 6094 502 382 6095 350 414 6096 511 466 6097 348 415 6098 348 415 6099 509 480 6100 332 416 6101 332 416 6102 506 504 6103 338 417 6104 95 418 6105 334 424 6106 500 419 6107 349 420 6108 513 464 6109 346 421 6110 95 418 6111 346 421 6112 510 422 6113 333 423 6114 501 431 6115 334 424 6116 96 425 6117 371 375 6118 533 426 6119 393 427 6120 538 462 6121 376 428 6122 96 425 6123 376 428 6124 500 419 6125 337 429 6126 488 376 6127 371 375 6128 97 430 6129 317 357 6130 488 376 6131 337 429 6132 500 419 6133 334 424 6134 97 430 6135 334 424 6136 501 431 6137 336 380 6138 489 358 6139 317 357 6140 98 432 6141 341 436 6142 490 433 6143 314 383 6144 502 382 6145 338 417 6146 338 417 6147 506 504 6148 340 434 6149 98 432 6150 340 434 6151 507 435 6152 99 437 6153 344 442 6154 510 422 6155 99 437 6156 358 438 6157 517 439 6158 352 440 6159 518 476 6160 357 441 6161 357 441 6162 511 466 6163 344 442 6164 392 443 6165 537 458 6166 330 444 6167 100 445 6168 330 444 6169 504 169 6170 206 168 6171 505 1752 6172 377 446 6173 100 445 6174 377 446 6175 539 447 6176 101 448 6177 391 449 6178 539 447 6179 377 446 6180 505 1752 6181 203 172 6182 101 448 6183 203 172 6184 492 84 6185 310 371 6186 530 370 6187 391 449 6188 102 450 6189 379 456 6190 541 451 6191 102 450 6192 390 452 6193 544 453 6194 382 454 6195 520 482 6196 345 455 6197 345 455 6198 513 464 6199 379 456 6200 103 457 6201 330 444 6202 537 458 6203 389 459 6204 540 495 6205 343 460 6206 103 457 6207 343 460 6208 508 183 6209 221 182 6210 504 169 6211 330 444 6212 104 461 6213 376 428 6214 538 462 6215 388 463 6216 541 451 6217 379 456 6218 104 461 6219 379 456 6220 513 464 6221 349 420 6222 500 419 6223 376 428 6224 105 465 6225 331 381 6226 501 431 6227 333 423 6228 510 422 6229 344 442 6230 105 465 6231 344 442 6232 511 466 6233 350 414 6234 502 382 6235 331 381 6236 106 467 6237 387 470 6238 544 453 6239 355 468 6240 519 241 6241 226 196 6242 106 467 6243 226 196 6244 514 195 6245 353 469 6246 543 498 6247 387 470 6248 386 471 6249 543 498 6250 353 469 6251 107 472 6252 353 469 6253 514 195 6254 234 202 6255 521 222 6256 359 473 6257 107 472 6258 359 473 6259 545 474 6260 348 415 6261 511 466 6262 357 441 6263 108 475 6264 357 441 6265 518 476 6266 108 475 6267 356 477 6268 516 478 6269 108 475 6270 342 479 6271 509 480 6272 109 481 6273 346 421 6274 513 464 6275 109 481 6276 345 455 6277 520 482 6278 109 481 6279 354 483 6280 517 439 6281 358 438 6282 510 422 6283 346 421 6284 343 460 6285 540 495 6286 385 484 6287 110 485 6288 385 484 6289 542 486 6290 351 487 6291 515 1753 6292 214 214 6293 110 485 6294 214 214 6295 508 183 6296 111 488 6297 383 491 6298 545 474 6299 384 489 6300 542 486 6301 380 490 6302 111 488 6303 380 490 6304 516 478 6305 356 477 6306 518 476 6307 383 491 6308 112 492 6309 359 473 6310 521 222 6311 223 223 6312 515 1753 6313 351 487 6314 112 492 6315 351 487 6316 542 486 6317 384 489 6318 545 474 6319 359 473 6320 378 493 6321 509 480 6322 342 479 6323 113 494 6324 342 479 6325 516 478 6326 380 490 6327 542 486 6328 385 484 6329 113 494 6330 385 484 6331 540 495 6332 352 440 6333 517 439 6334 381 496 6335 114 497 6336 381 496 6337 543 498 6338 386 471 6339 545 474 6340 383 491 6341 114 497 6342 383 491 6343 518 476 6344 115 499 6345 354 483 6346 520 482 6347 382 454 6348 544 453 6349 387 470 6350 115 499 6351 387 470 6352 543 498 6353 381 496 6354 517 439 6355 354 483 6356 335 500 6357 503 249 6358 222 231 6359 116 501 6360 222 231 6361 512 235 6362 347 502 6363 541 451 6364 388 463 6365 116 501 6366 388 463 6367 538 462 6368 117 503 6369 375 505 6370 506 504 6371 117 503 6372 332 416 6373 509 480 6374 378 493 6375 540 495 6376 389 459 6377 389 459 6378 537 458 6379 375 505 6380 347 502 6381 512 235 6382 231 239 6383 118 506 6384 231 239 6385 519 241 6386 355 468 6387 544 453 6388 390 452 6389 118 506 6390 390 452 6391 541 451 6392 119 507 6393 341 436 6394 507 435 6395 339 508 6396 539 447 6397 391 449 6398 119 507 6399 391 449 6400 530 370 6401 368 509 6402 490 433 6403 341 436 6404 340 434 6405 506 504 6406 375 505 6407 120 510 6408 375 505 6409 537 458 6410 392 443 6411 539 447 6412 339 508 6413 120 510 6414 339 508 6415 507 435 6416 318 511 6417 491 274 6418 204 246 6419 121 512 6420 204 246 6421 503 249 6422 121 512 6423 335 500 6424 538 462 6425 393 427 6426 533 426 6427 318 511 6428 122 513 6429 150 252 6430 474 251 6431 291 514 6432 523 405 6433 394 407 6434 122 513 6435 394 407 6436 536 515 6437 374 516 6438 499 1754 6439 150 252 6440 123 517 6441 324 409 6442 476 518 6443 364 519 6444 526 402 6445 395 403 6446 123 517 6447 395 403 6448 535 520 6449 373 521 6450 497 410 6451 324 409 6452 124 522 6453 320 398 6454 477 314 6455 124 522 6456 362 523 6457 524 345 6458 396 394 6459 534 373 6460 372 378 6461 372 378 6462 481 377 6463 320 398 6464 125 524 6465 180 265 6466 493 264 6467 370 525 6468 532 390 6469 397 393 6470 125 524 6471 397 393 6472 529 526 6473 308 363 6474 484 1751 6475 180 265 6476 126 527 6477 175 270 6478 470 269 6479 289 528 6480 522 335 6481 398 388 6482 126 527 6483 398 388 6484 532 390 6485 370 525 6486 493 264 6487 175 270 6488 319 396 6489 487 113 6490 172 272 6491 127 529 6492 172 272 6493 491 274 6494 127 529 6495 318 511 6496 533 426 6497 127 529 6498 399 374 6499 534 373 6500 369 530 6501 485 351 6502 304 362 6503 128 531 6504 304 362 6505 490 433 6506 368 509 6507 530 370 6508 400 369 6509 128 531 6510 400 369 6511 531 368 6512 129 532 6513 367 392 6514 483 400 6515 307 352 6516 485 351 6517 369 530 6518 129 532 6519 369 530 6520 531 368 6521 129 532 6522 401 364 6523 529 526 6524 130 533 6525 293 313 6526 497 410 6527 130 533 6528 373 521 6529 535 520 6530 402 341 6531 524 345 6532 362 523 6533 362 523 6534 477 314 6535 293 313 6536 131 534 6537 299 309 6538 475 308 6539 365 325 6540 527 337 6541 403 340 6542 131 534 6543 403 340 6544 526 402 6545 364 519 6546 476 518 6547 299 309 6548 191 280 6549 499 1754 6550 374 516 6551 132 535 6552 374 516 6553 536 515 6554 404 330 6555 522 335 6556 289 528 6557 289 528 6558 470 269 6559 191 280 6560 140 283 6561 472 290 6562 297 536 6563 133 537 6564 297 536 6565 525 317 6566 405 326 6567 523 405 6568 291 514 6569 133 537 6570 291 514 6571 474 251 6572 134 538 6573 302 539 6574 473 286 6575 151 288 6576 478 1750 6577 301 338 6578 134 538 6579 301 338 6580 527 337 6581 406 324 6582 528 323 6583 302 539 6584 135 540 6585 297 536 6586 472 290 6587 142 291 6588 473 286 6589 302 539 6590 135 540 6591 302 539 6592 528 323 6593 407 318 6594 525 317 6595 297 536 6596 607 541 6597 661 602 6598 623 542 6599 546 543 6600 623 542 6601 660 544 6602 615 545 6603 654 580 6604 608 546 6605 546 543 6606 608 546 6607 655 547 6608 547 548 6609 638 554 6610 648 549 6611 629 550 6612 654 580 6613 583 551 6614 547 548 6615 583 551 6616 653 552 6617 591 553 6618 647 1755 6619 638 554 6620 548 555 6621 614 561 6622 665 556 6623 586 557 6624 664 563 6625 635 558 6626 548 555 6627 635 558 6628 658 559 6629 589 560 6630 659 582 6631 614 561 6632 549 562 6633 635 558 6634 664 563 6635 618 564 6636 663 619 6637 611 565 6638 611 565 6639 657 618 6640 620 566 6641 620 566 6642 658 559 6643 635 558 6644 617 567 6645 667 601 6646 596 568 6647 550 569 6648 596 568 6649 666 570 6650 581 571 6651 660 544 6652 623 542 6653 623 542 6654 661 602 6655 617 567 6656 595 572 6657 651 604 6658 630 573 6659 630 573 6660 657 618 6661 633 575 6662 551 574 6663 633 575 6664 662 576 6665 551 574 6666 632 577 6667 656 578 6668 552 579 6669 583 551 6670 654 580 6671 615 545 6672 660 544 6673 598 581 6674 552 579 6675 598 581 6676 659 582 6677 637 583 6678 653 552 6679 583 551 6680 597 584 6681 649 614 6682 619 585 6683 619 585 6684 655 547 6685 608 546 6686 553 586 6687 608 546 6688 654 580 6689 553 586 6690 629 550 6691 648 549 6692 592 587 6693 646 595 6694 628 588 6695 554 589 6696 628 588 6697 652 590 6698 593 591 6699 651 604 6700 612 592 6701 612 592 6702 645 607 6703 592 587 6704 555 593 6705 591 553 6706 653 552 6707 626 594 6708 652 590 6709 628 588 6710 555 593 6711 628 588 6712 646 595 6713 625 596 6714 647 1755 6715 591 553 6716 590 597 6717 662 576 6718 606 598 6719 606 598 6720 668 621 6721 640 600 6722 556 599 6723 640 600 6724 667 601 6725 556 599 6726 617 567 6727 661 602 6728 557 603 6729 612 592 6730 651 604 6731 595 572 6732 656 578 6733 639 605 6734 639 605 6735 650 1756 6736 585 606 6737 557 603 6738 585 606 6739 645 607 6740 558 608 6741 581 571 6742 666 570 6743 634 609 6744 665 556 6745 614 561 6746 558 608 6747 614 561 6748 659 582 6749 558 608 6750 598 581 6751 660 544 6752 559 610 6753 636 611 6754 658 559 6755 620 566 6756 657 618 6757 630 573 6758 559 610 6759 630 573 6760 651 604 6761 593 591 6762 652 590 6763 636 611 6764 639 605 6765 656 578 6766 587 612 6767 560 613 6768 587 612 6769 655 547 6770 560 613 6771 619 585 6772 649 614 6773 627 615 6774 650 1756 6775 639 605 6776 561 616 6777 587 612 6778 656 578 6779 632 577 6780 662 576 6781 590 597 6782 561 616 6783 590 597 6784 661 602 6785 607 541 6786 655 547 6787 587 612 6788 562 617 6789 633 575 6790 657 618 6791 562 617 6792 611 565 6793 663 619 6794 562 617 6795 621 620 6796 668 621 6797 606 598 6798 662 576 6799 633 575 6800 563 622 6801 621 620 6802 663 619 6803 584 623 6804 669 630 6805 609 624 6806 563 622 6807 609 624 6808 674 625 6809 616 626 6810 668 621 6811 621 620 6812 618 564 6813 664 563 6814 599 627 6815 599 627 6816 670 634 6817 622 629 6818 564 628 6819 622 629 6820 669 630 6821 564 628 6822 584 623 6823 663 619 6824 586 557 6825 665 556 6826 588 631 6827 588 631 6828 671 655 6829 582 633 6830 565 632 6831 582 633 6832 670 634 6833 565 632 6834 599 627 6835 664 563 6836 634 609 6837 666 570 6838 613 635 6839 566 636 6840 613 635 6841 672 637 6842 610 638 6843 671 655 6844 588 631 6845 566 636 6846 588 631 6847 665 556 6848 596 568 6849 667 601 6850 579 639 6851 567 640 6852 579 639 6853 673 641 6854 580 642 6855 672 637 6856 613 635 6857 567 640 6858 613 635 6859 666 570 6860 568 643 6861 640 600 6862 668 621 6863 616 626 6864 674 625 6865 603 644 6866 603 644 6867 673 641 6868 579 639 6869 579 639 6870 667 601 6871 640 600 6872 569 645 6873 609 624 6874 669 630 6875 569 645 6876 643 646 6877 675 647 6878 601 648 6879 680 671 6880 600 649 6881 600 649 6882 674 625 6883 609 624 6884 570 650 6885 622 629 6886 670 634 6887 570 650 6888 602 651 6889 676 652 6890 570 650 6891 604 653 6892 675 647 6893 643 646 6894 669 630 6895 622 629 6896 571 654 6897 582 633 6898 671 655 6899 578 656 6900 677 669 6901 642 657 6902 571 654 6903 642 657 6904 676 652 6905 602 651 6906 670 634 6907 582 633 6908 610 638 6909 672 637 6910 605 658 6911 572 659 6912 605 658 6913 678 660 6914 631 661 6915 677 669 6916 578 656 6917 572 659 6918 578 656 6919 671 655 6920 580 642 6921 673 641 6922 641 662 6923 573 663 6924 641 662 6925 679 664 6926 573 663 6927 594 665 6928 678 660 6929 573 663 6930 605 658 6931 672 637 6932 574 666 6933 603 644 6934 674 625 6935 600 649 6936 680 671 6937 624 667 6938 574 666 6939 624 667 6940 679 664 6941 574 666 6942 641 662 6943 673 641 6944 601 648 6945 675 647 6946 604 653 6947 604 653 6948 676 652 6949 642 657 6950 575 668 6951 642 657 6952 677 669 6953 575 668 6954 644 670 6955 680 671 6956 594 665 6957 679 664 6958 624 667 6959 576 672 6960 624 667 6961 680 671 6962 576 672 6963 644 670 6964 677 669 6965 631 661 6966 678 660 6967 594 665 6968 626 594 6969 653 552 6970 637 583 6971 577 673 6972 637 583 6973 659 582 6974 589 560 6975 658 559 6976 636 611 6977 577 673 6978 636 611 6979 652 590 6980 681 674 6981 866 680 6982 1146 675 6983 827 676 6984 1129 706 6985 826 677 6986 681 674 6987 826 677 6988 1131 678 6989 856 679 6990 1147 682 6991 866 680 6992 682 681 6993 865 686 6994 1147 682 6995 856 679 6996 1131 678 6997 830 683 6998 682 681 6999 830 683 7000 1133 684 7001 857 685 7002 1148 764 7003 865 686 7004 864 687 7005 1148 764 7006 857 685 7007 683 688 7008 857 685 7009 1133 684 7010 833 689 7011 1135 694 7012 858 690 7013 683 688 7014 858 690 7015 1149 691 7016 863 692 7017 1149 691 7018 858 690 7019 684 693 7020 858 690 7021 1135 694 7022 836 695 7023 1137 700 7024 859 696 7025 684 693 7026 859 696 7027 1150 697 7028 862 698 7029 1150 697 7030 859 696 7031 685 699 7032 859 696 7033 1137 700 7034 839 701 7035 1139 1757 7036 860 702 7037 685 699 7038 860 702 7039 1151 703 7040 686 704 7041 861 707 7042 1151 703 7043 860 702 7044 1139 1757 7045 842 705 7046 686 704 7047 842 705 7048 1129 706 7049 827 676 7050 1146 675 7051 861 707 7052 687 708 7053 886 715 7054 1128 709 7055 825 710 7056 1130 740 7057 885 711 7058 687 708 7059 885 711 7060 1159 712 7061 687 708 7062 879 713 7063 1158 714 7064 841 716 7065 1138 727 7066 840 717 7067 688 718 7068 840 717 7069 1145 719 7070 849 720 7071 1140 746 7072 843 721 7073 688 718 7074 843 721 7075 1128 709 7076 838 722 7077 1136 805 7078 837 723 7079 689 724 7080 837 723 7081 1144 725 7082 850 726 7083 1145 719 7084 840 717 7085 689 724 7086 840 717 7087 1138 727 7088 690 728 7089 835 732 7090 1134 729 7091 834 730 7092 1143 737 7093 851 731 7094 851 731 7095 1144 725 7096 837 723 7097 837 723 7098 1136 805 7099 835 732 7100 691 733 7101 832 738 7102 1132 734 7103 831 735 7104 1142 743 7105 852 736 7106 691 733 7107 852 736 7108 1143 737 7109 834 730 7110 1134 729 7111 832 738 7112 692 739 7113 829 744 7114 1130 740 7115 828 741 7116 1141 748 7117 853 742 7118 692 739 7119 853 742 7120 1142 743 7121 831 735 7122 1132 734 7123 829 744 7124 825 710 7125 1128 709 7126 843 721 7127 693 745 7128 843 721 7129 1140 746 7130 693 745 7131 854 747 7132 1141 748 7133 693 745 7134 828 741 7135 1130 740 7136 694 749 7137 878 753 7138 1156 750 7139 871 751 7140 1151 703 7141 861 707 7142 694 749 7143 861 707 7144 1146 675 7145 855 752 7146 1157 772 7147 878 753 7148 877 754 7149 1155 760 7150 870 755 7151 695 756 7152 870 755 7153 1150 697 7154 695 756 7155 862 698 7156 1151 703 7157 871 751 7158 1156 750 7159 877 754 7160 876 757 7161 1154 765 7162 869 758 7163 696 759 7164 869 758 7165 1149 691 7166 863 692 7167 1150 697 7168 870 755 7169 696 759 7170 870 755 7171 1155 760 7172 875 761 7173 1153 769 7174 868 762 7175 697 763 7176 868 762 7177 1148 764 7178 864 687 7179 1149 691 7180 869 758 7181 697 763 7182 869 758 7183 1154 765 7184 698 766 7185 874 770 7186 1152 767 7187 867 768 7188 1147 682 7189 865 686 7190 865 686 7191 1148 764 7192 868 762 7193 698 766 7194 868 762 7195 1153 769 7196 699 771 7197 873 773 7198 1157 772 7199 855 752 7200 1146 675 7201 866 680 7202 699 771 7203 866 680 7204 1147 682 7205 867 768 7206 1152 767 7207 873 773 7208 700 774 7209 854 747 7210 1140 746 7211 872 775 7212 1157 772 7213 873 773 7214 700 774 7215 873 773 7216 1152 767 7217 844 776 7218 1141 748 7219 854 747 7220 701 777 7221 853 742 7222 1141 748 7223 844 776 7224 1152 767 7225 874 770 7226 701 777 7227 874 770 7228 1153 769 7229 845 778 7230 1142 743 7231 853 742 7232 852 736 7233 1142 743 7234 845 778 7235 702 779 7236 845 778 7237 1153 769 7238 875 761 7239 1154 765 7240 846 780 7241 702 779 7242 846 780 7243 1143 737 7244 851 731 7245 1143 737 7246 846 780 7247 703 781 7248 846 780 7249 1154 765 7250 876 757 7251 1155 760 7252 847 782 7253 703 781 7254 847 782 7255 1144 725 7256 850 726 7257 1144 725 7258 847 782 7259 704 783 7260 847 782 7261 1155 760 7262 704 783 7263 877 754 7264 1156 750 7265 848 784 7266 1145 719 7267 850 726 7268 705 785 7269 849 720 7270 1145 719 7271 848 784 7272 1156 750 7273 878 753 7274 705 785 7275 878 753 7276 1157 772 7277 872 775 7278 1140 746 7279 849 720 7280 884 786 7281 1158 714 7282 879 713 7283 879 713 7284 1159 712 7285 880 788 7286 880 788 7287 1160 796 7288 881 789 7289 881 789 7290 1161 795 7291 882 790 7292 882 790 7293 1162 802 7294 883 791 7295 883 791 7296 1163 798 7297 884 786 7298 888 792 7299 1132 734 7300 832 738 7301 707 793 7302 832 738 7303 1134 729 7304 707 793 7305 887 794 7306 1161 795 7307 707 793 7308 881 789 7309 1160 796 7310 708 797 7311 889 799 7312 1138 727 7313 841 716 7314 1128 709 7315 886 715 7316 708 797 7317 886 715 7318 1158 714 7319 708 797 7320 884 786 7321 1163 798 7322 887 794 7323 1134 729 7324 835 732 7325 835 732 7326 1136 805 7327 890 801 7328 709 800 7329 890 801 7330 1162 802 7331 709 800 7332 882 790 7333 1161 795 7334 885 711 7335 1130 740 7336 829 744 7337 710 803 7338 829 744 7339 1132 734 7340 710 803 7341 888 792 7342 1160 796 7343 710 803 7344 880 788 7345 1159 712 7346 711 804 7347 890 801 7348 1136 805 7349 838 722 7350 1138 727 7351 889 799 7352 711 804 7353 889 799 7354 1163 798 7355 711 804 7356 883 791 7357 1162 802 7358 712 806 7359 925 812 7360 1187 807 7361 945 808 7362 1183 1758 7363 917 809 7364 917 809 7365 1170 815 7366 918 810 7367 712 806 7368 918 810 7369 1184 811 7370 923 813 7371 1184 811 7372 918 810 7373 713 814 7374 918 810 7375 1170 815 7376 899 816 7377 1172 821 7378 919 817 7379 713 814 7380 919 817 7381 1185 818 7382 922 819 7383 1185 818 7384 919 817 7385 714 820 7386 919 817 7387 1172 821 7388 714 820 7389 902 822 7390 1174 823 7391 714 820 7392 920 824 7393 1186 825 7394 715 826 7395 921 830 7396 1186 825 7397 920 824 7398 1174 823 7399 905 827 7400 715 826 7401 905 827 7402 1165 828 7403 892 829 7404 1201 914 7405 921 830 7406 716 831 7407 935 838 7408 1164 832 7409 891 833 7410 1166 863 7411 934 834 7412 716 831 7413 934 834 7414 1190 835 7415 716 831 7416 928 836 7417 1189 837 7418 904 839 7419 1173 850 7420 903 840 7421 717 841 7422 903 840 7423 1180 842 7424 910 843 7425 1175 869 7426 906 844 7427 717 841 7428 906 844 7429 1164 832 7430 901 845 7431 1171 899 7432 900 846 7433 718 847 7434 900 846 7435 1179 848 7436 911 849 7437 1180 842 7438 903 840 7439 718 847 7440 903 840 7441 1173 850 7442 719 851 7443 898 855 7444 1169 852 7445 897 853 7446 1178 860 7447 912 854 7448 912 854 7449 1179 848 7450 900 846 7451 900 846 7452 1171 899 7453 898 855 7454 720 856 7455 896 861 7456 1168 857 7457 895 858 7458 1177 866 7459 913 859 7460 720 856 7461 913 859 7462 1178 860 7463 897 853 7464 1169 852 7465 896 861 7466 721 862 7467 894 867 7468 1166 863 7469 893 864 7470 1176 970 7471 914 865 7472 721 862 7473 914 865 7474 1177 866 7475 895 858 7476 1168 857 7477 894 867 7478 891 833 7479 1164 832 7480 906 844 7481 722 868 7482 906 844 7483 1175 869 7484 915 870 7485 1176 970 7486 893 864 7487 722 868 7488 893 864 7489 1166 863 7490 945 808 7491 1187 807 7492 927 871 7493 723 872 7494 927 871 7495 1202 873 7496 915 870 7497 1175 869 7498 926 875 7499 926 875 7500 1188 909 7501 940 877 7502 724 876 7503 940 877 7504 1195 878 7505 907 879 7506 1176 970 7507 915 870 7508 725 880 7509 912 854 7510 1178 860 7511 908 881 7512 1197 1759 7513 967 882 7514 967 882 7515 1208 953 7516 966 883 7517 725 880 7518 966 883 7519 1179 848 7520 933 884 7521 1189 837 7522 928 836 7523 928 836 7524 1190 835 7525 929 886 7526 929 886 7527 1191 894 7528 930 887 7529 930 887 7530 1192 893 7531 931 888 7532 931 888 7533 1193 901 7534 932 889 7535 932 889 7536 1194 896 7537 933 884 7538 937 890 7539 1168 857 7540 896 861 7541 727 891 7542 896 861 7543 1169 852 7544 727 891 7545 936 892 7546 1192 893 7547 727 891 7548 930 887 7549 1191 894 7550 728 895 7551 938 897 7552 1173 850 7553 904 839 7554 1164 832 7555 935 838 7556 728 895 7557 935 838 7558 1189 837 7559 728 895 7560 933 884 7561 1194 896 7562 936 892 7563 1169 852 7564 898 855 7565 729 898 7566 898 855 7567 1171 899 7568 729 898 7569 939 900 7570 1193 901 7571 729 898 7572 931 888 7573 1192 893 7574 934 834 7575 1166 863 7576 894 867 7577 730 902 7578 894 867 7579 1168 857 7580 730 902 7581 937 890 7582 1191 894 7583 730 902 7584 929 886 7585 1190 835 7586 731 903 7587 939 900 7588 1171 899 7589 901 845 7590 1173 850 7591 938 897 7592 731 903 7593 938 897 7594 1194 896 7595 731 903 7596 932 889 7597 1193 901 7598 732 904 7599 941 910 7600 1198 905 7601 732 904 7602 944 906 7603 1196 907 7604 942 908 7605 1195 878 7606 940 877 7607 732 904 7608 940 877 7609 1188 909 7610 922 819 7611 1186 825 7612 946 911 7613 946 911 7614 1187 807 7615 925 812 7616 733 912 7617 925 812 7618 1184 811 7619 733 912 7620 923 813 7621 1185 818 7622 734 913 7623 921 830 7624 1201 914 7625 734 913 7626 924 915 7627 1202 873 7628 927 871 7629 1187 807 7630 946 911 7631 946 911 7632 1186 825 7633 921 830 7634 951 916 7635 1205 946 7636 947 917 7637 947 917 7638 1206 926 7639 952 919 7640 735 918 7641 952 919 7642 1201 914 7643 892 829 7644 1165 828 7645 951 916 7646 953 920 7647 1182 928 7648 948 921 7649 736 922 7650 948 921 7651 1199 923 7652 950 924 7653 1167 1760 7654 916 874 7655 736 922 7656 916 874 7657 1202 873 7658 737 925 7659 952 919 7660 1206 926 7661 737 925 7662 949 927 7663 1182 928 7664 953 920 7665 1202 873 7666 924 915 7667 924 915 7668 1201 914 7669 952 919 7670 738 929 7671 958 935 7672 1203 930 7673 954 931 7674 1181 949 7675 960 932 7676 960 932 7677 1200 948 7678 957 933 7679 738 929 7680 957 933 7681 1204 934 7682 944 906 7683 1198 905 7684 956 936 7685 956 936 7686 1203 930 7687 958 935 7688 958 935 7689 1204 934 7690 955 938 7691 739 937 7692 955 938 7693 1196 907 7694 943 939 7695 1207 959 7696 909 940 7697 740 941 7698 909 940 7699 1203 930 7700 740 941 7701 956 936 7702 1198 905 7703 740 941 7704 941 910 7705 1188 909 7706 741 942 7707 973 944 7708 1195 878 7709 741 942 7710 942 908 7711 1196 907 7712 741 942 7713 955 938 7714 1204 934 7715 972 943 7716 1209 965 7717 973 944 7718 742 945 7719 947 917 7720 1205 946 7721 742 945 7722 961 947 7723 1200 948 7724 742 945 7725 960 932 7726 1181 949 7727 742 945 7728 962 950 7729 1206 926 7730 743 951 7731 949 927 7732 1206 926 7733 962 950 7734 1181 949 7735 965 952 7736 743 951 7737 965 952 7738 1208 953 7739 968 954 7740 1182 928 7741 949 927 7742 744 955 7743 948 921 7744 1182 928 7745 968 954 7746 1208 953 7747 967 882 7748 967 882 7749 1197 1759 7750 963 956 7751 963 956 7752 1199 923 7753 948 921 7754 964 957 7755 1208 953 7756 965 952 7757 745 958 7758 965 952 7759 1181 949 7760 954 931 7761 1203 930 7762 909 940 7763 745 958 7764 909 940 7765 1207 959 7766 746 960 7767 969 961 7768 1180 842 7769 911 849 7770 1179 848 7771 966 883 7772 746 960 7773 966 883 7774 1208 953 7775 964 957 7776 1207 959 7777 969 961 7778 747 962 7779 926 875 7780 1175 869 7781 910 843 7782 1180 842 7783 969 961 7784 747 962 7785 969 961 7786 1207 959 7787 943 939 7788 1188 909 7789 926 875 7790 972 943 7791 1204 934 7792 957 933 7793 748 963 7794 957 933 7795 1200 948 7796 748 963 7797 971 968 7798 1209 965 7799 908 881 7800 1178 860 7801 913 859 7802 749 966 7803 913 859 7804 1177 866 7805 970 967 7806 1209 965 7807 971 968 7808 907 879 7809 1195 878 7810 973 944 7811 750 969 7812 973 944 7813 1209 965 7814 970 967 7815 1177 866 7816 914 865 7817 750 969 7818 914 865 7819 1176 970 7820 751 971 7821 974 974 7822 1172 821 7823 899 816 7824 1170 815 7825 975 972 7826 752 973 7827 976 1761 7828 1174 823 7829 902 822 7830 1172 821 7831 974 974 7832 753 975 7833 979 981 7834 1228 976 7835 1018 977 7836 1229 983 7837 1008 978 7838 753 975 7839 1008 978 7840 1213 979 7841 978 980 7842 1211 1007 7843 979 981 7844 754 982 7845 1008 978 7846 1229 983 7847 1017 984 7848 1230 1066 7849 1009 985 7850 754 982 7851 1009 985 7852 1215 986 7853 982 987 7854 1213 979 7855 1008 978 7856 1009 985 7857 1230 1066 7858 1016 988 7859 755 989 7860 1016 988 7861 1231 990 7862 1010 991 7863 1217 998 7864 985 992 7865 755 989 7866 985 992 7867 1215 986 7868 1010 991 7869 1231 990 7870 1015 993 7871 756 994 7872 1015 993 7873 1232 995 7874 1011 996 7875 1219 1004 7876 988 997 7877 756 994 7878 988 997 7879 1217 998 7880 1011 996 7881 1232 995 7882 1014 999 7883 757 1000 7884 1014 999 7885 1233 1001 7886 1012 1002 7887 1221 1762 7888 991 1003 7889 757 1000 7890 991 1003 7891 1219 1004 7892 758 1005 7893 1012 1002 7894 1233 1001 7895 1013 1006 7896 1228 976 7897 979 981 7898 758 1005 7899 979 981 7900 1211 1007 7901 994 1008 7902 1221 1762 7903 1012 1002 7904 759 1009 7905 977 1016 7906 1210 1010 7907 759 1009 7908 1038 1011 7909 1240 1012 7910 759 1009 7911 1031 1013 7912 1241 1014 7913 1037 1015 7914 1212 1041 7915 977 1016 7916 992 1017 7917 1220 1026 7918 993 1018 7919 760 1019 7920 993 1018 7921 1210 1010 7922 995 1020 7923 1222 1049 7924 1001 1021 7925 760 1019 7926 1001 1021 7927 1227 1022 7928 989 1023 7929 1218 1105 7930 990 1024 7931 761 1025 7932 990 1024 7933 1220 1026 7934 992 1017 7935 1227 1022 7936 1002 1027 7937 761 1025 7938 1002 1027 7939 1226 1028 7940 762 1029 7941 986 1033 7942 1216 1030 7943 987 1031 7944 1218 1105 7945 989 1023 7946 989 1023 7947 1226 1028 7948 1003 1032 7949 1003 1032 7950 1225 1037 7951 986 1033 7952 763 1034 7953 983 1039 7954 1214 1035 7955 984 1036 7956 1216 1030 7957 986 1033 7958 763 1034 7959 986 1033 7960 1225 1037 7961 1004 1038 7962 1224 1043 7963 983 1039 7964 764 1040 7965 980 1045 7966 1212 1041 7967 981 1042 7968 1214 1035 7969 983 1039 7970 764 1040 7971 983 1039 7972 1224 1043 7973 1005 1044 7974 1223 1047 7975 980 1045 7976 995 1020 7977 1210 1010 7978 977 1016 7979 765 1046 7980 977 1016 7981 1212 1041 7982 765 1046 7983 980 1045 7984 1223 1047 7985 765 1046 7986 1006 1048 7987 1222 1049 7988 766 1050 7989 1023 1054 7990 1238 1051 7991 1030 1052 7992 1239 1073 7993 1007 1053 7994 766 1050 7995 1007 1053 7996 1228 976 7997 1013 1006 7998 1233 1001 7999 1023 1054 8000 1022 1055 8001 1237 1061 8002 1029 1056 8003 1029 1056 8004 1238 1051 8005 1023 1054 8006 767 1057 8007 1023 1054 8008 1233 1001 8009 767 1057 8010 1014 999 8011 1232 995 8012 1021 1058 8013 1236 1065 8014 1028 1059 8015 768 1060 8016 1028 1059 8017 1237 1061 8018 1022 1055 8019 1232 995 8020 1015 993 8021 768 1060 8022 1015 993 8023 1231 990 8024 1020 1062 8025 1235 1070 8026 1027 1063 8027 769 1064 8028 1027 1063 8029 1236 1065 8030 1021 1058 8031 1231 990 8032 1016 988 8033 769 1064 8034 1016 988 8035 1230 1066 8036 770 1067 8037 1019 1071 8038 1234 1068 8039 770 1067 8040 1026 1069 8041 1235 1070 8042 1020 1062 8043 1230 1066 8044 1017 984 8045 1017 984 8046 1229 983 8047 1019 1071 8048 771 1072 8049 1007 1053 8050 1239 1073 8051 1025 1074 8052 1234 1068 8053 1019 1071 8054 771 1072 8055 1019 1071 8056 1229 983 8057 1018 977 8058 1228 976 8059 1007 1053 8060 772 1075 8061 1024 1077 8062 1222 1049 8063 1006 1048 8064 1223 1047 8065 996 1076 8066 772 1075 8067 996 1076 8068 1234 1068 8069 1025 1074 8070 1239 1073 8071 1024 1077 8072 773 1078 8073 996 1076 8074 1223 1047 8075 1005 1044 8076 1224 1043 8077 997 1079 8078 773 1078 8079 997 1079 8080 1235 1070 8081 1026 1069 8082 1234 1068 8083 996 1076 8084 997 1079 8085 1224 1043 8086 1004 1038 8087 774 1080 8088 1004 1038 8089 1225 1037 8090 998 1081 8091 1236 1065 8092 1027 1063 8093 774 1080 8094 1027 1063 8095 1235 1070 8096 998 1081 8097 1225 1037 8098 1003 1032 8099 775 1082 8100 1003 1032 8101 1226 1028 8102 999 1083 8103 1237 1061 8104 1028 1059 8105 775 1082 8106 1028 1059 8107 1236 1065 8108 999 1083 8109 1226 1028 8110 1002 1027 8111 1002 1027 8112 1227 1022 8113 1000 1085 8114 776 1084 8115 1000 1085 8116 1238 1051 8117 776 1084 8118 1029 1056 8119 1237 1061 8120 777 1086 8121 1000 1085 8122 1227 1022 8123 1001 1021 8124 1222 1049 8125 1024 1077 8126 777 1086 8127 1024 1077 8128 1239 1073 8129 1030 1052 8130 1238 1051 8131 1000 1085 8132 1031 1013 8133 1240 1012 8134 1036 1087 8135 1036 1087 8136 1245 1099 8137 1035 1088 8138 1035 1088 8139 1244 1101 8140 1034 1089 8141 1034 1089 8142 1243 1095 8143 1033 1090 8144 1033 1090 8145 1242 1094 8146 1032 1091 8147 1032 1091 8148 1241 1014 8149 1031 1013 8150 984 1036 8151 1214 1035 8152 1040 1092 8153 779 1093 8154 1040 1092 8155 1242 1094 8156 779 1093 8157 1033 1090 8158 1243 1095 8159 779 1093 8160 1039 1096 8161 1216 1030 8162 780 1097 8163 993 1018 8164 1220 1026 8165 780 1097 8166 1041 1098 8167 1245 1099 8168 780 1097 8169 1036 1087 8170 1240 1012 8171 1038 1011 8172 1210 1010 8173 993 1018 8174 987 1031 8175 1216 1030 8176 1039 1096 8177 781 1100 8178 1039 1096 8179 1243 1095 8180 781 1100 8181 1034 1089 8182 1244 1101 8183 1042 1102 8184 1218 1105 8185 987 1031 8186 981 1042 8187 1212 1041 8188 1037 1015 8189 782 1103 8190 1037 1015 8191 1241 1014 8192 782 1103 8193 1032 1091 8194 1242 1094 8195 782 1103 8196 1040 1092 8197 1214 1035 8198 783 1104 8199 990 1024 8200 1218 1105 8201 783 1104 8202 1042 1102 8203 1244 1101 8204 783 1104 8205 1035 1088 8206 1245 1099 8207 1041 1098 8208 1220 1026 8209 990 1024 8210 784 1106 8211 1097 1112 8212 1269 1107 8213 784 1106 8214 1077 1108 8215 1266 1109 8216 1070 1110 8217 1252 1118 8218 1069 1111 8219 1069 1111 8220 1265 1763 8221 1097 1112 8222 1070 1110 8223 1266 1109 8224 1075 1113 8225 785 1114 8226 1075 1113 8227 1267 1115 8228 1071 1116 8229 1254 1125 8230 1051 1117 8231 785 1114 8232 1051 1117 8233 1252 1118 8234 1071 1116 8235 1267 1115 8236 1074 1119 8237 786 1120 8238 1074 1119 8239 1268 1121 8240 786 1120 8241 1072 1122 8242 1256 1123 8243 786 1120 8244 1054 1124 8245 1254 1125 8246 787 1126 8247 1072 1122 8248 1268 1121 8249 1073 1127 8250 1283 1213 8251 1044 1128 8252 787 1126 8253 1044 1128 8254 1247 1129 8255 1057 1130 8256 1256 1123 8257 1072 1122 8258 788 1131 8259 1043 1138 8260 1246 1132 8261 788 1131 8262 1087 1133 8263 1271 1134 8264 788 1131 8265 1080 1135 8266 1272 1136 8267 1086 1137 8268 1248 1163 8269 1043 1138 8270 1055 1139 8271 1255 1148 8272 1056 1140 8273 789 1141 8274 1056 1140 8275 1246 1132 8276 1058 1142 8277 1257 1170 8278 1062 1143 8279 789 1141 8280 1062 1143 8281 1262 1144 8282 1052 1145 8283 1253 1200 8284 1053 1146 8285 790 1147 8286 1053 1146 8287 1255 1148 8288 1055 1139 8289 1262 1144 8290 1063 1149 8291 790 1147 8292 1063 1149 8293 1261 1150 8294 791 1151 8295 1049 1155 8296 1251 1152 8297 1050 1153 8298 1253 1200 8299 1052 1145 8300 1052 1145 8301 1261 1150 8302 1064 1154 8303 1064 1154 8304 1260 1159 8305 1049 1155 8306 792 1156 8307 1047 1161 8308 1250 1157 8309 1048 1158 8310 1251 1152 8311 1049 1155 8312 792 1156 8313 1049 1155 8314 1260 1159 8315 1065 1160 8316 1259 1165 8317 1047 1161 8318 793 1162 8319 1045 1167 8320 1248 1163 8321 1046 1164 8322 1250 1157 8323 1047 1161 8324 793 1162 8325 1047 1161 8326 1259 1165 8327 1066 1166 8328 1258 1269 8329 1045 1167 8330 1058 1142 8331 1246 1132 8332 1043 1138 8333 794 1168 8334 1043 1138 8335 1248 1163 8336 1045 1167 8337 1258 1269 8338 1067 1169 8339 794 1168 8340 1067 1169 8341 1257 1170 8342 795 1171 8343 1068 1222 8344 1284 1172 8345 1079 1173 8346 1269 1107 8347 1097 1112 8348 1078 1174 8349 1257 1170 8350 1067 1169 8351 1067 1169 8352 1258 1269 8353 1059 1176 8354 796 1175 8355 1059 1176 8356 1277 1177 8357 1092 1178 8358 1270 1206 8359 1078 1174 8360 797 1179 8361 1060 1182 8362 1260 1159 8363 797 1179 8364 1064 1154 8365 1261 1150 8366 1118 1180 8367 1290 1253 8368 1119 1181 8369 1119 1181 8370 1279 1764 8371 1060 1182 8372 1080 1135 8373 1271 1134 8374 1085 1183 8375 1085 1183 8376 1276 1196 8377 1084 1185 8378 1084 1185 8379 1275 1198 8380 1083 1186 8381 1083 1186 8382 1274 1192 8383 1082 1187 8384 1082 1187 8385 1273 1191 8386 1081 1188 8387 1081 1188 8388 1272 1136 8389 1080 1135 8390 1048 1158 8391 1250 1157 8392 1089 1189 8393 799 1190 8394 1089 1189 8395 1273 1191 8396 799 1190 8397 1082 1187 8398 1274 1192 8399 799 1190 8400 1088 1193 8401 1251 1152 8402 800 1194 8403 1056 1140 8404 1255 1148 8405 800 1194 8406 1090 1195 8407 1276 1196 8408 800 1194 8409 1085 1183 8410 1271 1134 8411 1087 1133 8412 1246 1132 8413 1056 1140 8414 1050 1153 8415 1251 1152 8416 1088 1193 8417 801 1197 8418 1088 1193 8419 1274 1192 8420 801 1197 8421 1083 1186 8422 1275 1198 8423 801 1197 8424 1091 1199 8425 1253 1200 8426 1046 1164 8427 1248 1163 8428 1086 1137 8429 802 1201 8430 1086 1137 8431 1272 1136 8432 802 1201 8433 1081 1188 8434 1273 1191 8435 802 1201 8436 1089 1189 8437 1250 1157 8438 803 1202 8439 1053 1146 8440 1253 1200 8441 803 1202 8442 1091 1199 8443 1275 1198 8444 803 1202 8445 1084 1185 8446 1276 1196 8447 1090 1195 8448 1255 1148 8449 1053 1146 8450 804 1203 8451 1096 1209 8452 1280 1204 8453 804 1203 8454 1093 1205 8455 1270 1206 8456 1092 1178 8457 1277 1177 8458 1094 1207 8459 804 1203 8460 1094 1207 8461 1278 1208 8462 1098 1210 8463 1268 1121 8464 1074 1119 8465 805 1211 8466 1074 1119 8467 1267 1115 8468 805 1211 8469 1075 1113 8470 1266 1109 8471 1077 1108 8472 1269 1107 8473 1098 1210 8474 806 1212 8475 1076 1214 8476 1283 1213 8477 1073 1127 8478 1268 1121 8479 1098 1210 8480 1098 1210 8481 1269 1107 8482 1079 1173 8483 806 1212 8484 1079 1173 8485 1284 1172 8486 1099 1215 8487 1287 1246 8488 1103 1216 8489 1103 1216 8490 1247 1129 8491 1044 1128 8492 807 1217 8493 1044 1128 8494 1283 1213 8495 1104 1218 8496 1288 1226 8497 1099 1215 8498 1100 1219 8499 1264 1227 8500 1105 1220 8501 808 1221 8502 1105 1220 8503 1284 1172 8504 1068 1222 8505 1249 1765 8506 1102 1223 8507 808 1221 8508 1102 1223 8509 1281 1224 8510 809 1225 8511 1101 1228 8512 1288 1226 8513 1104 1218 8514 1283 1213 8515 1076 1214 8516 1076 1214 8517 1284 1172 8518 1105 1220 8519 809 1225 8520 1105 1220 8521 1264 1227 8522 810 1229 8523 1106 1235 8524 1285 1230 8525 810 1229 8526 1110 1231 8527 1286 1232 8528 1109 1233 8529 1282 1249 8530 1112 1234 8531 1112 1234 8532 1263 1248 8533 1106 1235 8534 1108 1236 8535 1280 1204 8536 1096 1209 8537 811 1237 8538 1096 1209 8539 1278 1208 8540 1107 1238 8541 1286 1232 8542 1110 1231 8543 1110 1231 8544 1285 1230 8545 1108 1236 8546 1061 1239 8547 1289 1259 8548 1095 1240 8549 812 1241 8550 1095 1240 8551 1270 1206 8552 812 1241 8553 1093 1205 8554 1280 1204 8555 812 1241 8556 1108 1236 8557 1285 1230 8558 813 1242 8559 1094 1207 8560 1277 1177 8561 1125 1243 8562 1291 1264 8563 1124 1244 8564 813 1242 8565 1124 1244 8566 1286 1232 8567 813 1242 8568 1107 1238 8569 1278 1208 8570 814 1245 8571 1113 1250 8572 1287 1246 8573 814 1245 8574 1099 1215 8575 1288 1226 8576 814 1245 8577 1114 1247 8578 1263 1248 8579 814 1245 8580 1112 1234 8581 1282 1249 8582 815 1251 8583 1114 1247 8584 1288 1226 8585 1101 1228 8586 1264 1227 8587 1120 1252 8588 815 1251 8589 1120 1252 8590 1290 1253 8591 1117 1254 8592 1263 1248 8593 1114 1247 8594 816 1255 8595 1120 1252 8596 1264 1227 8597 1100 1219 8598 1281 1224 8599 1115 1256 8600 1115 1256 8601 1279 1764 8602 1119 1181 8603 1119 1181 8604 1290 1253 8605 1120 1252 8606 1117 1254 8607 1290 1253 8608 1116 1257 8609 817 1258 8610 1116 1257 8611 1289 1259 8612 1061 1239 8613 1285 1230 8614 1106 1235 8615 817 1258 8616 1106 1235 8617 1263 1248 8618 818 1260 8619 1063 1149 8620 1262 1144 8621 1121 1261 8622 1289 1259 8623 1116 1257 8624 818 1260 8625 1116 1257 8626 1290 1253 8627 1118 1180 8628 1261 1150 8629 1063 1149 8630 819 1262 8631 1062 1143 8632 1257 1170 8633 1078 1174 8634 1270 1206 8635 1095 1240 8636 819 1262 8637 1095 1240 8638 1289 1259 8639 1121 1261 8640 1262 1144 8641 1062 1143 8642 1109 1233 8643 1286 1232 8644 1124 1244 8645 820 1263 8646 1124 1244 8647 1291 1264 8648 820 1263 8649 1111 1766 8650 1282 1249 8651 1123 1265 8652 1291 1264 8653 1122 1266 8654 821 1267 8655 1122 1266 8656 1259 1165 8657 1065 1160 8658 1260 1159 8659 1060 1182 8660 1125 1243 8661 1277 1177 8662 1059 1176 8663 822 1268 8664 1059 1176 8665 1258 1269 8666 1066 1166 8667 1259 1165 8668 1122 1266 8669 822 1268 8670 1122 1266 8671 1291 1264 8672 823 1270 8673 1051 1117 8674 1254 1125 8675 824 1272 8676 1054 1124 8677 1256 1123 8678 1126 1271 8679 1254 1125 8680 1054 1124 8681 1292 1274 8682 1375 1281 8683 1540 1275 8684 1292 1274 8685 1376 1276 8686 1541 1277 8687 1377 1278 8688 1543 1304 8689 1378 1279 8690 1292 1274 8691 1378 1279 8692 1542 1280 8693 1293 1282 8694 1382 1286 8695 1579 1283 8696 1385 1284 8697 1580 1298 8698 1380 1285 8699 1380 1285 8700 1541 1277 8701 1376 1276 8702 1376 1276 8703 1540 1275 8704 1382 1286 8705 1294 1287 8706 1387 1293 8707 1545 1288 8708 1389 1289 8709 1583 1300 8710 1386 1290 8711 1294 1287 8712 1386 1290 8713 1581 1291 8714 1383 1292 8715 1544 1349 8716 1387 1293 8717 1375 1281 8718 1542 1280 8719 1379 1294 8720 1295 1295 8721 1379 1294 8722 1577 787 8723 1384 1296 8724 1579 1283 8725 1382 1286 8726 1295 1295 8727 1382 1286 8728 1540 1275 8729 1296 1297 8730 1381 1301 8731 1541 1277 8732 1296 1297 8733 1380 1285 8734 1580 1298 8735 1296 1297 8736 1388 1299 8737 1583 1300 8738 1296 1297 8739 1389 1289 8740 1545 1288 8741 1377 1278 8742 1541 1277 8743 1381 1301 8744 1297 1302 8745 1381 1301 8746 1545 1288 8747 1387 1293 8748 1544 1349 8749 1390 1303 8750 1297 1302 8751 1390 1303 8752 1543 1304 8753 1407 1305 8754 1596 1328 8755 1391 1306 8756 1298 1307 8757 1391 1306 8758 1548 1308 8759 1399 1309 8760 1547 1317 8761 1394 1310 8762 1298 1307 8763 1394 1310 8764 1600 1311 8765 1299 1312 8766 1397 1342 8767 1546 1313 8768 1396 1314 8769 1593 1344 8770 1400 1315 8771 1300 1316 8772 1406 1321 8773 1547 1317 8774 1399 1309 8775 1548 1308 8776 1410 1318 8777 1300 1316 8778 1410 1318 8779 1549 1319 8780 1398 1320 8781 1550 1323 8782 1406 1321 8783 1301 1322 8784 1408 1326 8785 1550 1323 8786 1398 1320 8787 1549 1319 8788 1402 1324 8789 1402 1324 8790 1551 1345 8791 1411 1325 8792 1301 1322 8793 1411 1325 8794 1546 1313 8795 1302 1327 8796 1410 1318 8797 1548 1308 8798 1302 1327 8799 1391 1306 8800 1596 1328 8801 1302 1327 8802 1409 1329 8803 1598 1330 8804 1401 1331 8805 1549 1319 8806 1410 1318 8807 1303 1332 8808 1402 1324 8809 1549 1319 8810 1401 1331 8811 1598 1330 8812 1393 1333 8813 1303 1332 8814 1393 1333 8815 1601 1334 8816 1395 1335 8817 1551 1345 8818 1402 1324 8819 1392 1336 8820 1600 1311 8821 1394 1310 8822 1304 1337 8823 1394 1310 8824 1547 1317 8825 1403 1338 8826 1547 1317 8827 1406 1321 8828 1305 1339 8829 1406 1321 8830 1550 1323 8831 1405 1340 8832 1550 1323 8833 1408 1326 8834 1408 1326 8835 1546 1313 8836 1397 1342 8837 1307 1343 8838 1404 1346 8839 1593 1344 8840 1396 1314 8841 1546 1313 8842 1411 1325 8843 1307 1343 8844 1411 1325 8845 1551 1345 8846 1395 1335 8847 1601 1334 8848 1404 1346 8849 1412 787 8850 1577 787 8851 1379 1294 8852 1308 1294 8853 1379 1294 8854 1542 1280 8855 1414 1347 8856 1543 1304 8857 1390 1303 8858 1309 1348 8859 1390 1303 8860 1544 1349 8861 1413 1280 8862 1542 1280 8863 1378 1279 8864 1310 1351 8865 1378 1279 8866 1543 1304 8867 1415 1350 8868 1544 1349 8869 1383 1292 8870 1383 1292 8871 1581 1291 8872 1416 1353 8873 1312 1354 8874 1426 1362 8875 1552 1355 8876 1312 1354 8877 1423 1356 8878 1554 1357 8879 1312 1354 8880 1443 1358 8881 1556 1359 8882 1312 1354 8883 1422 1360 8884 1553 1361 8885 1313 1363 8886 1436 1368 8887 1553 1361 8888 1313 1363 8889 1422 1360 8890 1556 1359 8891 1313 1363 8892 1431 1364 8893 1568 1365 8894 1313 1363 8895 1444 1366 8896 1565 1367 8897 1314 1369 8898 1443 1358 8899 1554 1357 8900 1417 1370 8901 1555 1398 8902 1442 1371 8903 1314 1369 8904 1442 1371 8905 1557 1372 8906 1430 1373 8907 1556 1359 8908 1443 1358 8909 1442 1371 8910 1555 1398 8911 1441 1374 8912 1315 1375 8913 1441 1374 8914 1558 1376 8915 1429 1377 8916 1560 1392 8917 1428 1378 8918 1315 1375 8919 1428 1378 8920 1557 1372 8921 1431 1364 8922 1556 1359 8923 1430 1373 8924 1316 1379 8925 1430 1373 8926 1557 1372 8927 1419 1380 8928 1567 1408 8929 1421 1381 8930 1316 1379 8931 1421 1381 8932 1568 1365 8933 1317 1382 8934 1419 1380 8935 1557 1372 8936 1428 1378 8937 1560 1392 8938 1425 1383 8939 1317 1382 8940 1425 1383 8941 1566 1384 8942 1420 1385 8943 1567 1408 8944 1419 1380 8945 1318 1386 8946 1429 1377 8947 1558 1376 8948 1318 1386 8949 1434 1387 8950 1559 1388 8951 1318 1386 8952 1427 1389 8953 1561 1390 8954 1318 1386 8955 1439 1391 8956 1560 1392 8957 1319 1393 8958 1425 1383 8959 1560 1392 8960 1319 1393 8961 1439 1391 8962 1561 1390 8963 1319 1393 8964 1438 1394 8965 1563 1395 8966 1319 1393 8967 1433 1396 8968 1566 1384 8969 1320 1397 8970 1434 1387 8971 1558 1376 8972 1320 1397 8973 1441 1374 8974 1555 1398 8975 1320 1397 8976 1418 1399 8977 1562 1400 8978 1424 1401 8979 1559 1388 8980 1434 1387 8981 1321 1402 8982 1418 1399 8983 1555 1398 8984 1321 1402 8985 1417 1370 8986 1554 1357 8987 1423 1356 8988 1552 1355 8989 1437 1403 8990 1321 1402 8991 1437 1403 8992 1562 1400 8993 1433 1396 8994 1563 1395 8995 1440 1404 8996 1322 1405 8997 1440 1404 8998 1564 1406 8999 1322 1405 9000 1435 1407 9001 1567 1408 9002 1322 1405 9003 1420 1385 9004 1566 1384 9005 1323 1409 9006 1435 1407 9007 1564 1406 9008 1432 1410 9009 1565 1367 9010 1444 1366 9011 1323 1409 9012 1444 1366 9013 1568 1365 9014 1323 1409 9015 1421 1381 9016 1567 1408 9017 1324 1411 9018 1447 1426 9019 1569 1412 9020 1446 1413 9021 1621 1416 9022 1448 1414 9023 1325 1415 9024 1449 1420 9025 1621 1416 9026 1446 1413 9027 1569 1412 9028 1450 1417 9029 1325 1415 9030 1450 1417 9031 1570 1418 9032 1445 1419 9033 1622 1430 9034 1449 1420 9035 1454 1421 9036 1570 1418 9037 1450 1417 9038 1326 1422 9039 1450 1417 9040 1569 1412 9041 1326 1422 9042 1455 1423 9043 1571 1424 9044 1453 1425 9045 1572 1436 9046 1454 1421 9047 1455 1423 9048 1569 1412 9049 1447 1426 9050 1452 1428 9051 1571 1424 9052 1455 1423 9053 1328 1429 9054 1456 1433 9055 1622 1430 9056 1445 1419 9057 1570 1418 9058 1454 1421 9059 1454 1421 9060 1572 1436 9061 1451 1431 9062 1328 1429 9063 1451 1431 9064 1625 1432 9065 1457 1434 9066 1625 1432 9067 1451 1431 9068 1329 1435 9069 1451 1431 9070 1572 1436 9071 1453 1425 9072 1571 1424 9073 1458 1437 9074 1329 1435 9075 1458 1437 9076 1627 1438 9077 1459 1439 9078 1627 1438 9079 1458 1437 9080 1330 1440 9081 1458 1437 9082 1571 1424 9083 1331 1441 9084 1461 1448 9085 1573 1442 9086 1331 1441 9087 1460 1443 9088 1575 1444 9089 1463 1445 9090 1576 1462 9091 1462 1446 9092 1331 1441 9093 1462 1446 9094 1574 1447 9095 1332 1449 9096 1385 1284 9097 1579 1283 9098 1467 1450 9099 1573 1442 9100 1461 1448 9101 1461 1448 9102 1574 1447 9103 1465 1451 9104 1465 1451 9105 1580 1298 9106 1385 1284 9107 1333 1452 9108 1470 1456 9109 1582 1453 9110 1469 1454 9111 1578 1522 9112 1468 1455 9113 1333 1452 9114 1468 1455 9115 1581 1291 9116 1386 1290 9117 1583 1300 9118 1470 1456 9119 1464 1457 9120 1575 1444 9121 1460 1443 9122 1334 1458 9123 1460 1443 9124 1573 1442 9125 1467 1450 9126 1579 1283 9127 1384 1296 9128 1334 1458 9129 1384 1296 9130 1577 787 9131 1335 1459 9132 1465 1451 9133 1574 1447 9134 1335 1459 9135 1466 1460 9136 1582 1453 9137 1335 1459 9138 1470 1456 9139 1583 1300 9140 1335 1459 9141 1388 1299 9142 1580 1298 9143 1466 1460 9144 1574 1447 9145 1462 1446 9146 1336 1461 9147 1462 1446 9148 1576 1462 9149 1471 1463 9150 1578 1522 9151 1469 1454 9152 1336 1461 9153 1469 1454 9154 1582 1453 9155 1473 1464 9156 1584 1481 9157 1472 1465 9158 1472 1465 9159 1586 1484 9160 1475 1467 9161 1337 1466 9162 1475 1467 9163 1587 1468 9164 1337 1466 9165 1474 1469 9166 1585 1470 9167 1478 1471 9168 1590 1485 9169 1479 1472 9170 1479 1472 9171 1588 1479 9172 1481 1474 9173 1338 1473 9174 1481 1474 9175 1589 1475 9176 1338 1473 9177 1480 1476 9178 1591 1477 9179 1339 1478 9180 1481 1474 9181 1588 1479 9182 1339 1478 9183 1482 1480 9184 1584 1481 9185 1339 1478 9186 1473 1464 9187 1585 1470 9188 1339 1478 9189 1483 1482 9190 1589 1475 9191 1340 1483 9192 1476 1486 9193 1586 1484 9194 1340 1483 9195 1472 1465 9196 1584 1481 9197 1340 1483 9198 1482 1480 9199 1588 1479 9200 1340 1483 9201 1479 1472 9202 1590 1485 9203 1477 1487 9204 1591 1477 9205 1480 1476 9206 1341 1488 9207 1480 1476 9208 1589 1475 9209 1341 1488 9210 1483 1482 9211 1585 1470 9212 1474 1469 9213 1587 1468 9214 1477 1487 9215 1484 1489 9216 1596 1328 9217 1407 1305 9218 1342 1490 9219 1407 1305 9220 1600 1311 9221 1485 1491 9222 1594 1499 9223 1490 1492 9224 1342 1490 9225 1490 1492 9226 1595 1493 9227 1400 1315 9228 1593 1344 9229 1487 1494 9230 1343 1495 9231 1487 1494 9232 1592 1496 9233 1344 1498 9234 1490 1492 9235 1594 1499 9236 1495 1500 9237 1599 1505 9238 1489 1501 9239 1344 1498 9240 1489 1501 9241 1597 1502 9242 1497 1503 9243 1595 1493 9244 1490 1492 9245 1345 1504 9246 1489 1501 9247 1599 1505 9248 1345 1504 9249 1496 1506 9250 1592 1496 9251 1498 1507 9252 1602 1519 9253 1492 1508 9254 1492 1508 9255 1597 1502 9256 1489 1501 9257 1346 1509 9258 1484 1489 9259 1595 1493 9260 1497 1503 9261 1597 1502 9262 1491 1510 9263 1346 1509 9264 1491 1510 9265 1598 1330 9266 1346 1509 9267 1409 1329 9268 1596 1328 9269 1347 1511 9270 1491 1510 9271 1597 1502 9272 1492 1508 9273 1602 1519 9274 1486 1512 9275 1347 1511 9276 1486 1512 9277 1601 1334 9278 1393 1333 9279 1598 1330 9280 1491 1510 9281 1485 1491 9282 1600 1311 9283 1392 1336 9284 1348 1513 9285 1493 1515 9286 1594 1499 9287 1349 1514 9288 1494 1517 9289 1599 1505 9290 1495 1500 9291 1594 1499 9292 1493 1515 9293 1488 1497 9294 1592 1496 9295 1496 1506 9296 1496 1506 9297 1599 1505 9298 1494 1517 9299 1351 1518 9300 1487 1494 9301 1593 1344 9302 1404 1346 9303 1601 1334 9304 1486 1512 9305 1351 1518 9306 1486 1512 9307 1602 1519 9308 1498 1507 9309 1592 1496 9310 1487 1494 9311 1464 1457 9312 1577 787 9313 1412 787 9314 1352 1457 9315 1499 1444 9316 1575 1444 9317 1471 1463 9318 1576 1462 9319 1500 1520 9320 1353 1521 9321 1501 1524 9322 1578 1522 9323 1463 1445 9324 1575 1444 9325 1499 1444 9326 1354 1523 9327 1500 1520 9328 1576 1462 9329 1468 1455 9330 1578 1522 9331 1501 1524 9332 1416 1353 9333 1581 1291 9334 1468 1455 9335 1356 1526 9336 1508 1534 9337 1603 1527 9338 1356 1526 9339 1511 1528 9340 1604 1529 9341 1356 1526 9342 1507 1530 9343 1607 1531 9344 1356 1526 9345 1528 1532 9346 1605 1533 9347 1357 1535 9348 1507 1530 9349 1604 1529 9350 1357 1535 9351 1521 1536 9352 1616 1537 9353 1357 1535 9354 1529 1538 9355 1619 1539 9356 1357 1535 9357 1516 1540 9358 1607 1531 9359 1358 1541 9360 1502 1545 9361 1605 1533 9362 1528 1532 9363 1607 1531 9364 1515 1542 9365 1358 1541 9366 1515 1542 9367 1608 1543 9368 1527 1544 9369 1606 1573 9370 1502 1545 9371 1526 1546 9372 1606 1573 9373 1527 1544 9374 1359 1547 9375 1527 1544 9376 1608 1543 9377 1513 1548 9378 1611 1559 9379 1514 1549 9380 1359 1547 9381 1514 1549 9382 1609 1550 9383 1515 1542 9384 1607 1531 9385 1516 1540 9386 1360 1551 9387 1516 1540 9388 1619 1539 9389 1506 1552 9390 1618 1578 9391 1504 1553 9392 1360 1551 9393 1504 1553 9394 1608 1543 9395 1361 1554 9396 1513 1548 9397 1608 1543 9398 1504 1553 9399 1618 1578 9400 1505 1555 9401 1361 1554 9402 1505 1555 9403 1617 1556 9404 1510 1557 9405 1611 1559 9406 1513 1548 9407 1362 1558 9408 1519 1564 9409 1609 1550 9410 1362 1558 9411 1514 1549 9412 1611 1559 9413 1362 1558 9414 1524 1560 9415 1612 1561 9416 1362 1558 9417 1512 1562 9418 1610 1563 9419 1363 1565 9420 1524 1560 9421 1611 1559 9422 1363 1565 9423 1510 1557 9424 1617 1556 9425 1363 1565 9426 1518 1566 9427 1614 1567 9428 1363 1565 9429 1523 1568 9430 1612 1561 9431 1364 1569 9432 1526 1546 9433 1609 1550 9434 1519 1564 9435 1610 1563 9436 1509 1570 9437 1364 1569 9438 1509 1570 9439 1613 1571 9440 1364 1569 9441 1503 1572 9442 1606 1573 9443 1365 1574 9444 1502 1545 9445 1606 1573 9446 1365 1574 9447 1503 1572 9448 1613 1571 9449 1522 1575 9450 1603 1527 9451 1508 1534 9452 1365 1574 9453 1508 1534 9454 1605 1533 9455 1525 1576 9456 1614 1567 9457 1518 1566 9458 1366 1577 9459 1518 1566 9460 1617 1556 9461 1366 1577 9462 1505 1555 9463 1618 1578 9464 1366 1577 9465 1520 1579 9466 1615 1580 9467 1367 1581 9468 1517 1582 9469 1615 1580 9470 1367 1581 9471 1520 1579 9472 1618 1578 9473 1367 1581 9474 1506 1552 9475 1619 1539 9476 1529 1538 9477 1616 1537 9478 1517 1582 9479 1448 1414 9480 1621 1416 9481 1531 1583 9482 1368 1584 9483 1531 1583 9484 1620 1585 9485 1369 1587 9486 1531 1583 9487 1621 1416 9488 1449 1420 9489 1622 1430 9490 1530 1588 9491 1369 1587 9492 1530 1588 9493 1623 1589 9494 1533 1590 9495 1620 1585 9496 1531 1583 9497 1533 1590 9498 1623 1589 9499 1537 1591 9500 1537 1591 9501 1626 1602 9502 1536 1593 9503 1370 1592 9504 1536 1593 9505 1624 1594 9506 1370 1592 9507 1538 1595 9508 1620 1585 9509 1532 1586 9510 1620 1585 9511 1538 1595 9512 1538 1595 9513 1624 1594 9514 1535 1597 9515 1372 1598 9516 1530 1588 9517 1622 1430 9518 1372 1598 9519 1456 1433 9520 1625 1432 9521 1534 1599 9522 1626 1602 9523 1537 1591 9524 1537 1591 9525 1623 1589 9526 1530 1588 9527 1534 1599 9528 1625 1432 9529 1457 1434 9530 1373 1600 9531 1457 1434 9532 1627 1438 9533 1539 1601 9534 1624 1594 9535 1536 1593 9536 1373 1600 9537 1536 1593 9538 1626 1602 9539 1374 1603 9540 1535 1597 9541 1624 1594 9542 1539 1601 9543 1627 1438 9544 1459 1439 9545 1686 1604 9546 1740 1655 9547 1676 1605 9548 1676 1605 9549 1741 1611 9550 1671 1607 9551 1671 1607 9552 1749 1666 9553 1700 1608 9554 1628 1606 9555 1700 1608 9556 1748 1609 9557 1629 1610 9558 1671 1607 9559 1741 1611 9560 1675 1612 9561 1742 1617 9562 1674 1613 9563 1629 1610 9564 1674 1613 9565 1750 1614 9566 1688 1615 9567 1749 1666 9568 1671 1607 9569 1630 1616 9570 1674 1613 9571 1742 1617 9572 1692 1618 9573 1743 1623 9574 1690 1619 9575 1630 1616 9576 1690 1619 9577 1753 1620 9578 1630 1616 9579 1687 1621 9580 1750 1614 9581 1631 1622 9582 1690 1619 9583 1743 1623 9584 1631 1622 9585 1677 1624 9586 1744 1625 9587 1631 1622 9588 1683 1626 9589 1756 1627 9590 1701 1628 9591 1753 1620 9592 1690 1619 9593 1632 1629 9594 1694 1647 9595 1742 1617 9596 1675 1612 9597 1741 1611 9598 1699 1630 9599 1678 1631 9600 1745 1636 9601 1682 1632 9602 1633 1633 9603 1682 1632 9604 1744 1625 9605 1683 1626 9606 1744 1625 9607 1682 1632 9608 1634 1635 9609 1682 1632 9610 1745 1636 9611 1670 1637 9612 1755 1675 9613 1673 1638 9614 1634 1635 9615 1673 1638 9616 1756 1627 9617 1670 1637 9618 1745 1636 9619 1681 1639 9620 1681 1639 9621 1746 1659 9622 1680 1641 9623 1635 1640 9624 1680 1641 9625 1754 1642 9626 1672 1643 9627 1755 1675 9628 1670 1637 9629 1693 1634 9630 1744 1625 9631 1677 1624 9632 1677 1624 9633 1743 1623 9634 1698 1645 9635 1637 1646 9636 1698 1645 9637 1743 1623 9638 1692 1618 9639 1742 1617 9640 1694 1647 9641 1680 1641 9642 1746 1659 9643 1695 1648 9644 1638 1649 9645 1695 1648 9646 1747 1650 9647 1691 1651 9648 1751 1669 9649 1685 1652 9650 1638 1649 9651 1685 1652 9652 1754 1642 9653 1691 1651 9654 1747 1650 9655 1703 1653 9656 1639 1654 9657 1703 1653 9658 1740 1655 9659 1639 1654 9660 1686 1604 9661 1748 1609 9662 1702 1656 9663 1751 1669 9664 1691 1651 9665 1668 1657 9666 1747 1650 9667 1695 1648 9668 1640 1658 9669 1695 1648 9670 1746 1659 9671 1641 1661 9672 1699 1630 9673 1741 1611 9674 1676 1605 9675 1740 1655 9676 1669 1662 9677 1642 1663 9678 1669 1662 9679 1740 1655 9680 1642 1663 9681 1703 1653 9682 1747 1650 9683 1679 1660 9684 1746 1659 9685 1681 1639 9686 1643 1664 9687 1681 1639 9688 1745 1636 9689 1702 1656 9690 1748 1609 9691 1700 1608 9692 1644 1665 9693 1700 1608 9694 1749 1666 9695 1697 1667 9696 1752 1673 9697 1696 1668 9698 1644 1665 9699 1696 1668 9700 1751 1669 9701 1645 1670 9702 1697 1667 9703 1749 1666 9704 1688 1615 9705 1750 1614 9706 1687 1621 9707 1645 1670 9708 1687 1621 9709 1753 1620 9710 1684 1671 9711 1752 1673 9712 1697 1667 9713 1646 1672 9714 1685 1652 9715 1751 1669 9716 1646 1672 9717 1696 1668 9718 1752 1673 9719 1646 1672 9720 1689 1674 9721 1755 1675 9722 1672 1643 9723 1754 1642 9724 1685 1652 9725 1689 1674 9726 1752 1673 9727 1684 1671 9728 1647 1676 9729 1684 1671 9730 1753 1620 9731 1701 1628 9732 1756 1627 9733 1673 1638 9734 1647 1676 9735 1673 1638 9736 1755 1675 9737 1712 1677 9738 1757 1729 9739 1722 1678 9740 1648 1679 9741 1722 1678 9742 1765 1680 9743 1736 1681 9744 1766 1742 9745 1707 1682 9746 1707 1682 9747 1758 1684 9748 1712 1677 9749 1649 1683 9750 1711 1688 9751 1758 1684 9752 1707 1682 9753 1766 1742 9754 1724 1685 9755 1649 1683 9756 1724 1685 9757 1767 1686 9758 1710 1687 9759 1759 1690 9760 1711 1688 9761 1650 1689 9762 1728 1694 9763 1759 1690 9764 1650 1689 9765 1710 1687 9766 1767 1686 9767 1650 1689 9768 1723 1691 9769 1770 1692 9770 1726 1693 9771 1760 1696 9772 1728 1694 9773 1651 1695 9774 1713 1701 9775 1760 1696 9776 1726 1693 9777 1770 1692 9778 1737 1697 9779 1651 1695 9780 1737 1697 9781 1773 1698 9782 1651 1695 9783 1719 1699 9784 1761 1700 9785 1652 1702 9786 1711 1688 9787 1759 1690 9788 1735 1704 9789 1758 1684 9790 1711 1688 9791 1718 1705 9792 1762 1711 9793 1714 1706 9794 1653 1707 9795 1729 1717 9796 1761 1700 9797 1718 1705 9798 1761 1700 9799 1719 1699 9800 1654 1708 9801 1719 1699 9802 1773 1698 9803 1709 1709 9804 1772 1746 9805 1706 1710 9806 1654 1708 9807 1706 1710 9808 1762 1711 9809 1717 1712 9810 1762 1711 9811 1706 1710 9812 1706 1710 9813 1772 1746 9814 1708 1714 9815 1655 1713 9816 1708 1714 9817 1771 1715 9818 1716 1716 9819 1763 1732 9820 1717 1712 9821 1713 1701 9822 1761 1700 9823 1729 1717 9824 1734 1719 9825 1760 1696 9826 1713 1701 9827 1657 1720 9828 1728 1694 9829 1760 1696 9830 1730 1703 9831 1759 1690 9832 1728 1694 9833 1731 1721 9834 1763 1732 9835 1716 1716 9836 1658 1722 9837 1716 1716 9838 1771 1715 9839 1721 1723 9840 1768 1739 9841 1727 1724 9842 1658 1722 9843 1727 1724 9844 1764 1725 9845 1739 1726 9846 1764 1725 9847 1727 1724 9848 1727 1724 9849 1768 1739 9850 1738 1728 9851 1659 1727 9852 1738 1728 9853 1765 1680 9854 1659 1727 9855 1722 1678 9856 1757 1729 9857 1731 1721 9858 1764 1725 9859 1704 1730 9860 1660 1731 9861 1715 1736 9862 1763 1732 9863 1661 1733 9864 1712 1677 9865 1758 1684 9866 1705 1734 9867 1757 1729 9868 1712 1677 9869 1662 1735 9870 1739 1726 9871 1757 1729 9872 1662 1735 9873 1704 1730 9874 1764 1725 9875 1717 1712 9876 1763 1732 9877 1715 1736 9878 1663 1737 9879 1714 1706 9880 1762 1711 9881 1736 1681 9882 1765 1680 9883 1738 1728 9884 1664 1738 9885 1738 1728 9886 1768 1739 9887 1732 1740 9888 1769 1748 9889 1733 1741 9890 1664 1738 9891 1733 1741 9892 1766 1742 9893 1665 1743 9894 1724 1685 9895 1766 1742 9896 1733 1741 9897 1769 1748 9898 1720 1744 9899 1665 1743 9900 1720 1744 9901 1770 1692 9902 1723 1691 9903 1767 1686 9904 1724 1685 9905 1666 1745 9906 1732 1740 9907 1768 1739 9908 1721 1723 9909 1771 1715 9910 1708 1714 9911 1666 1745 9912 1708 1714 9913 1772 1746 9914 1666 1745 9915 1725 1747 9916 1769 1748 9917 1720 1744 9918 1769 1748 9919 1725 1747 9920 1667 1749 9921 1725 1747 9922 1772 1746 9923 1709 1709 9924 1773 1698 9925 1737 1697 9926 1667 1749 9927 1737 1697 9928 1770 1692 9929</p>
        </triangles>
      </mesh>
    </geometry>
  </library_geometries>
  <library_controllers/>
  <library_visual_scenes>
    <visual_scene id="Scene" name="Scene">
      <node id="FatHusky" name="FatHusky" type="NODE">
        <matrix sid="transform">1 0 0 0 0 1 0 0 0 0 1 0 0 0 0 1</matrix>
        <instance_geometry url="#Roundcube-mesh" name="FatHusky">
          <bind_material>
            <technique_common>
              <instance_material symbol="Material-material" target="#Material-material"/>
            </technique_common>
          </bind_material>
        </instance_geometry>
      </node>
    </visual_scene>
  </library_visual_scenes>
  <scene>
    <instance_visual_scene url="#Scene"/>
  </scene>
</COLLADA>